cue,switch_bfstm,vita_dpk_index,orig_candidate,switch_dur,vita_dur,similarity,dur_ratio,verdict
02_01_N,02_01_N.dspadpcm.bfstm,0,1,0.569,0.576,0.958,0.988,confirmed
02_02_N,02_02_N.dspadpcm.bfstm,1,3,1.044,0.576,0.748,0.552,confirmed
02_03_E,02_03_E.dspadpcm.bfstm,4,4,22.2,22.101,0.701,0.996,confirmed
02_03_N,02_03_N.dspadpcm.bfstm,5,5,22.2,22.101,0.825,0.996,confirmed
02_04_N,02_04_N.dspadpcm.bfstm,7,7,2.026,2.048,0.678,0.989,confirmed
02_05_N,02_05_N.dspadpcm.bfstm,9,9,2.923,2.837,0.831,0.971,confirmed
02_06_E,02_06_E.dspadpcm.bfstm,10,10,1.211,1.472,0.603,0.823,confirmed
02_06_N,02_06_N.dspadpcm.bfstm,11,11,1.211,1.472,0.603,0.823,confirmed
02_07_N,02_07_N.dspadpcm.bfstm,12,13,1.76,1.856,0.612,0.948,confirmed
02_08_N,02_08_N.dspadpcm.bfstm,15,15,2.082,2.24,0.605,0.929,confirmed
03_01_E,03_01_E.dspadpcm.bfstm,16,16,3.989,3.669,0.782,0.92,confirmed
03_02_E,03_02_E.dspadpcm.bfstm,18,18,2.375,2.24,0.655,0.943,confirmed
03_03_E,03_03_E.dspadpcm.bfstm,20,20,2.074,1.963,0.783,0.946,confirmed
03_04_E,03_04_E.dspadpcm.bfstm,22,22,1.054,1.067,,0.988,no-speech-durmatch
03_05_E,03_05_E.dspadpcm.bfstm,24,24,3.75,3.477,,0.927,no-speech-durmatch
03_06_E,03_06_E.dspadpcm.bfstm,27,26,4.359,2.645,0.59,0.607,confirmed
03_07_E,03_07_E.dspadpcm.bfstm,28,28,1.422,1.707,0.561,0.833,confirmed
03_08_E,03_08_E.dspadpcm.bfstm,30,30,5.79,5.419,0.642,0.936,confirmed
03_09_E,03_09_E.dspadpcm.bfstm,32,32,2.478,3.008,0.58,0.824,confirmed
03_10_E,03_10_E.dspadpcm.bfstm,34,34,5.002,5.205,0.55,0.961,confirmed
03_11_N,03_11_N.dspadpcm.bfstm,37,37,3.118,2.923,0.705,0.937,confirmed
03_12_N,03_12_N.dspadpcm.bfstm,38,39,1.635,1.536,0.748,0.939,confirmed
03_13_N,03_13_N.dspadpcm.bfstm,41,41,1.279,1.28,0.712,0.999,confirmed
03_14_N,03_14_N.dspadpcm.bfstm,42,43,4.592,4.096,0.701,0.892,confirmed
03_15_N,03_15_N.dspadpcm.bfstm,45,45,2.133,1.579,0.845,0.74,confirmed
03_16_N,03_16_N.dspadpcm.bfstm,47,47,1.543,1.259,0.779,0.816,confirmed
04_02_E,04_02_E.dspadpcm.bfstm,53,52,5.036,5.013,0.745,0.995,confirmed
04_03_E,04_03_E.dspadpcm.bfstm,54,54,10.837,9.92,0.734,0.915,confirmed
04_04_E,04_04_E.dspadpcm.bfstm,56,56,4.246,4.267,0.675,0.995,confirmed
04_05_E,04_05_E.dspadpcm.bfstm,58,58,2.531,1.941,0.677,0.767,confirmed
04_06_E,04_06_E.dspadpcm.bfstm,59,60,2.018,1.941,,0.962,no-speech-durmatch
04_07_E,04_07_E.dspadpcm.bfstm,64,62,2.234,2.261,,0.988,no-speech-durmatch
04_08_E,04_08_E.dspadpcm.bfstm,65,64,2.291,2.261,0.446,0.987,low-confidence
04_09_E,04_09_E.dspadpcm.bfstm,66,66,3.929,3.776,,0.961,no-speech-durmatch
04_10_E,04_10_E.dspadpcm.bfstm,68,68,7.025,7.531,0.723,0.933,confirmed
04_11_E,04_11_E.dspadpcm.bfstm,70,70,3.602,3.904,,0.923,no-speech-durmatch
05_02_E,05_02_E.dspadpcm.bfstm,74,76,2.427,2.261,,0.932,no-speech-durmatch
05_02_N,05_02_N.dspadpcm.bfstm,76,77,2.427,2.005,0.403,0.826,low-confidence
05_03_E,05_03_E.dspadpcm.bfstm,78,78,4.277,3.285,0.699,0.768,confirmed
05_03_N,05_03_N.dspadpcm.bfstm,79,79,4.277,3.285,0.83,0.768,confirmed
05_04_E,05_04_E.dspadpcm.bfstm,80,80,1.968,1.387,,0.705,no-speech-nomatch
05_04_N,05_04_N.dspadpcm.bfstm,81,81,1.968,1.323,0.776,0.672,confirmed
05_08_N,05_08_N.dspadpcm.bfstm,88,89,3.8,3.499,0.866,0.921,confirmed
05_09_N,05_09_N.dspadpcm.bfstm,91,91,1.613,1.664,0.732,0.969,confirmed
05_10_N,05_10_N.dspadpcm.bfstm,98,93,2.287,3.2,0.45,0.715,confirmed
05_14_N,05_14_N.dspadpcm.bfstm,101,101,1.427,1.835,0.755,0.778,confirmed
05_15_E,05_15_E.dspadpcm.bfstm,103,102,4.066,1.771,0.496,0.436,no-match
05_16_N,05_16_N.dspadpcm.bfstm,104,105,2.538,2.581,0.641,0.983,confirmed
05_17_N,05_17_N.dspadpcm.bfstm,107,107,2.299,2.539,0.706,0.905,confirmed
05_18_N,05_18_N.dspadpcm.bfstm,110,109,1.509,2.859,0.676,0.528,confirmed
06_01_1_N,06_01_1_N.dspadpcm.bfstm,111,111,1.384,1.408,0.541,0.983,confirmed
06_01_E,06_01_E.dspadpcm.bfstm,112,114,3.88,2.475,0.493,0.638,confirmed
06_01_N,06_01_N.dspadpcm.bfstm,115,115,2.652,2.667,0.739,0.994,confirmed
06_02_E,06_02_E.dspadpcm.bfstm,116,116,5.887,6.208,0.631,0.948,confirmed
06_05_E,06_05_E.dspadpcm.bfstm,122,122,8.3,8.277,0.839,0.997,confirmed
06_06_E,06_06_E.dspadpcm.bfstm,125,124,4.393,4.544,,0.967,no-speech-durmatch
06_07_E,06_07_E.dspadpcm.bfstm,126,126,5.4,5.909,0.316,0.914,low-confidence
06_08_E,06_08_E.dspadpcm.bfstm,129,128,0.844,1.024,,0.824,no-speech-durmatch
06_09_E,06_09_E.dspadpcm.bfstm,131,130,4.914,5.419,0.85,0.907,confirmed
06_10_E,06_10_E.dspadpcm.bfstm,132,132,0.836,0.896,,0.933,no-speech-durmatch
06_10_N,06_10_N.dspadpcm.bfstm,133,133,0.836,0.896,0.784,0.933,confirmed
06_11_E,06_11_E.dspadpcm.bfstm,136,134,0.68,2.88,0.412,0.236,no-match
06_12_E,06_12_E.dspadpcm.bfstm,137,136,2.87,2.88,0.767,0.997,confirmed
07_01_N,07_01_N.dspadpcm.bfstm,139,139,19.071,19.947,0.828,0.956,confirmed
07_02_E,07_02_E.dspadpcm.bfstm,140,140,3.952,4.309,0.725,0.917,confirmed
07_03_E,07_03_E.dspadpcm.bfstm,142,142,6.436,6.379,0.831,0.991,confirmed
07_04_E,07_04_E.dspadpcm.bfstm,145,144,5.9,6.144,0.691,0.96,confirmed
07_05_E,07_05_E.dspadpcm.bfstm,146,146,3.573,4.117,0.53,0.868,confirmed
07_06_1_E,07_06_1_E.dspadpcm.bfstm,147,148,1.312,4.117,0.403,0.319,no-match
07_06_1_N,07_06_1_N.dspadpcm.bfstm,149,149,1.312,1.323,0.634,0.992,confirmed
07_06_2_E,07_06_2_E.dspadpcm.bfstm,150,150,2.179,2.197,,0.992,no-speech-durmatch
07_06_2_N,07_06_2_N.dspadpcm.bfstm,151,151,2.179,2.197,0.958,0.992,confirmed
07_06_E,07_06_E.dspadpcm.bfstm,154,152,4.09,4.203,0.34,0.973,low-confidence
08_02_E,08_02_E.dspadpcm.bfstm,163,162,2.403,2.752,0.588,0.873,confirmed
08_03_N,08_03_N.dspadpcm.bfstm,164,165,4.784,4.971,0.62,0.962,confirmed
08_04_N,08_04_N.dspadpcm.bfstm,166,167,1.132,1.152,0.841,0.983,confirmed
08_05_1_E,08_05_1_E.dspadpcm.bfstm,168,168,0.607,0.619,,0.981,no-speech-durmatch
08_05_1_N,08_05_1_N.dspadpcm.bfstm,169,169,0.607,0.619,,0.981,no-speech-durmatch
08_05_2_E,08_05_2_E.dspadpcm.bfstm,170,170,1.377,1.387,,0.993,no-speech-durmatch
08_05_2_N,08_05_2_N.dspadpcm.bfstm,171,171,1.377,1.387,,0.993,no-speech-durmatch
09_01_N,09_01_N.dspadpcm.bfstm,177,177,22.937,22.144,0.762,0.965,confirmed
09_02_N,09_02_N.dspadpcm.bfstm,178,179,30.469,26.837,0.651,0.881,confirmed
10_01_E,10_01_E.dspadpcm.bfstm,183,182,4.912,5.056,0.612,0.972,confirmed
10_02_E,10_02_E.dspadpcm.bfstm,184,184,7.224,8.064,0.69,0.896,confirmed
10_03_E,10_03_E.dspadpcm.bfstm,186,186,11.319,11.797,0.706,0.959,confirmed
10_04_E,10_04_E.dspadpcm.bfstm,188,188,12.688,12.949,0.564,0.98,confirmed
10_05_N,10_05_N.dspadpcm.bfstm,191,191,1.04,1.045,0.519,0.995,confirmed
10_06_N,10_06_N.dspadpcm.bfstm,192,193,0.899,1.152,0.632,0.78,confirmed
10_07_N,10_07_N.dspadpcm.bfstm,194,195,1.649,1.685,0.819,0.979,confirmed
11_01_E,11_01_E.dspadpcm.bfstm,196,196,6.985,8.0,0.71,0.873,confirmed
11_02_E,11_02_E.dspadpcm.bfstm,198,198,1.753,1.835,0.849,0.955,confirmed
11_03_E,11_03_E.dspadpcm.bfstm,200,200,2.816,2.709,0.717,0.962,confirmed
11_04_E,11_04_E.dspadpcm.bfstm,202,202,5.244,5.035,0.898,0.96,confirmed
11_06_E,11_06_E.dspadpcm.bfstm,206,206,3.254,3.413,0.576,0.953,confirmed
11_07_E,11_07_E.dspadpcm.bfstm,209,208,3.242,3.712,0.816,0.873,confirmed
11_08_E,11_08_E.dspadpcm.bfstm,210,210,3.57,3.776,0.844,0.945,confirmed
11_09_N,11_09_N.dspadpcm.bfstm,213,213,3.007,3.221,0.889,0.934,confirmed
11_10_N,11_10_N.dspadpcm.bfstm,214,215,3.175,2.603,0.792,0.82,confirmed
11_11_N,11_11_N.dspadpcm.bfstm,216,217,3.24,2.24,0.83,0.691,confirmed
12_01_E,12_01_E.dspadpcm.bfstm,218,218,3.424,3.797,0.71,0.902,confirmed
12_03_E,12_03_E.dspadpcm.bfstm,222,222,4.886,4.587,0.695,0.939,confirmed
12_04_E,12_04_E.dspadpcm.bfstm,224,224,5.146,5.397,0.737,0.953,confirmed
12_05_E,12_05_E.dspadpcm.bfstm,226,226,1.796,1.771,0.566,0.986,confirmed
12_06_E,12_06_E.dspadpcm.bfstm,228,228,4.075,4.203,0.744,0.97,confirmed
12_07_E,12_07_E.dspadpcm.bfstm,230,230,2.037,1.984,0.5,0.974,confirmed
12_08_E,12_08_E.dspadpcm.bfstm,234,232,3.707,3.477,0.799,0.938,confirmed
12_10_E,12_10_E.dspadpcm.bfstm,237,236,3.723,3.84,0.726,0.97,confirmed
12_11_E,12_11_E.dspadpcm.bfstm,238,238,6.674,6.528,0.879,0.978,confirmed
12_12_E,12_12_E.dspadpcm.bfstm,240,240,3.027,3.435,0.733,0.881,confirmed
12_13_E,12_13_E.dspadpcm.bfstm,242,242,2.475,2.837,0.81,0.872,confirmed
12_14_E,12_14_E.dspadpcm.bfstm,245,244,2.024,2.603,0.734,0.778,confirmed
12_15_E,12_15_E.dspadpcm.bfstm,246,246,1.744,1.899,0.731,0.918,confirmed
13_01_E,13_01_E.dspadpcm.bfstm,250,248,2.188,2.88,0.631,0.76,confirmed
13_02_E,13_02_E.dspadpcm.bfstm,251,250,2.65,2.88,0.605,0.92,confirmed
13_04_E,13_04_E.dspadpcm.bfstm,254,254,6.782,6.677,0.631,0.985,confirmed
13_06_E,13_06_E.dspadpcm.bfstm,258,258,1.989,2.283,0.677,0.871,confirmed
13_07_E,13_07_E.dspadpcm.bfstm,259,260,2.073,2.283,0.518,0.908,confirmed
13_08_E,13_08_E.dspadpcm.bfstm,262,262,2.811,2.859,0.714,0.983,confirmed
13_09_E,13_09_E.dspadpcm.bfstm,264,264,1.345,1.707,0.86,0.788,confirmed
13_10_E,13_10_E.dspadpcm.bfstm,267,266,2.948,3.584,0.673,0.823,confirmed
13_11_E,13_11_E.dspadpcm.bfstm,269,268,1.234,1.173,0.516,0.951,confirmed
13_12_N,13_12_N.dspadpcm.bfstm,271,271,2.072,1.771,0.578,0.855,confirmed
14_01_E,14_01_E.dspadpcm.bfstm,272,272,1.856,2.475,0.588,0.75,confirmed
14_02_E,14_02_E.dspadpcm.bfstm,274,274,2.87,2.837,0.454,0.989,confirmed
14_03_E,14_03_E.dspadpcm.bfstm,276,276,3.659,3.029,0.536,0.828,confirmed
14_04_E,14_04_E.dspadpcm.bfstm,279,278,0.471,0.555,0.792,0.849,confirmed
14_05_E,14_05_E.dspadpcm.bfstm,280,280,6.644,6.955,0.767,0.955,confirmed
14_06_N,14_06_N.dspadpcm.bfstm,283,283,3.104,2.837,0.794,0.914,confirmed
14_07_E,14_07_E.dspadpcm.bfstm,284,284,4.474,4.608,0.627,0.971,confirmed
14_08_E,14_08_E.dspadpcm.bfstm,286,286,3.532,3.755,0.467,0.941,confirmed
14_09_E,14_09_E.dspadpcm.bfstm,289,288,2.768,2.901,0.557,0.954,confirmed
14_10_E,14_10_E.dspadpcm.bfstm,290,290,5.157,5.056,0.736,0.98,confirmed
14_12_E,14_12_E.dspadpcm.bfstm,295,294,1.762,1.963,0.697,0.898,confirmed
14_13_E,14_13_E.dspadpcm.bfstm,296,296,3.451,3.52,0.813,0.98,confirmed
15_01_N,15_01_N.dspadpcm.bfstm,298,299,8.879,9.045,0.855,0.982,confirmed
15_02_N,15_02_N.dspadpcm.bfstm,301,301,6.63,7.189,0.746,0.922,confirmed
15_03_N,15_03_N.dspadpcm.bfstm,302,303,4.48,4.779,0.762,0.937,confirmed
15_05_E,15_05_E.dspadpcm.bfstm,306,306,3.301,3.435,0.677,0.961,confirmed
15_06_E,15_06_E.dspadpcm.bfstm,308,308,2.514,2.859,0.778,0.879,confirmed
15_07_E,15_07_E.dspadpcm.bfstm,310,310,2.959,3.477,0.856,0.851,confirmed
15_10_E,15_10_E.dspadpcm.bfstm,316,316,4.078,3.968,0.707,0.973,confirmed
15_11_E,15_11_E.dspadpcm.bfstm,319,318,3.872,4.267,0.636,0.907,confirmed
15_12_E,15_12_E.dspadpcm.bfstm,321,320,4.479,4.523,0.648,0.99,confirmed
15_13_E,15_13_E.dspadpcm.bfstm,322,322,4.601,5.184,0.854,0.888,confirmed
15_15_E,15_15_E.dspadpcm.bfstm,327,326,4.385,3.947,0.651,0.9,confirmed
16_01_E,16_01_E.dspadpcm.bfstm,328,328,3.43,3.371,0.507,0.983,confirmed
16_02_E,16_02_E.dspadpcm.bfstm,331,330,2.29,2.645,0.56,0.866,confirmed
16_03_E,16_03_E.dspadpcm.bfstm,332,332,6.419,5.931,0.85,0.924,confirmed
16_04_N,16_04_N.dspadpcm.bfstm,334,335,5.209,5.867,0.858,0.888,confirmed
16_05_N,16_05_N.dspadpcm.bfstm,336,337,12.194,9.323,0.846,0.765,confirmed
17_04_E,17_04_E.dspadpcm.bfstm,346,346,9.59,9.557,0.796,0.997,confirmed
17_08_E,17_08_E.dspadpcm.bfstm,356,354,2.813,3.477,0.595,0.809,confirmed
17_09_E,17_09_E.dspadpcm.bfstm,357,356,3.472,3.477,0.727,0.999,confirmed
17_09_N,17_09_N.dspadpcm.bfstm,358,357,3.472,3.968,0.773,0.875,confirmed
17_11_E,17_11_E.dspadpcm.bfstm,359,360,4.379,3.968,0.761,0.906,confirmed
17_11_N,17_11_N.dspadpcm.bfstm,360,361,4.379,4.395,0.73,0.996,confirmed
17_12_E,17_12_E.dspadpcm.bfstm,361,362,4.455,4.395,0.654,0.987,confirmed
18_01_E,18_01_E.dspadpcm.bfstm,366,366,5.771,5.824,0.631,0.991,confirmed
18_02_E,18_02_E.dspadpcm.bfstm,369,368,1.598,1.771,0.572,0.902,confirmed
18_03_E,18_03_E.dspadpcm.bfstm,370,370,1.691,1.941,0.748,0.871,confirmed
18_04_E,18_04_E.dspadpcm.bfstm,372,372,3.896,4.224,0.663,0.922,confirmed
18_05_E,18_05_E.dspadpcm.bfstm,376,374,3.139,2.389,0.651,0.761,confirmed
18_06_E,18_06_E.dspadpcm.bfstm,377,376,2.099,2.389,,0.879,no-speech-durmatch
18_07_E,18_07_E.dspadpcm.bfstm,379,378,4.739,5.376,0.603,0.882,confirmed
18_08_E,18_08_E.dspadpcm.bfstm,380,380,2.311,2.432,0.88,0.95,confirmed
18_09_E,18_09_E.dspadpcm.bfstm,383,382,3.986,4.245,0.581,0.939,confirmed
18_10_E,18_10_E.dspadpcm.bfstm,384,384,3.703,3.733,,0.992,no-speech-durmatch
18_11_E,18_11_E.dspadpcm.bfstm,386,386,4.029,3.947,,0.98,no-speech-durmatch
18_12_N,18_12_N.dspadpcm.bfstm,389,389,5.615,4.949,0.555,0.881,confirmed
18_15_E,18_15_E.dspadpcm.bfstm,394,394,9.068,9.387,0.787,0.966,confirmed
18_17_E,18_17_E.dspadpcm.bfstm,398,398,5.761,6.101,0.682,0.944,confirmed
19_03_N,19_03_N.dspadpcm.bfstm,405,405,11.168,10.496,0.719,0.94,confirmed
19_06_E,19_06_E.dspadpcm.bfstm,410,410,4.446,4.672,0.787,0.952,confirmed
19_07_E,19_07_E.dspadpcm.bfstm,413,412,2.544,2.752,0.688,0.924,confirmed
19_08_E,19_08_E.dspadpcm.bfstm,414,414,2.874,3.051,0.606,0.942,confirmed
19_09_E,19_09_E.dspadpcm.bfstm,417,416,4.58,3.584,0.537,0.783,confirmed
19_10_E,19_10_E.dspadpcm.bfstm,418,418,0.728,0.939,,0.775,no-speech-nomatch
19_11_N,19_11_N.dspadpcm.bfstm,421,421,2.987,2.347,0.751,0.786,confirmed
20_01_E,20_01_E.dspadpcm.bfstm,425,424,21.499,21.504,0.779,1.0,confirmed
20_02_E,20_02_E.dspadpcm.bfstm,426,426,20.353,20.992,0.904,0.97,confirmed
20_03_N,20_03_N.dspadpcm.bfstm,428,429,11.966,11.392,0.883,0.952,confirmed
20_04_N,20_04_N.dspadpcm.bfstm,430,431,10.495,10.176,0.756,0.97,confirmed
21_01_N,21_01_N.dspadpcm.bfstm,433,433,12.294,11.861,0.65,0.965,confirmed
21_02_E,21_02_E.dspadpcm.bfstm,434,436,6.112,4.651,0.716,0.761,confirmed
21_03_1_E,21_03_1_E.dspadpcm.bfstm,438,438,1.435,1.451,0.665,0.989,confirmed
21_03_1_N,21_03_1_N.dspadpcm.bfstm,439,439,1.435,1.451,0.652,0.989,confirmed
21_03_2_E,21_03_2_E.dspadpcm.bfstm,440,440,2.413,2.432,0.73,0.992,confirmed
21_03_2_N,21_03_2_N.dspadpcm.bfstm,441,441,2.413,2.432,0.748,0.992,confirmed
21_03_3_E,21_03_3_E.dspadpcm.bfstm,442,442,1.226,1.237,0.847,0.991,confirmed
21_03_3_N,21_03_3_N.dspadpcm.bfstm,443,443,1.226,1.237,0.791,0.991,confirmed
21_04_N,21_04_N.dspadpcm.bfstm,447,447,1.422,1.472,0.833,0.966,confirmed
21_05_N,21_05_N.dspadpcm.bfstm,449,449,5.097,4.949,0.793,0.971,confirmed
21_06_N,21_06_N.dspadpcm.bfstm,451,451,2.64,2.347,0.657,0.889,confirmed
21_07_N,21_07_N.dspadpcm.bfstm,453,453,2.86,2.624,0.919,0.917,confirmed
21_08_N,21_08_N.dspadpcm.bfstm,454,455,1.148,1.28,0.774,0.897,confirmed
21_09_N,21_09_N.dspadpcm.bfstm,456,457,0.844,0.853,0.798,0.989,confirmed
21_10_N,21_10_N.dspadpcm.bfstm,458,459,3.578,3.093,0.704,0.864,confirmed
21_11_E,21_11_E.dspadpcm.bfstm,460,460,2.522,2.112,0.688,0.837,confirmed
21_11_N,21_11_N.dspadpcm.bfstm,461,461,2.522,2.112,0.77,0.837,confirmed
21_12_N,21_12_N.dspadpcm.bfstm,463,463,1.059,1.131,0.534,0.936,confirmed
22_01_N,22_01_N.dspadpcm.bfstm,465,465,0.974,1.216,0.707,0.801,confirmed
22_03_N,22_03_N.dspadpcm.bfstm,468,469,2.373,2.56,0.736,0.927,confirmed
22_04_N,22_04_N.dspadpcm.bfstm,472,471,2.336,3.008,0.416,0.777,low-confidence
22_05_N,22_05_N.dspadpcm.bfstm,473,473,4.135,3.008,0.49,0.727,confirmed
22_06_E,22_06_E.dspadpcm.bfstm,475,474,6.94,6.976,0.702,0.995,confirmed
22_09_E,22_09_E.dspadpcm.bfstm,481,480,10.34,7.915,0.748,0.765,confirmed
22_10_E,22_10_E.dspadpcm.bfstm,482,482,6.756,6.784,0.733,0.996,confirmed
22_11_1_E,22_11_1_E.dspadpcm.bfstm,483,484,6.923,6.763,0.651,0.977,confirmed
22_11_2_E,22_11_2_E.dspadpcm.bfstm,486,486,1.413,1.429,,0.989,no-speech-durmatch
22_11_E,22_11_E.dspadpcm.bfstm,488,488,8.665,8.683,0.814,0.998,confirmed
22_11_N,22_11_N.dspadpcm.bfstm,489,489,8.665,8.683,0.904,0.998,confirmed
22_12_E,22_12_E.dspadpcm.bfstm,490,490,4.785,4.715,0.814,0.985,confirmed
22_14_E,22_14_E.dspadpcm.bfstm,494,494,0.848,1.195,,0.71,no-speech-nomatch
22_15_1_E,22_15_1_E.dspadpcm.bfstm,495,496,1.534,1.195,,0.779,no-speech-nomatch
22_15_1_N,22_15_1_N.dspadpcm.bfstm,496,497,1.534,1.557,,0.985,no-speech-durmatch
22_15_2_E,22_15_2_E.dspadpcm.bfstm,497,498,1.742,1.557,0.557,0.894,confirmed
22_15_2_N,22_15_2_N.dspadpcm.bfstm,498,499,1.742,1.749,,0.996,no-speech-durmatch
22_15_E,22_15_E.dspadpcm.bfstm,500,500,3.465,3.435,,0.991,no-speech-durmatch
23_01_N,23_01_N.dspadpcm.bfstm,502,503,18.697,16.96,0.835,0.907,confirmed
23_02_E,23_02_E.dspadpcm.bfstm,505,504,4.089,3.776,0.683,0.923,confirmed
23_03_E,23_03_E.dspadpcm.bfstm,506,506,3.177,3.328,0.575,0.955,confirmed
23_04_E,23_04_E.dspadpcm.bfstm,508,508,1.169,1.301,,0.899,no-speech-durmatch
23_05_E,23_05_E.dspadpcm.bfstm,510,510,2.421,2.453,,0.987,no-speech-durmatch
23_06_E,23_06_E.dspadpcm.bfstm,512,512,1.323,1.664,,0.795,no-speech-nomatch
23_07_E,23_07_E.dspadpcm.bfstm,514,514,6.91,5.675,0.651,0.821,confirmed
23_08_E,23_08_E.dspadpcm.bfstm,518,516,2.77,2.667,0.49,0.963,confirmed
23_09_E,23_09_E.dspadpcm.bfstm,519,518,3.063,2.667,,0.871,no-speech-durmatch
23_10_E,23_10_E.dspadpcm.bfstm,520,520,2.125,2.027,0.455,0.954,confirmed
23_11_E,23_11_E.dspadpcm.bfstm,523,522,5.7,5.525,0.612,0.969,confirmed
24_01_E,24_01_E.dspadpcm.bfstm,524,524,6.005,6.443,0.804,0.932,confirmed
24_03_N,24_03_N.dspadpcm.bfstm,529,529,1.548,1.557,0.71,0.994,confirmed
24_04_E,24_04_E.dspadpcm.bfstm,532,530,4.63,4.373,0.784,0.944,confirmed
24_05_E,24_05_E.dspadpcm.bfstm,533,532,4.683,4.373,0.827,0.934,confirmed
24_06_E,24_06_E.dspadpcm.bfstm,534,534,5.074,4.885,0.713,0.963,confirmed
24_07_E,24_07_E.dspadpcm.bfstm,536,536,4.277,4.437,0.8,0.964,confirmed
24_08_E,24_08_E.dspadpcm.bfstm,538,538,1.724,1.621,0.697,0.94,confirmed
24_09_E,24_09_E.dspadpcm.bfstm,541,540,1.948,2.261,0.76,0.862,confirmed
24_12_E,24_12_E.dspadpcm.bfstm,547,546,2.289,2.411,0.729,0.949,confirmed
25_08_E,25_08_E.dspadpcm.bfstm,562,562,3.679,3.733,0.608,0.986,confirmed
25_13_E,25_13_E.dspadpcm.bfstm,573,572,3.435,3.648,0.739,0.942,confirmed
26_01_E,26_01_E.dspadpcm.bfstm,575,574,4.613,4.629,0.839,0.997,confirmed
26_02_E,26_02_E.dspadpcm.bfstm,576,576,1.934,2.432,0.642,0.795,confirmed
26_03_N,26_03_N.dspadpcm.bfstm,578,579,3.814,4.309,0.803,0.885,confirmed
26_04_E,26_04_E.dspadpcm.bfstm,580,580,5.253,5.013,0.719,0.954,confirmed
26_04_N,26_04_N.dspadpcm.bfstm,581,581,5.253,4.949,0.749,0.942,confirmed
26_05_E,26_05_E.dspadpcm.bfstm,582,582,2.297,1.984,0.743,0.864,confirmed
26_05_N,26_05_N.dspadpcm.bfstm,583,583,2.297,1.984,0.746,0.864,confirmed
26_06_E,26_06_E.dspadpcm.bfstm,584,584,1.88,2.048,0.902,0.918,confirmed
26_06_N,26_06_N.dspadpcm.bfstm,585,585,1.88,2.048,0.894,0.918,confirmed
26_07_E,26_07_E.dspadpcm.bfstm,586,586,3.299,3.157,0.722,0.957,confirmed
26_07_N,26_07_N.dspadpcm.bfstm,587,587,3.299,3.157,0.774,0.957,confirmed
26_08_E,26_08_E.dspadpcm.bfstm,588,588,4.027,3.947,0.54,0.98,confirmed
26_10_E,26_10_E.dspadpcm.bfstm,592,592,4.161,4.395,0.69,0.947,confirmed
26_11_N,26_11_N.dspadpcm.bfstm,595,595,3.477,2.475,0.528,0.712,confirmed
26_12_N,26_12_N.dspadpcm.bfstm,596,597,1.933,1.771,0.566,0.916,confirmed
26_13_N,26_13_N.dspadpcm.bfstm,598,599,2.723,3.051,0.718,0.892,confirmed
27_01_N,27_01_N.dspadpcm.bfstm,600,601,35.449,32.064,0.819,0.905,confirmed
27_02_N,27_02_N.dspadpcm.bfstm,603,603,2.87,2.155,0.678,0.751,confirmed
27_03_N,27_03_N.dspadpcm.bfstm,605,605,2.232,2.624,0.749,0.851,confirmed
27_04_E,27_04_E.dspadpcm.bfstm,607,606,5.67,6.123,0.505,0.926,confirmed
27_05_1_E,27_05_1_E.dspadpcm.bfstm,608,608,5.206,5.227,0.726,0.996,confirmed
27_05_1_N,27_05_1_N.dspadpcm.bfstm,609,609,5.206,5.227,0.735,0.996,confirmed
27_05_2_E,27_05_2_E.dspadpcm.bfstm,610,610,1.699,1.707,,0.995,no-speech-durmatch
27_05_2_N,27_05_2_N.dspadpcm.bfstm,611,611,1.699,1.707,,0.995,no-speech-durmatch
27_05_E,27_05_E.dspadpcm.bfstm,613,612,7.421,7.595,0.555,0.977,confirmed
27_06_E,27_06_E.dspadpcm.bfstm,614,614,3.282,3.499,,0.938,no-speech-durmatch
27_07_E,27_07_E.dspadpcm.bfstm,616,616,2.866,2.56,,0.893,no-speech-durmatch
27_08_E,27_08_E.dspadpcm.bfstm,617,618,2.527,2.56,0.467,0.987,confirmed
28_01_E,28_01_E.dspadpcm.bfstm,620,620,5.452,5.952,0.75,0.916,confirmed
28_03_E,28_03_E.dspadpcm.bfstm,624,624,3.264,3.52,0.823,0.927,confirmed
28_04_E,28_04_E.dspadpcm.bfstm,626,626,6.462,6.997,0.767,0.924,confirmed
28_05_E,28_05_E.dspadpcm.bfstm,629,628,3.948,3.925,0.677,0.994,confirmed
28_06_E,28_06_E.dspadpcm.bfstm,630,630,3.104,3.285,0.743,0.945,confirmed
28_07_E,28_07_E.dspadpcm.bfstm,632,632,0.933,1.259,0.497,0.741,confirmed
28_08_E,28_08_E.dspadpcm.bfstm,634,634,5.421,5.099,0.548,0.941,confirmed
28_09_E,28_09_E.dspadpcm.bfstm,636,636,23.734,22.869,0.8,0.964,confirmed
29_01_N,29_01_N.dspadpcm.bfstm,639,639,1.649,1.728,0.6,0.954,confirmed
29_02_N,29_02_N.dspadpcm.bfstm,641,641,1.778,2.069,0.471,0.859,confirmed
29_03_N,29_03_N.dspadpcm.bfstm,643,643,5.322,5.781,0.853,0.921,confirmed
29_04_E,29_04_E.dspadpcm.bfstm,645,644,14.283,14.315,0.849,0.998,confirmed
29_05_E,29_05_E.dspadpcm.bfstm,646,646,4.239,4.48,0.728,0.946,confirmed
29_06_N,29_06_N.dspadpcm.bfstm,649,649,5.38,5.184,0.656,0.964,confirmed
29_07_E,29_07_E.dspadpcm.bfstm,650,650,4.418,4.864,0.669,0.908,confirmed
29_08_E,29_08_E.dspadpcm.bfstm,652,652,2.17,2.325,0.564,0.933,confirmed
29_09_E,29_09_E.dspadpcm.bfstm,654,654,4.016,4.032,0.601,0.996,confirmed
29_10_N,29_10_N.dspadpcm.bfstm,657,657,4.374,4.629,0.614,0.945,confirmed
30_01_E,30_01_E.dspadpcm.bfstm,659,658,2.783,2.56,0.689,0.92,confirmed
30_02_E,30_02_E.dspadpcm.bfstm,660,660,2.386,2.709,0.483,0.881,confirmed
30_03_E,30_03_E.dspadpcm.bfstm,662,662,1.253,1.728,0.764,0.725,confirmed
30_04_E,30_04_E.dspadpcm.bfstm,665,664,3.328,3.584,0.613,0.929,confirmed
30_05_N,30_05_N.dspadpcm.bfstm,666,667,3.603,3.179,0.535,0.882,confirmed
30_07_E,30_07_E.dspadpcm.bfstm,670,670,3.821,4.181,0.71,0.914,confirmed
30_08_E,30_08_E.dspadpcm.bfstm,673,672,6.912,6.229,0.67,0.901,confirmed
30_09_E,30_09_E.dspadpcm.bfstm,674,674,1.693,2.133,0.617,0.794,confirmed
30_10_E,30_10_E.dspadpcm.bfstm,677,676,6.489,5.973,0.501,0.92,confirmed
30_11_E,30_11_E.dspadpcm.bfstm,678,678,2.214,2.517,0.504,0.88,confirmed
30_12_E,30_12_E.dspadpcm.bfstm,680,680,4.459,4.587,0.716,0.972,confirmed
30_13_E,30_13_E.dspadpcm.bfstm,682,682,2.584,2.091,0.525,0.809,confirmed
30_14_E,30_14_E.dspadpcm.bfstm,683,684,1.642,2.091,0.697,0.785,confirmed
31_01_E,31_01_E.dspadpcm.bfstm,686,686,3.29,3.52,0.519,0.935,confirmed
31_02_E,31_02_E.dspadpcm.bfstm,688,688,2.043,2.389,0.622,0.855,confirmed
31_03_E,31_03_E.dspadpcm.bfstm,690,690,2.474,2.731,0.545,0.906,confirmed
31_04_E,31_04_E.dspadpcm.bfstm,694,692,3.453,4.075,0.45,0.847,low-confidence
31_05_E,31_05_E.dspadpcm.bfstm,695,694,3.776,4.075,0.713,0.927,confirmed
31_06_E,31_06_E.dspadpcm.bfstm,698,696,2.79,2.432,0.54,0.872,confirmed
31_07_E,31_07_E.dspadpcm.bfstm,699,698,1.997,2.432,0.581,0.821,confirmed
31_08_E,31_08_E.dspadpcm.bfstm,700,700,6.066,6.272,0.774,0.967,confirmed
31_09_E,31_09_E.dspadpcm.bfstm,703,702,4.762,4.587,0.495,0.963,confirmed
31_10_E,31_10_E.dspadpcm.bfstm,704,704,1.116,1.515,0.576,0.737,confirmed
31_11_E,31_11_E.dspadpcm.bfstm,706,706,4.27,4.245,0.617,0.994,confirmed
31_12_E,31_12_E.dspadpcm.bfstm,707,708,4.989,4.245,0.521,0.851,confirmed
31_13_E,31_13_E.dspadpcm.bfstm,709,710,3.538,3.989,0.494,0.887,confirmed
32_01_E,32_01_E.dspadpcm.bfstm,712,712,5.382,5.013,0.522,0.931,confirmed
32_02_E,32_02_E.dspadpcm.bfstm,714,714,3.487,3.307,0.618,0.948,confirmed
32_03_E,32_03_E.dspadpcm.bfstm,716,716,4.365,4.203,0.543,0.963,confirmed
32_04_E,32_04_E.dspadpcm.bfstm,720,718,2.598,3.221,0.567,0.807,confirmed
32_05_E,32_05_E.dspadpcm.bfstm,721,720,2.149,3.221,0.382,0.667,low-confidence
32_06_E,32_06_E.dspadpcm.bfstm,722,722,8.651,7.851,0.648,0.908,confirmed
32_07_E,32_07_E.dspadpcm.bfstm,724,724,2.181,2.453,0.488,0.889,confirmed
32_08_E,32_08_E.dspadpcm.bfstm,726,726,2.981,3.264,0.478,0.913,confirmed
32_09_E,32_09_E.dspadpcm.bfstm,728,728,2.656,3.029,0.392,0.877,low-confidence
32_10_E,32_10_E.dspadpcm.bfstm,731,730,6.543,6.571,0.581,0.996,confirmed
32_11_E,32_11_E.dspadpcm.bfstm,733,732,4.661,5.568,0.72,0.837,confirmed
32_12_1_E,32_12_1_E.dspadpcm.bfstm,734,734,5.0,5.013,0.779,0.997,confirmed
32_12_1_N,32_12_1_N.dspadpcm.bfstm,735,735,3.531,3.541,0.84,0.997,confirmed
32_12_2_E,32_12_2_E.dspadpcm.bfstm,736,736,2.934,2.944,,0.997,no-speech-durmatch
32_12_2_N,32_12_2_N.dspadpcm.bfstm,737,737,1.599,1.621,,0.986,no-speech-durmatch
32_12_E,32_12_E.dspadpcm.bfstm,738,738,6.6,5.739,,0.87,no-speech-durmatch
32_13_E,32_13_E.dspadpcm.bfstm,740,740,2.296,2.667,,0.861,no-speech-durmatch
32_14_E,32_14_E.dspadpcm.bfstm,743,742,3.951,4.267,0.732,0.926,confirmed
32_15_E,32_15_E.dspadpcm.bfstm,745,744,1.4,1.643,0.807,0.852,confirmed
32_16_1_E,32_16_1_E.dspadpcm.bfstm,746,746,1.371,1.387,0.774,0.988,confirmed
32_16_1_N,32_16_1_N.dspadpcm.bfstm,747,747,1.321,1.344,0.738,0.983,confirmed
32_16_2_E,32_16_2_E.dspadpcm.bfstm,748,748,5.6,5.611,0.645,0.998,confirmed
32_16_2_N,32_16_2_N.dspadpcm.bfstm,749,749,3.749,3.755,0.79,0.998,confirmed
32_16_E,32_16_E.dspadpcm.bfstm,751,750,7.7,5.803,0.625,0.754,confirmed
32_17_E,32_17_E.dspadpcm.bfstm,752,752,1.504,1.536,,0.979,no-speech-durmatch
33_01_E,33_01_E.dspadpcm.bfstm,755,754,5.456,5.227,0.724,0.958,confirmed
33_02_E,33_02_E.dspadpcm.bfstm,756,756,6.976,6.379,0.831,0.914,confirmed
33_03_1_E,33_03_1_E.dspadpcm.bfstm,758,758,3.13,3.136,0.365,0.998,low-confidence
33_03_1_N,33_03_1_N.dspadpcm.bfstm,759,759,3.13,3.136,0.645,0.998,confirmed
33_03_2_E,33_03_2_E.dspadpcm.bfstm,760,760,4.163,4.181,0.509,0.996,confirmed
33_03_2_N,33_03_2_N.dspadpcm.bfstm,761,761,4.163,4.181,0.913,0.996,confirmed
33_04_E,33_04_E.dspadpcm.bfstm,765,764,6.976,6.912,0.56,0.991,confirmed
33_05_E,33_05_E.dspadpcm.bfstm,766,766,1.374,1.813,,0.758,no-speech-nomatch
33_06_E,33_06_E.dspadpcm.bfstm,769,768,2.812,3.2,0.612,0.879,confirmed
33_07_E,33_07_E.dspadpcm.bfstm,771,770,8.479,8.853,0.743,0.958,confirmed
33_08_E,33_08_E.dspadpcm.bfstm,772,772,2.289,2.624,0.643,0.872,confirmed
33_10_N,33_10_N.dspadpcm.bfstm,776,777,5.529,4.523,0.769,0.818,confirmed
33_11_N,33_11_N.dspadpcm.bfstm,779,779,2.836,2.837,0.839,1.0,confirmed
33_12_E,33_12_E.dspadpcm.bfstm,780,780,9.459,9.216,0.647,0.974,confirmed
34_01_E,34_01_E.dspadpcm.bfstm,783,782,4.437,4.608,0.741,0.963,confirmed
34_02_E,34_02_E.dspadpcm.bfstm,785,784,4.975,5.397,0.458,0.922,confirmed
34_03_N,34_03_N.dspadpcm.bfstm,787,787,3.131,3.477,0.53,0.9,confirmed
34_04_E,34_04_E.dspadpcm.bfstm,788,788,13.216,13.12,0.932,0.993,confirmed
34_05_N,34_05_N.dspadpcm.bfstm,790,791,3.675,3.883,0.678,0.946,confirmed
34_06_N,34_06_N.dspadpcm.bfstm,792,793,3.113,3.499,0.776,0.89,confirmed
34_07_E,34_07_E.dspadpcm.bfstm,795,794,11.975,11.499,0.886,0.96,confirmed
34_08_N,34_08_N.dspadpcm.bfstm,796,797,7.117,6.165,0.623,0.866,confirmed
34_09_E,34_09_E.dspadpcm.bfstm,799,798,7.701,6.955,0.867,0.903,confirmed
35_01_E,35_01_E.dspadpcm.bfstm,806,806,8.68,8.789,0.791,0.988,confirmed
35_01_N,35_01_N.dspadpcm.bfstm,807,807,8.68,8.789,0.759,0.988,confirmed
35_02_E,35_02_E.dspadpcm.bfstm,808,808,0.992,1.365,0.529,0.727,confirmed
35_02_N,35_02_N.dspadpcm.bfstm,809,809,0.992,1.365,0.529,0.727,confirmed
35_03_E,35_03_E.dspadpcm.bfstm,810,810,4.081,4.395,0.81,0.929,confirmed
35_04_E,35_04_E.dspadpcm.bfstm,812,812,4.013,3.456,0.675,0.861,confirmed
35_05_E,35_05_E.dspadpcm.bfstm,814,814,1.342,1.6,,0.839,no-speech-durmatch
35_06_E,35_06_E.dspadpcm.bfstm,815,816,1.691,1.6,,0.946,no-speech-durmatch
35_07_E,35_07_E.dspadpcm.bfstm,818,818,2.456,2.389,0.525,0.973,confirmed
35_08_E,35_08_E.dspadpcm.bfstm,820,820,3.469,3.84,0.829,0.903,confirmed
35_09_E,35_09_E.dspadpcm.bfstm,823,822,3.452,3.691,0.677,0.935,confirmed
35_10_E,35_10_E.dspadpcm.bfstm,824,824,3.136,3.307,0.472,0.948,confirmed
36_02_E,36_02_E.dspadpcm.bfstm,830,830,3.128,3.435,0.694,0.911,confirmed
36_03_E,36_03_E.dspadpcm.bfstm,832,832,0.514,0.853,,0.603,no-speech-nomatch
36_04_E,36_04_E.dspadpcm.bfstm,834,834,4.162,3.264,0.822,0.784,confirmed
36_05_E,36_05_E.dspadpcm.bfstm,837,836,1.202,1.6,0.684,0.751,confirmed
36_06_E,36_06_E.dspadpcm.bfstm,838,838,2.093,2.069,0.793,0.989,confirmed
36_09_E,36_09_E.dspadpcm.bfstm,845,844,37.644,37.376,0.692,0.993,confirmed
36_10_E,36_10_E.dspadpcm.bfstm,846,846,2.454,2.048,0.515,0.835,confirmed
36_11_E,36_11_E.dspadpcm.bfstm,849,848,5.706,4.757,0.835,0.834,confirmed
37_01_E,37_01_E.dspadpcm.bfstm,850,850,1.933,1.472,0.264,0.762,no-match
37_02_E,37_02_E.dspadpcm.bfstm,852,852,0.49,0.704,,0.696,no-speech-nomatch
37_03_E,37_03_E.dspadpcm.bfstm,854,854,8.263,6.379,,0.772,no-speech-nomatch
37_04_E,37_04_E.dspadpcm.bfstm,856,856,5.0,4.885,0.588,0.977,confirmed
37_05_E,37_05_E.dspadpcm.bfstm,858,858,2.404,2.581,,0.931,no-speech-durmatch
37_06_E,37_06_E.dspadpcm.bfstm,860,860,2.778,2.816,,0.987,no-speech-durmatch
37_07_E,37_07_E.dspadpcm.bfstm,862,862,2.19,2.624,,0.835,no-speech-durmatch
37_08_E,37_08_E.dspadpcm.bfstm,864,864,1.155,1.301,,0.888,no-speech-durmatch
37_09_E,37_09_E.dspadpcm.bfstm,866,866,4.832,5.013,0.783,0.964,confirmed
37_10_E,37_10_E.dspadpcm.bfstm,870,868,6.377,2.731,0.527,0.428,no-match
37_11_E,37_11_E.dspadpcm.bfstm,871,870,2.937,2.731,0.749,0.93,confirmed
37_12_E,37_12_E.dspadpcm.bfstm,872,872,1.546,1.899,0.834,0.814,confirmed
37_13_E,37_13_E.dspadpcm.bfstm,873,874,1.939,1.899,0.692,0.979,confirmed
37_14_E,37_14_E.dspadpcm.bfstm,877,876,3.339,3.179,0.928,0.952,confirmed
37_15_E,37_15_E.dspadpcm.bfstm,878,878,1.674,1.835,,0.912,no-speech-durmatch
37_16_E,37_16_E.dspadpcm.bfstm,881,880,2.549,2.837,0.572,0.898,confirmed
38_01_E,38_01_E.dspadpcm.bfstm,882,882,1.506,1.536,0.678,0.98,confirmed
38_02_E,38_02_E.dspadpcm.bfstm,884,884,5.089,4.715,0.723,0.927,confirmed
38_03_E,38_03_E.dspadpcm.bfstm,887,886,1.723,2.155,0.653,0.8,confirmed
38_05_E,38_05_E.dspadpcm.bfstm,891,890,4.778,4.779,0.728,1.0,confirmed
38_06_E,38_06_E.dspadpcm.bfstm,892,892,2.787,2.859,0.9,0.975,confirmed
38_07_E,38_07_E.dspadpcm.bfstm,894,894,1.731,1.685,0.868,0.973,confirmed
38_08_E,38_08_E.dspadpcm.bfstm,896,896,1.135,1.365,0.605,0.832,confirmed
38_09_E,38_09_E.dspadpcm.bfstm,897,898,1.52,1.365,,0.898,no-speech-durmatch
38_10_E,38_10_E.dspadpcm.bfstm,901,900,4.322,4.565,0.651,0.947,confirmed
38_11_E,38_11_E.dspadpcm.bfstm,902,902,3.27,2.688,,0.822,no-speech-durmatch
38_12_E,38_12_E.dspadpcm.bfstm,905,904,0.398,0.512,0.765,0.777,confirmed
38_13_E,38_13_E.dspadpcm.bfstm,906,906,3.859,3.349,0.869,0.868,confirmed
39_01_E,39_01_E.dspadpcm.bfstm,908,908,2.915,3.157,0.683,0.923,confirmed
39_02_E,39_02_E.dspadpcm.bfstm,910,910,0.764,1.024,,0.746,no-speech-nomatch
39_03_E,39_03_E.dspadpcm.bfstm,912,912,14.846,14.869,0.766,0.998,confirmed
39_03_N,39_03_N.dspadpcm.bfstm,913,913,14.846,14.869,0.722,0.998,confirmed
39_04_E,39_04_E.dspadpcm.bfstm,914,914,0.586,0.597,,0.982,no-speech-durmatch
39_04_N,39_04_N.dspadpcm.bfstm,915,915,0.586,0.597,0.681,0.982,confirmed
39_05_E,39_05_E.dspadpcm.bfstm,916,916,1.216,1.237,,0.983,no-speech-durmatch
39_05_N,39_05_N.dspadpcm.bfstm,917,917,1.216,1.237,0.825,0.983,confirmed
39_06_E,39_06_E.dspadpcm.bfstm,918,918,4.134,4.16,0.768,0.994,confirmed
39_06_N,39_06_N.dspadpcm.bfstm,919,919,4.134,4.16,0.794,0.994,confirmed
39_07_E,39_07_E.dspadpcm.bfstm,920,920,12.571,10.432,0.783,0.83,confirmed
39_08_E,39_08_E.dspadpcm.bfstm,922,922,3.904,3.691,0.274,0.945,no-match
39_09_E,39_09_E.dspadpcm.bfstm,924,924,5.171,5.568,0.683,0.929,confirmed
39_10_E,39_10_E.dspadpcm.bfstm,926,926,5.964,6.101,0.757,0.978,confirmed
40_01_E,40_01_E.dspadpcm.bfstm,928,928,1.776,1.92,,0.925,no-speech-durmatch
40_02_E,40_02_E.dspadpcm.bfstm,930,930,0.938,1.216,,0.771,no-speech-nomatch
40_03_E,40_03_E.dspadpcm.bfstm,932,932,2.467,2.539,0.406,0.972,low-confidence
40_04_E,40_04_E.dspadpcm.bfstm,934,934,3.047,3.221,0.51,0.946,confirmed
40_05_E,40_05_E.dspadpcm.bfstm,936,936,2.052,2.517,0.409,0.815,low-confidence
40_06_E,40_06_E.dspadpcm.bfstm,938,938,2.253,2.176,0.828,0.966,confirmed
40_07_E,40_07_E.dspadpcm.bfstm,940,940,2.021,2.368,0.711,0.853,confirmed
40_08_E,40_08_E.dspadpcm.bfstm,943,942,2.757,3.115,0.667,0.885,confirmed
40_09_E,40_09_E.dspadpcm.bfstm,944,944,0.428,0.939,0.297,0.456,no-match
40_10_E,40_10_E.dspadpcm.bfstm,946,946,5.476,5.973,0.601,0.917,confirmed
40_11_E,40_11_E.dspadpcm.bfstm,948,948,5.816,5.547,0.885,0.954,confirmed
40_12_E,40_12_E.dspadpcm.bfstm,951,950,2.13,1.92,0.485,0.901,confirmed
40_13_E,40_13_E.dspadpcm.bfstm,952,952,6.56,6.571,0.662,0.998,confirmed
40_13_N,40_13_N.dspadpcm.bfstm,953,953,6.56,6.571,0.798,0.998,confirmed
40_14_E,40_14_E.dspadpcm.bfstm,954,954,5.936,5.952,0.794,0.997,confirmed
40_14_N,40_14_N.dspadpcm.bfstm,955,955,5.936,5.952,0.85,0.997,confirmed
41_01_E,41_01_E.dspadpcm.bfstm,957,956,3.275,3.627,0.67,0.903,confirmed
41_02_E,41_02_E.dspadpcm.bfstm,958,958,2.296,2.645,0.647,0.868,confirmed
41_03_E,41_03_E.dspadpcm.bfstm,960,960,4.233,4.629,0.847,0.914,confirmed
41_04_E,41_04_E.dspadpcm.bfstm,962,962,3.259,3.157,0.659,0.969,confirmed
41_05_E,41_05_E.dspadpcm.bfstm,965,964,4.842,5.291,0.804,0.915,confirmed
41_06_E,41_06_E.dspadpcm.bfstm,967,966,5.785,5.653,0.48,0.977,confirmed
41_07_E,41_07_E.dspadpcm.bfstm,968,968,1.02,1.237,,0.825,no-speech-durmatch
41_08_E,41_08_E.dspadpcm.bfstm,969,970,1.089,1.237,,0.88,no-speech-durmatch
41_09_E,41_09_E.dspadpcm.bfstm,973,972,4.674,3.819,0.451,0.817,confirmed
41_10_E,41_10_E.dspadpcm.bfstm,976,974,2.034,1.131,0.504,0.556,confirmed
41_11_E,41_11_E.dspadpcm.bfstm,977,976,1.014,1.131,,0.897,no-speech-durmatch
41_12_E,41_12_E.dspadpcm.bfstm,978,978,4.656,4.352,0.45,0.935,low-confidence
41_13_E,41_13_E.dspadpcm.bfstm,980,980,1.825,1.899,0.926,0.961,confirmed
41_14_E,41_14_E.dspadpcm.bfstm,982,982,5.317,4.949,0.759,0.931,confirmed
41_15_E,41_15_E.dspadpcm.bfstm,985,984,6.029,4.864,0.613,0.807,confirmed
42_01_E,42_01_E.dspadpcm.bfstm,986,986,5.026,5.056,0.721,0.994,confirmed
42_02_E,42_02_E.dspadpcm.bfstm,988,988,2.003,2.283,0.615,0.877,confirmed
42_03_E,42_03_E.dspadpcm.bfstm,990,990,6.796,6.976,0.561,0.974,confirmed
42_04_E,42_04_E.dspadpcm.bfstm,992,992,3.679,3.563,0.796,0.968,confirmed
42_05_E,42_05_E.dspadpcm.bfstm,995,994,3.069,3.136,0.852,0.979,confirmed
42_06_E,42_06_E.dspadpcm.bfstm,996,996,1.396,1.749,,0.798,no-speech-nomatch
42_07_E,42_07_E.dspadpcm.bfstm,998,998,2.277,2.709,,0.841,no-speech-durmatch
42_08_E,42_08_E.dspadpcm.bfstm,1000,1000,4.258,4.672,0.804,0.911,confirmed
42_09_E,42_09_E.dspadpcm.bfstm,1002,1002,4.666,4.8,0.636,0.972,confirmed
42_10_E,42_10_E.dspadpcm.bfstm,1004,1004,2.796,2.731,0.469,0.977,confirmed
42_11_E,42_11_E.dspadpcm.bfstm,1005,1006,3.1,2.731,,0.881,no-speech-durmatch
42_12_E,42_12_E.dspadpcm.bfstm,1007,1008,2.064,2.496,0.542,0.827,confirmed
43_01_E,43_01_E.dspadpcm.bfstm,1011,1010,4.5,4.523,0.732,0.995,confirmed
43_02_E,43_02_E.dspadpcm.bfstm,1012,1012,3.562,3.328,0.717,0.934,confirmed
43_03_E,43_03_E.dspadpcm.bfstm,1014,1014,2.1,2.517,,0.834,no-speech-durmatch
43_04_E,43_04_E.dspadpcm.bfstm,1016,1016,2.644,2.56,0.631,0.968,confirmed
43_05_E,43_05_E.dspadpcm.bfstm,1018,1018,1.879,2.005,,0.937,no-speech-durmatch
43_09_E,43_09_E.dspadpcm.bfstm,1027,1026,5.093,4.971,0.695,0.976,confirmed
43_10_E_A,43_10_E_A.dspadpcm.bfstm,1029,1029,2.294,2.304,0.741,0.996,confirmed
43_10_E_B,43_10_E_B.dspadpcm.bfstm,1030,1030,2.305,2.325,0.798,0.991,confirmed
43_10_N_A,43_10_N_A.dspadpcm.bfstm,1032,1032,2.294,2.304,0.876,0.996,confirmed
43_10_N_B,43_10_N_B.dspadpcm.bfstm,1033,1033,2.305,2.325,0.876,0.991,confirmed
44_03_E,44_03_E.dspadpcm.bfstm,1038,1038,5.134,5.312,0.699,0.966,confirmed
44_04_E,44_04_E.dspadpcm.bfstm,1040,1040,4.678,4.565,0.592,0.976,confirmed
44_05_E,44_05_E.dspadpcm.bfstm,1042,1042,4.157,4.416,0.658,0.941,confirmed
44_08_E,44_08_E.dspadpcm.bfstm,1048,1048,1.413,1.749,0.615,0.808,confirmed
44_09_E,44_09_E.dspadpcm.bfstm,1051,1050,3.573,3.947,0.481,0.905,confirmed
44_10_E,44_10_E.dspadpcm.bfstm,1053,1052,1.599,1.963,0.4,0.815,low-confidence
44_11_E,44_11_E.dspadpcm.bfstm,1054,1054,2.854,3.093,0.57,0.923,confirmed
44_12_E,44_12_E.dspadpcm.bfstm,1057,1056,1.672,1.771,0.496,0.944,confirmed
45_04_E,45_04_E.dspadpcm.bfstm,1064,1064,4.59,4.501,0.676,0.981,confirmed
45_05_N,45_05_N.dspadpcm.bfstm,1067,1067,2.022,2.773,0.761,0.729,confirmed
45_06_E,45_06_E.dspadpcm.bfstm,1068,1068,5.0,5.035,0.642,0.993,confirmed
45_07_N,45_07_N.dspadpcm.bfstm,1070,1071,5.873,6.357,0.691,0.924,confirmed
45_08_E,45_08_E.dspadpcm.bfstm,1073,1072,4.2,4.395,0.53,0.956,confirmed
45_10_E,45_10_E.dspadpcm.bfstm,1074,1076,4.3,4.139,0.637,0.963,confirmed
45_11_1_E,45_11_1_E.dspadpcm.bfstm,1078,1078,3.605,3.627,0.685,0.994,confirmed
45_11_1_N,45_11_1_N.dspadpcm.bfstm,1079,1079,3.605,3.627,0.782,0.994,confirmed
45_11_2_E,45_11_2_E.dspadpcm.bfstm,1080,1080,4.668,4.693,0.302,0.995,low-confidence
45_11_2_N,45_11_2_N.dspadpcm.bfstm,1081,1081,4.668,4.693,0.296,0.995,no-match
45_12_E,45_12_E.dspadpcm.bfstm,1085,1084,4.3,2.453,0.576,0.57,confirmed
45_13_E,45_13_E.dspadpcm.bfstm,1086,1086,1.217,1.557,0.63,0.782,confirmed
45_14_E,45_14_E.dspadpcm.bfstm,1089,1088,1.124,1.088,0.7,0.968,confirmed
45_15_E,45_15_E.dspadpcm.bfstm,1090,1090,0.787,1.173,0.615,0.671,confirmed
45_16_E,45_16_E.dspadpcm.bfstm,1094,1092,1.126,1.387,0.331,0.812,low-confidence
45_17_E,45_17_E.dspadpcm.bfstm,1095,1094,1.367,1.387,,0.986,no-speech-durmatch
45_18_E,45_18_E.dspadpcm.bfstm,1096,1096,1.276,1.344,,0.949,no-speech-durmatch
45_19_E,45_19_E.dspadpcm.bfstm,1102,1098,0.911,1.131,,0.805,no-speech-durmatch
46_01_E,46_01_E.dspadpcm.bfstm,1103,1100,1.095,1.131,0.655,0.968,confirmed
46_02_E,46_02_E.dspadpcm.bfstm,1104,1102,1.155,1.429,0.54,0.808,confirmed
46_03_E,46_03_E.dspadpcm.bfstm,1105,1104,1.573,1.429,0.705,0.908,confirmed
46_04_E,46_04_E.dspadpcm.bfstm,1108,1106,1.452,1.664,0.488,0.873,confirmed
46_05_E,46_05_E.dspadpcm.bfstm,1110,1108,1.256,1.451,0.539,0.866,confirmed
46_07_E,46_07_E.dspadpcm.bfstm,1111,1112,1.419,1.451,0.393,0.978,low-confidence
46_08_E,46_08_E.dspadpcm.bfstm,1112,1114,1.347,1.387,0.662,0.971,confirmed
46_09_E,46_09_E.dspadpcm.bfstm,1113,1116,1.142,1.387,0.602,0.823,confirmed
46_10_E,46_10_E.dspadpcm.bfstm,1119,1118,1.087,1.173,0.668,0.927,confirmed
46_14_E,46_14_E.dspadpcm.bfstm,1120,1126,1.157,1.365,0.429,0.848,low-confidence
46_15_E,46_15_E.dspadpcm.bfstm,1121,1128,1.381,1.365,0.476,0.988,confirmed
46_17_E,46_17_E.dspadpcm.bfstm,1130,1132,2.791,2.475,0.647,0.887,confirmed
46_18_N,46_18_N.dspadpcm.bfstm,1131,1135,2.795,2.475,0.557,0.886,confirmed
47_01_1_E,47_01_1_E.dspadpcm.bfstm,1136,1136,0.68,0.704,,0.966,no-speech-durmatch
47_01_1_N,47_01_1_N.dspadpcm.bfstm,1138,1137,0.68,2.368,0.397,0.287,no-match
47_01_E,47_01_E.dspadpcm.bfstm,1139,1138,2.029,2.368,,0.857,no-speech-durmatch
47_02_1_E,47_02_1_E.dspadpcm.bfstm,1140,1140,1.006,1.024,0.54,0.982,confirmed
47_02_1_N,47_02_1_N.dspadpcm.bfstm,1141,1141,1.006,1.024,0.761,0.982,confirmed
47_02_E,47_02_E.dspadpcm.bfstm,1142,1142,2.242,2.368,0.512,0.947,confirmed
47_03_E,47_03_E.dspadpcm.bfstm,1145,1144,3.072,3.755,0.684,0.818,confirmed
47_04_E,47_04_E.dspadpcm.bfstm,1146,1146,2.931,2.987,0.757,0.981,confirmed
47_05_E,47_05_E.dspadpcm.bfstm,1147,1148,2.785,2.987,0.74,0.932,confirmed
47_06_E,47_06_E.dspadpcm.bfstm,1150,1150,2.551,2.773,0.645,0.92,confirmed
47_07_E,47_07_E.dspadpcm.bfstm,1153,1152,4.176,3.477,0.752,0.833,confirmed
47_08_E,47_08_E.dspadpcm.bfstm,1154,1154,4.859,4.651,0.631,0.957,confirmed
47_09_E,47_09_E.dspadpcm.bfstm,1156,1156,3.328,3.243,0.647,0.974,confirmed
47_10_E,47_10_E.dspadpcm.bfstm,1158,1158,3.636,3.84,0.815,0.947,confirmed
47_11_E,47_11_E.dspadpcm.bfstm,1160,1160,3.648,3.968,0.799,0.919,confirmed
47_12_E,47_12_E.dspadpcm.bfstm,1163,1162,2.468,2.859,0.803,0.863,confirmed
47_13_E,47_13_E.dspadpcm.bfstm,1164,1164,4.147,4.267,0.686,0.972,confirmed
47_14_E,47_14_E.dspadpcm.bfstm,1166,1166,3.49,3.563,0.758,0.98,confirmed
48_06_E,48_06_E.dspadpcm.bfstm,1178,1178,1.327,1.643,0.78,0.808,confirmed
48_07_N,48_07_N.dspadpcm.bfstm,1182,1181,1.103,1.387,0.894,0.795,confirmed
48_08_N,48_08_N.dspadpcm.bfstm,1183,1183,1.064,1.387,0.894,0.767,confirmed
48_10_E,48_10_E.dspadpcm.bfstm,1184,1190,2.683,1.707,0.869,0.636,confirmed
48_11_1_E,48_11_1_E.dspadpcm.bfstm,1188,1192,1.35,1.643,0.805,0.822,confirmed
48_11_E,48_11_E.dspadpcm.bfstm,1189,1194,2.365,1.643,0.824,0.695,confirmed
48_12_E,48_12_E.dspadpcm.bfstm,1196,1196,2.81,3.264,0.85,0.861,confirmed
49_01_E,49_01_E.dspadpcm.bfstm,1199,1198,16.564,15.787,0.792,0.953,confirmed
49_02_E,49_02_E.dspadpcm.bfstm,1200,1200,17.65,17.045,0.889,0.966,confirmed
49_03_E,49_03_E.dspadpcm.bfstm,1202,1202,18.195,18.048,0.662,0.992,confirmed
49_04_E,49_04_E.dspadpcm.bfstm,1204,1204,14.037,12.651,0.728,0.901,confirmed
49_05_E,49_05_E.dspadpcm.bfstm,1206,1206,12.403,12.117,0.841,0.977,confirmed
49_06_E,49_06_E.dspadpcm.bfstm,1209,1208,10.296,10.048,0.858,0.976,confirmed
49_07_E,49_07_E.dspadpcm.bfstm,1210,1210,15.978,15.808,0.743,0.989,confirmed
49_08_E,49_08_E.dspadpcm.bfstm,1213,1212,11.141,10.987,0.798,0.986,confirmed
49_09_E,49_09_E.dspadpcm.bfstm,1214,1214,19.063,19.2,0.798,0.993,confirmed
49_09_N,49_09_N.dspadpcm.bfstm,1215,1215,19.063,18.923,0.838,0.993,confirmed
50_01_E,50_01_E.dspadpcm.bfstm,1216,1216,16.537,16.555,0.809,0.999,confirmed
50_01_N,50_01_N.dspadpcm.bfstm,1217,1217,16.537,16.555,0.816,0.999,confirmed
50_02_N,50_02_N.dspadpcm.bfstm,1218,1219,10.848,10.731,0.658,0.989,confirmed
50_03_E,50_03_E.dspadpcm.bfstm,1221,1220,13.059,12.48,0.784,0.956,confirmed
50_04_E,50_04_E.dspadpcm.bfstm,1223,1222,15.972,15.147,0.7,0.948,confirmed
50_05_E,50_05_E.dspadpcm.bfstm,1224,1224,12.407,12.309,0.844,0.992,confirmed
50_06_E,50_06_E.dspadpcm.bfstm,1226,1226,8.93,9.131,0.712,0.978,confirmed
50_07_E,50_07_E.dspadpcm.bfstm,1229,1228,15.556,15.616,0.876,0.996,confirmed
50_08_E,50_08_E.dspadpcm.bfstm,1230,1230,10.961,10.731,0.778,0.979,confirmed
50_09_E,50_09_E.dspadpcm.bfstm,1233,1232,16.074,15.936,0.868,0.991,confirmed
51_01_E,51_01_E.dspadpcm.bfstm,1235,1234,5.755,6.251,0.768,0.921,confirmed
51_02_E,51_02_E.dspadpcm.bfstm,1236,1236,9.147,9.131,0.625,0.998,confirmed
51_03_E,51_03_E.dspadpcm.bfstm,1239,1238,7.039,7.147,0.716,0.985,confirmed
51_04_E,51_04_E.dspadpcm.bfstm,1240,1240,4.031,4.139,0.566,0.974,confirmed
51_05_E,51_05_E.dspadpcm.bfstm,1243,1242,1.197,1.387,,0.863,no-speech-durmatch
51_06_E,51_06_E.dspadpcm.bfstm,1244,1244,0.999,0.789,0.828,0.79,confirmed
51_07_E,51_07_E.dspadpcm.bfstm,1246,1246,2.717,3.157,0.535,0.861,confirmed
51_08_E,51_08_E.dspadpcm.bfstm,1249,1248,4.901,5.461,0.577,0.897,confirmed
51_09_E,51_09_E.dspadpcm.bfstm,1250,1250,1.963,2.176,0.625,0.902,confirmed
51_10_E,51_10_E.dspadpcm.bfstm,1254,1252,3.322,2.539,0.54,0.764,confirmed
51_11_E,51_11_E.dspadpcm.bfstm,1255,1254,2.035,2.539,0.651,0.801,confirmed
51_13_E,51_13_E.dspadpcm.bfstm,1258,1258,0.975,2.091,0.376,0.466,no-match
51_14_E,51_14_E.dspadpcm.bfstm,1260,1260,2.629,2.325,0.545,0.884,confirmed
52_01_E,52_01_E.dspadpcm.bfstm,1263,1262,2.024,2.496,0.718,0.811,confirmed
52_02_E,52_02_E.dspadpcm.bfstm,1264,1264,5.835,6.016,0.767,0.97,confirmed
52_03_E,52_03_E.dspadpcm.bfstm,1267,1266,0.473,0.427,0.352,0.903,low-confidence
52_05_E,52_05_E.dspadpcm.bfstm,1268,1270,4.952,4.907,0.794,0.991,confirmed
52_06_E,52_06_E.dspadpcm.bfstm,1272,1272,3.562,2.56,0.466,0.719,confirmed
52_07_E,52_07_E.dspadpcm.bfstm,1274,1274,1.223,1.536,0.475,0.796,confirmed
52_08_E,52_08_E.dspadpcm.bfstm,1277,1276,4.112,4.139,0.748,0.993,confirmed
52_09_E,52_09_E.dspadpcm.bfstm,1278,1278,0.358,0.533,,0.672,no-speech-nomatch
53_01_E,53_01_E.dspadpcm.bfstm,1292,1292,6.417,6.933,0.579,0.926,confirmed
54_01_E,54_01_E.dspadpcm.bfstm,1308,1316,2.073,1.984,,0.957,no-speech-durmatch
54_02_1_E,54_02_1_E.dspadpcm.bfstm,1318,1318,3.925,3.584,0.709,0.913,confirmed
54_02_2_E,54_02_2_E.dspadpcm.bfstm,1320,1320,1.992,1.963,,0.985,no-speech-durmatch
54_02_E,54_02_E.dspadpcm.bfstm,1322,1322,6.18,6.549,0.504,0.944,confirmed
54_03_E,54_03_E.dspadpcm.bfstm,1324,1324,5.16,4.971,0.775,0.963,confirmed
54_04_1_E,54_04_1_E.dspadpcm.bfstm,1325,1326,4.928,4.971,0.647,0.991,confirmed
54_04_2_E,54_04_2_E.dspadpcm.bfstm,1326,1328,3.163,4.011,0.455,0.789,confirmed
54_04_E,54_04_E.dspadpcm.bfstm,1330,1330,8.54,8.555,0.861,0.998,confirmed
54_04_N,54_04_N.dspadpcm.bfstm,1331,1331,8.54,8.555,0.819,0.998,confirmed
54_05_1_E,54_05_1_E.dspadpcm.bfstm,1332,1332,4.591,4.608,0.72,0.996,confirmed
54_05_1_N,54_05_1_N.dspadpcm.bfstm,1333,1333,4.591,4.608,0.94,0.996,confirmed
54_05_2_E,54_05_2_E.dspadpcm.bfstm,1334,1334,2.378,2.389,,0.995,no-speech-durmatch
54_05_2_N,54_05_2_N.dspadpcm.bfstm,1335,1335,2.378,2.389,,0.995,no-speech-durmatch
54_05_E,54_05_E.dspadpcm.bfstm,1337,1336,7.142,7.36,0.621,0.97,confirmed
54_06_E,54_06_E.dspadpcm.bfstm,1338,1338,7.898,7.531,0.781,0.954,confirmed
54_07_E,54_07_E.dspadpcm.bfstm,1341,1340,9.074,8.277,0.706,0.912,confirmed
54_08_E,54_08_E.dspadpcm.bfstm,1342,1342,2.784,2.411,,0.866,no-speech-durmatch
54_09_E,54_09_E.dspadpcm.bfstm,1350,1344,4.64,4.629,,0.998,no-speech-durmatch
55_03_E,55_03_E.dspadpcm.bfstm,1351,1350,4.288,4.629,0.835,0.926,confirmed
55_07_E,55_07_E.dspadpcm.bfstm,1358,1358,4.686,4.416,0.905,0.942,confirmed
55_08_E,55_08_E.dspadpcm.bfstm,1361,1360,3.034,3.051,0.908,0.994,confirmed
55_09_E,55_09_E.dspadpcm.bfstm,1362,1362,2.391,3.605,0.918,0.663,confirmed
55_11_2_E,55_11_2_E.dspadpcm.bfstm,1368,1368,1.23,1.685,0.581,0.73,confirmed
55_11_E,55_11_E.dspadpcm.bfstm,1371,1370,3.571,3.52,0.711,0.986,confirmed
55_14_E,55_14_E.dspadpcm.bfstm,1374,1376,1.979,1.963,0.734,0.992,confirmed
55_15_E,55_15_E.dspadpcm.bfstm,1376,1378,2.811,2.475,0.793,0.88,confirmed
55_16_N,55_16_N.dspadpcm.bfstm,1381,1381,3.046,3.115,0.684,0.978,confirmed
55_17_N,55_17_N.dspadpcm.bfstm,1382,1383,3.621,3.371,0.646,0.931,confirmed
55_18_E,55_18_E.dspadpcm.bfstm,1385,1384,1.276,1.451,0.71,0.879,confirmed
56_10_E,56_10_E.dspadpcm.bfstm,1404,1404,2.999,2.88,0.563,0.96,confirmed
57_01_N_A,57_01_N_A.dspadpcm.bfstm,1406,1408,4.713,3.883,0.958,0.824,confirmed
57_01_N_B,57_01_N_B.dspadpcm.bfstm,1408,1409,5.103,3.861,0.958,0.757,confirmed
57_02_N_A,57_02_N_A.dspadpcm.bfstm,1414,1412,5.983,5.419,0.856,0.906,confirmed
57_02_N_B,57_02_N_B.dspadpcm.bfstm,1415,1413,6.121,5.525,0.85,0.903,confirmed
57_03_N_A,57_03_N_A.dspadpcm.bfstm,1416,1416,5.953,5.355,0.865,0.9,confirmed
57_03_N_B,57_03_N_B.dspadpcm.bfstm,1417,1417,6.335,5.525,0.865,0.872,confirmed
57_04_N_A,57_04_N_A.dspadpcm.bfstm,1418,1420,0.77,0.896,0.528,0.859,confirmed
57_04_N_B,57_04_N_B.dspadpcm.bfstm,1420,1421,0.953,0.896,0.528,0.94,confirmed
57_05_N_A,57_05_N_A.dspadpcm.bfstm,1423,1424,1.266,1.493,0.67,0.848,confirmed
57_05_N_B,57_05_N_B.dspadpcm.bfstm,1425,1425,1.438,1.472,0.725,0.977,confirmed
57_06_N_A,57_06_N_A.dspadpcm.bfstm,1426,1428,1.364,1.195,0.91,0.876,confirmed
57_06_N_B,57_06_N_B.dspadpcm.bfstm,1427,1429,1.511,1.152,0.91,0.762,confirmed
57_07_N_A,57_07_N_A.dspadpcm.bfstm,1431,1432,1.397,1.173,0.927,0.84,confirmed
57_07_N_B,57_07_N_B.dspadpcm.bfstm,1433,1433,1.413,1.152,0.927,0.815,confirmed
57_08_N_A,57_08_N_A.dspadpcm.bfstm,1435,1436,1.678,1.707,0.909,0.983,confirmed
57_08_N_B,57_08_N_B.dspadpcm.bfstm,1437,1437,1.755,1.685,0.909,0.96,confirmed
57_09_N_A,57_09_N_A.dspadpcm.bfstm,1439,1440,11.072,7.296,0.883,0.659,confirmed
57_09_N_B,57_09_N_B.dspadpcm.bfstm,1441,1441,12.101,7.253,0.855,0.599,confirmed
57_10_N_A,57_10_N_A.dspadpcm.bfstm,1442,1444,7.321,5.803,0.867,0.793,confirmed
57_10_N_B,57_10_N_B.dspadpcm.bfstm,1445,1445,7.211,5.739,0.867,0.796,confirmed
57_11_N_A,57_11_N_A.dspadpcm.bfstm,1446,1448,13.245,9.813,0.857,0.741,confirmed
57_11_N_B,57_11_N_B.dspadpcm.bfstm,1448,1449,12.879,9.813,0.857,0.762,confirmed
58_01_N_A,58_01_N_A.dspadpcm.bfstm,1450,1452,2.041,1.365,0.912,0.669,confirmed
58_01_N_B,58_01_N_B.dspadpcm.bfstm,1452,1453,2.279,1.365,0.912,0.599,confirmed
58_02_N_A,58_02_N_A.dspadpcm.bfstm,1456,1456,1.968,1.536,0.781,0.78,confirmed
58_02_N_B,58_02_N_B.dspadpcm.bfstm,1457,1457,2.16,1.621,0.781,0.75,confirmed
58_03_N_A,58_03_N_A.dspadpcm.bfstm,1459,1460,1.088,1.088,0.857,1.0,confirmed
58_03_N_B,58_03_N_B.dspadpcm.bfstm,1460,1461,1.425,1.045,0.857,0.733,confirmed
58_04_N_A,58_04_N_A.dspadpcm.bfstm,1462,1464,1.522,1.941,0.59,0.784,confirmed
58_04_N_B,58_04_N_B.dspadpcm.bfstm,1463,1465,1.766,2.155,0.541,0.819,confirmed
58_05_N_A,58_05_N_A.dspadpcm.bfstm,1467,1468,1.597,1.643,0.723,0.972,confirmed
58_05_N_B,58_05_N_B.dspadpcm.bfstm,1469,1469,1.711,1.579,0.723,0.923,confirmed
58_06_N_A,58_06_N_A.dspadpcm.bfstm,1471,1472,1.786,1.429,0.834,0.8,confirmed
58_06_N_B,58_06_N_B.dspadpcm.bfstm,1473,1473,1.851,1.301,0.834,0.703,confirmed
58_07_N_A,58_07_N_A.dspadpcm.bfstm,1474,1476,1.846,2.24,0.599,0.824,confirmed
58_07_N_B,58_07_N_B.dspadpcm.bfstm,1475,1477,1.899,2.219,0.57,0.856,confirmed
58_08_N_A,58_08_N_A.dspadpcm.bfstm,1476,1480,1.867,2.24,0.633,0.833,confirmed
58_08_N_B,58_08_N_B.dspadpcm.bfstm,1477,1481,1.925,2.133,0.633,0.902,confirmed
58_09_N_A,58_09_N_A.dspadpcm.bfstm,1482,1484,8.252,6.848,0.777,0.83,confirmed
58_09_N_B,58_09_N_B.dspadpcm.bfstm,1483,1485,8.295,6.848,0.781,0.826,confirmed
59_01_N,59_01_N.dspadpcm.bfstm,1486,1487,1.965,1.536,0.695,0.782,confirmed
59_02_N,59_02_N.dspadpcm.bfstm,1488,1489,9.353,6.784,0.864,0.725,confirmed
59_03_N,59_03_N.dspadpcm.bfstm,1490,1491,11.175,8.747,0.788,0.783,confirmed
59_04_N,59_04_N.dspadpcm.bfstm,1491,1493,8.296,8.811,0.872,0.942,confirmed
59_05_N,59_05_N.dspadpcm.bfstm,1495,1495,5.182,5.461,0.791,0.949,confirmed
59_06_N,59_06_N.dspadpcm.bfstm,1498,1497,2.213,2.069,0.645,0.935,confirmed
59_07_N,59_07_N.dspadpcm.bfstm,1499,1499,2.189,2.048,0.581,0.936,confirmed
59_08_N,59_08_N.dspadpcm.bfstm,1500,1501,2.129,1.92,0.801,0.902,confirmed
59_09_N,59_09_N.dspadpcm.bfstm,1502,1503,2.233,2.453,0.564,0.91,confirmed
59_10_N,59_10_N.dspadpcm.bfstm,1504,1505,4.196,3.264,0.551,0.778,confirmed
59_11_N,59_11_N.dspadpcm.bfstm,1506,1508,2.372,1.6,0.836,0.675,confirmed
59_12_N,59_12_N.dspadpcm.bfstm,1508,1510,2.062,2.368,0.707,0.871,confirmed
59_13_N,59_13_N.dspadpcm.bfstm,1511,1512,2.079,1.771,0.751,0.852,confirmed
59_15_N,59_15_N.dspadpcm.bfstm,1514,1515,2.28,1.835,0.674,0.805,confirmed
60_01_N,60_01_N.dspadpcm.bfstm,1516,1517,8.877,7.125,0.912,0.803,confirmed
60_02_N,60_02_N.dspadpcm.bfstm,1519,1519,15.672,15.701,0.898,0.998,confirmed
60_03_N,60_03_N.dspadpcm.bfstm,1520,1521,9.998,9.643,0.905,0.964,confirmed
60_04_N,60_04_N.dspadpcm.bfstm,1522,1523,8.142,7.317,0.831,0.899,confirmed
60_05_N,60_05_N.dspadpcm.bfstm,1525,1525,8.111,8.363,0.813,0.97,confirmed
60_08_N,60_08_N.dspadpcm.bfstm,1530,1531,10.54,9.792,0.604,0.929,confirmed
AA01CA,AA01CA.dspadpcm.bfstm,1532,1532,1.605,1.579,0.738,0.984,confirmed
AA01CB,AA01CB.dspadpcm.bfstm,1533,1533,1.587,1.6,0.773,0.992,confirmed
AA01CC,AA01CC.dspadpcm.bfstm,1534,1534,1.688,1.749,0.82,0.965,confirmed
AA01CD,AA01CD.dspadpcm.bfstm,1537,1535,1.717,1.899,0.82,0.904,confirmed
AA01SA,AA01SA.dspadpcm.bfstm,1538,1538,0.924,1.152,0.707,0.802,confirmed
AA01SB,AA01SB.dspadpcm.bfstm,1539,1539,1.113,1.301,0.707,0.855,confirmed
AA01SC,AA01SC.dspadpcm.bfstm,1540,1540,1.117,1.237,0.707,0.903,confirmed
AA01SD,AA01SD.dspadpcm.bfstm,1541,1541,1.069,1.259,0.707,0.849,confirmed
AA01SE,AA01SE.dspadpcm.bfstm,1542,1542,1.067,1.408,0.707,0.758,confirmed
AA01SF,AA01SF.dspadpcm.bfstm,1543,1543,1.113,1.344,0.691,0.828,confirmed
AA02CA,AA02CA.dspadpcm.bfstm,1544,1544,0.976,1.301,0.823,0.75,confirmed
AA02CB,AA02CB.dspadpcm.bfstm,1545,1545,0.991,0.981,0.825,0.99,confirmed
AA02CC,AA02CC.dspadpcm.bfstm,1546,1546,1.251,1.28,0.854,0.977,confirmed
AA02CD,AA02CD.dspadpcm.bfstm,1549,1547,1.205,1.387,0.854,0.869,confirmed
AA02SA,AA02SA.dspadpcm.bfstm,1550,1550,1.016,1.088,0.905,0.934,confirmed
AA02SB,AA02SB.dspadpcm.bfstm,1551,1551,1.175,1.003,0.909,0.854,confirmed
AA02SC,AA02SC.dspadpcm.bfstm,1552,1552,1.002,0.917,0.869,0.915,confirmed
AA02SD,AA02SD.dspadpcm.bfstm,1553,1553,1.0,1.195,0.938,0.837,confirmed
AA02SE,AA02SE.dspadpcm.bfstm,1554,1554,0.89,1.067,0.938,0.834,confirmed
AA02SF,AA02SF.dspadpcm.bfstm,1555,1555,0.839,1.003,0.905,0.836,confirmed
AA03CA,AA03CA.dspadpcm.bfstm,1556,1556,1.006,1.216,0.914,0.827,confirmed
AA03CB,AA03CB.dspadpcm.bfstm,1557,1557,0.906,0.96,0.886,0.944,confirmed
AA03CC,AA03CC.dspadpcm.bfstm,1558,1558,1.106,1.109,0.886,0.997,confirmed
AA03CD,AA03CD.dspadpcm.bfstm,1560,1560,0.991,1.024,0.921,0.968,confirmed
AA03SA,AA03SA.dspadpcm.bfstm,1561,1563,0.889,1.216,0.56,0.731,confirmed
AA03SB,AA03SB.dspadpcm.bfstm,1562,1564,1.203,1.195,0.528,0.993,confirmed
AA03SC,AA03SC.dspadpcm.bfstm,1563,1565,1.101,1.067,0.528,0.969,confirmed
AA03SD,AA03SD.dspadpcm.bfstm,1565,1566,1.237,1.28,0.528,0.966,confirmed
AA03SE,AA03SE.dspadpcm.bfstm,1566,1567,1.045,1.152,0.517,0.907,confirmed
AA03SF,AA03SF.dspadpcm.bfstm,1568,1568,1.018,0.875,0.698,0.86,confirmed
AA04CA,AA04CA.dspadpcm.bfstm,1569,1569,0.692,0.683,0.941,0.987,confirmed
AA04CB,AA04CB.dspadpcm.bfstm,1570,1570,0.869,0.875,0.893,0.993,confirmed
AA04CC,AA04CC.dspadpcm.bfstm,1572,1571,0.78,0.747,0.941,0.958,confirmed
AA04CD,AA04CD.dspadpcm.bfstm,1573,1572,0.818,0.939,0.881,0.871,confirmed
AA04SA,AA04SA.dspadpcm.bfstm,1574,1574,1.024,1.173,0.78,0.873,confirmed
AA04SB,AA04SB.dspadpcm.bfstm,1575,1575,1.148,1.152,0.845,0.997,confirmed
AA04SC,AA04SC.dspadpcm.bfstm,1576,1576,1.119,1.216,0.845,0.92,confirmed
AA04SD,AA04SD.dspadpcm.bfstm,1577,1577,1.181,1.28,0.874,0.923,confirmed
AA04SE,AA04SE.dspadpcm.bfstm,1578,1578,1.139,1.259,0.845,0.905,confirmed
AA04SF,AA04SF.dspadpcm.bfstm,1579,1579,1.194,1.323,0.874,0.902,confirmed
AA05CA,AA05CA.dspadpcm.bfstm,1580,1580,0.751,0.832,0.548,0.903,confirmed
AA05CB,AA05CB.dspadpcm.bfstm,1581,1581,0.719,0.768,0.674,0.936,confirmed
AA05CC,AA05CC.dspadpcm.bfstm,1582,1582,0.793,1.109,0.778,0.715,confirmed
AA05CD,AA05CD.dspadpcm.bfstm,1583,1583,0.693,0.917,0.616,0.756,confirmed
AA05SA,AA05SA.dspadpcm.bfstm,1586,1586,0.955,1.237,0.802,0.772,confirmed
AA05SB,AA05SB.dspadpcm.bfstm,1587,1587,1.045,1.365,0.767,0.766,confirmed
AA05SC,AA05SC.dspadpcm.bfstm,1588,1588,1.061,1.259,0.803,0.843,confirmed
AA05SD,AA05SD.dspadpcm.bfstm,1589,1589,1.077,1.344,0.798,0.801,confirmed
AA05SE,AA05SE.dspadpcm.bfstm,1590,1590,1.228,1.493,0.767,0.823,confirmed
AA05SF,AA05SF.dspadpcm.bfstm,1591,1591,1.339,1.365,0.765,0.981,confirmed
AA06CA,AA06CA.dspadpcm.bfstm,1592,1592,0.665,1.003,0.694,0.663,confirmed
AA06CB,AA06CB.dspadpcm.bfstm,1593,1593,0.602,1.088,0.646,0.553,confirmed
AA06CC,AA06CC.dspadpcm.bfstm,1594,1594,0.688,1.003,0.406,0.686,low-confidence
AA06CD,AA06CD.dspadpcm.bfstm,1595,1595,0.655,1.088,0.827,0.602,confirmed
AA06SA,AA06SA.dspadpcm.bfstm,1598,1598,0.78,0.811,0.889,0.962,confirmed
AA06SB,AA06SB.dspadpcm.bfstm,1599,1599,1.026,1.024,0.889,0.998,confirmed
AA06SC,AA06SC.dspadpcm.bfstm,1600,1600,0.887,0.832,0.781,0.938,confirmed
AA06SD,AA06SD.dspadpcm.bfstm,1601,1601,0.939,0.896,0.888,0.954,confirmed
AA06SE,AA06SE.dspadpcm.bfstm,1602,1602,0.859,1.109,0.889,0.775,confirmed
AA06SF,AA06SF.dspadpcm.bfstm,1603,1603,1.032,0.896,0.889,0.868,confirmed
AA07CA,AA07CA.dspadpcm.bfstm,1604,1604,0.638,0.896,0.501,0.712,confirmed
AA07CB,AA07CB.dspadpcm.bfstm,1606,1605,0.595,0.917,0.473,0.649,confirmed
AA07CC,AA07CC.dspadpcm.bfstm,1607,1606,0.667,0.981,0.676,0.68,confirmed
AA07CD,AA07CD.dspadpcm.bfstm,1609,1607,0.586,1.003,0.561,0.584,confirmed
AA07SA,AA07SA.dspadpcm.bfstm,1610,1610,1.029,0.981,0.779,0.953,confirmed
AA07SB,AA07SB.dspadpcm.bfstm,1611,1611,1.044,0.981,0.779,0.94,confirmed
AA07SC,AA07SC.dspadpcm.bfstm,1612,1612,1.178,0.853,0.779,0.724,confirmed
AA07SD,AA07SD.dspadpcm.bfstm,1613,1613,1.351,1.067,0.779,0.79,confirmed
AA07SE,AA07SE.dspadpcm.bfstm,1614,1614,1.04,1.067,0.726,0.975,confirmed
AA07SF,AA07SF.dspadpcm.bfstm,1615,1615,1.205,0.917,0.779,0.761,confirmed
AA08CA,AA08CA.dspadpcm.bfstm,1616,1616,1.108,1.451,0.66,0.764,confirmed
AA08CB,AA08CB.dspadpcm.bfstm,1617,1617,1.101,1.387,0.658,0.794,confirmed
AA08CC,AA08CC.dspadpcm.bfstm,1619,1618,1.21,1.579,0.66,0.766,confirmed
AA08CD,AA08CD.dspadpcm.bfstm,1620,1619,1.194,1.493,0.658,0.8,confirmed
AA08SA,AA08SA.dspadpcm.bfstm,1622,1622,1.209,1.323,0.782,0.914,confirmed
AA08SB,AA08SB.dspadpcm.bfstm,1623,1623,1.403,1.579,0.801,0.889,confirmed
AA08SC,AA08SC.dspadpcm.bfstm,1624,1624,1.328,1.344,0.801,0.988,confirmed
AA08SD,AA08SD.dspadpcm.bfstm,1625,1625,1.293,1.429,0.782,0.905,confirmed
AA08SE,AA08SE.dspadpcm.bfstm,1626,1626,1.173,1.707,0.801,0.687,confirmed
AA08SF,AA08SF.dspadpcm.bfstm,1627,1627,1.211,1.451,0.626,0.835,confirmed
AA09CA,AA09CA.dspadpcm.bfstm,1628,1628,1.511,1.579,0.701,0.957,confirmed
AA09CB,AA09CB.dspadpcm.bfstm,1629,1629,1.575,1.536,0.676,0.975,confirmed
AA09CC,AA09CC.dspadpcm.bfstm,1630,1630,1.439,1.301,0.701,0.904,confirmed
AA09CD,AA09CD.dspadpcm.bfstm,1632,1631,1.607,1.664,0.701,0.966,confirmed
AA09SA,AA09SA.dspadpcm.bfstm,1634,1634,1.143,1.152,0.825,0.992,confirmed
AA09SB,AA09SB.dspadpcm.bfstm,1635,1635,1.221,1.216,0.867,0.996,confirmed
AA09SC,AA09SC.dspadpcm.bfstm,1636,1636,1.325,1.003,0.825,0.757,confirmed
AA09SD,AA09SD.dspadpcm.bfstm,1637,1637,1.565,1.259,0.825,0.804,confirmed
AA09SE,AA09SE.dspadpcm.bfstm,1638,1638,1.364,1.323,0.825,0.97,confirmed
AA09SF,AA09SF.dspadpcm.bfstm,1639,1639,1.448,1.088,0.867,0.751,confirmed
AA10CA,AA10CA.dspadpcm.bfstm,1640,1640,1.291,1.515,0.74,0.852,confirmed
AA10CB,AA10CB.dspadpcm.bfstm,1641,1641,0.957,1.728,0.74,0.554,confirmed
AA10CC,AA10CC.dspadpcm.bfstm,1642,1642,1.271,1.515,0.74,0.839,confirmed
AA10CD,AA10CD.dspadpcm.bfstm,1645,1643,1.191,1.643,0.74,0.725,confirmed
AA10SA,AA10SA.dspadpcm.bfstm,1646,1646,1.096,1.323,0.665,0.828,confirmed
AA10SB,AA10SB.dspadpcm.bfstm,1647,1647,1.522,1.259,0.655,0.827,confirmed
AA10SC,AA10SC.dspadpcm.bfstm,1648,1648,1.103,1.109,0.704,0.995,confirmed
AA10SD,AA10SD.dspadpcm.bfstm,1649,1649,1.47,1.451,0.57,0.987,confirmed
AA10SE,AA10SE.dspadpcm.bfstm,1650,1650,1.322,1.365,0.708,0.968,confirmed
AA10SF,AA10SF.dspadpcm.bfstm,1651,1651,1.147,1.216,0.704,0.943,confirmed
AA11CA,AA11CA.dspadpcm.bfstm,1652,1652,0.59,0.533,0.818,0.903,confirmed
AA11CB,AA11CB.dspadpcm.bfstm,1653,1653,0.549,0.811,0.818,0.677,confirmed
AA11CC,AA11CC.dspadpcm.bfstm,1654,1654,0.738,0.619,0.818,0.839,confirmed
AA11CD,AA11CD.dspadpcm.bfstm,1655,1655,0.602,0.576,0.818,0.957,confirmed
AA11SA,AA11SA.dspadpcm.bfstm,1656,1658,1.018,0.896,0.483,0.88,confirmed
AA11SB,AA11SB.dspadpcm.bfstm,1658,1659,1.453,1.344,0.54,0.925,confirmed
AA11SC,AA11SC.dspadpcm.bfstm,1659,1660,1.118,1.387,0.426,0.806,low-confidence
AA11SD,AA11SD.dspadpcm.bfstm,1660,1661,1.224,1.365,0.481,0.897,confirmed
AA11SE,AA11SE.dspadpcm.bfstm,1661,1662,1.152,1.451,0.527,0.794,confirmed
AA11SF,AA11SF.dspadpcm.bfstm,1663,1663,1.256,1.493,0.481,0.841,confirmed
AA12CA,AA12CA.dspadpcm.bfstm,1664,1664,0.439,0.661,0.784,0.664,confirmed
AA12CB,AA12CB.dspadpcm.bfstm,1665,1665,0.331,0.725,0.785,0.457,no-match
AA12CC,AA12CC.dspadpcm.bfstm,1666,1666,0.415,0.661,0.592,0.628,confirmed
AA12CD,AA12CD.dspadpcm.bfstm,1667,1667,0.532,0.725,0.785,0.734,confirmed
AA12SA,AA12SA.dspadpcm.bfstm,1670,1670,1.472,1.493,0.738,0.986,confirmed
AA12SB,AA12SB.dspadpcm.bfstm,1671,1671,1.643,1.835,0.747,0.895,confirmed
AA12SC,AA12SC.dspadpcm.bfstm,1672,1672,1.424,1.387,0.747,0.974,confirmed
AA12SD,AA12SD.dspadpcm.bfstm,1673,1673,1.608,1.621,0.749,0.992,confirmed
AA12SE,AA12SE.dspadpcm.bfstm,1674,1674,1.368,2.005,0.749,0.682,confirmed
AA12SF,AA12SF.dspadpcm.bfstm,1675,1675,1.509,1.493,0.796,0.989,confirmed
AA13CA,AA13CA.dspadpcm.bfstm,1677,1676,0.53,0.704,0.861,0.753,confirmed
AA13CB,AA13CB.dspadpcm.bfstm,1678,1677,0.389,0.619,0.861,0.628,confirmed
AA13CC,AA13CC.dspadpcm.bfstm,1680,1678,0.522,0.768,0.861,0.68,confirmed
AA13CD,AA13CD.dspadpcm.bfstm,1681,1679,0.591,0.661,0.861,0.894,confirmed
AA13SA,AA13SA.dspadpcm.bfstm,1682,1682,4.337,3.861,0.884,0.89,confirmed
AA13SB,AA13SB.dspadpcm.bfstm,1683,1683,5.547,3.563,0.889,0.642,confirmed
AA13SC,AA13SC.dspadpcm.bfstm,1684,1684,3.963,3.733,0.88,0.942,confirmed
AA13SD,AA13SD.dspadpcm.bfstm,1685,1685,4.138,4.203,0.842,0.985,confirmed
AA13SE,AA13SE.dspadpcm.bfstm,1686,1686,4.629,3.861,0.888,0.834,confirmed
AA13SF,AA13SF.dspadpcm.bfstm,1687,1687,3.754,4.053,0.833,0.926,confirmed
AA14CA,AA14CA.dspadpcm.bfstm,1688,1688,0.577,0.789,0.693,0.731,confirmed
AA14CB,AA14CB.dspadpcm.bfstm,1689,1689,0.62,0.725,0.705,0.855,confirmed
AA14CC,AA14CC.dspadpcm.bfstm,1690,1690,0.505,0.533,0.693,0.947,confirmed
AA14CD,AA14CD.dspadpcm.bfstm,1693,1691,0.467,0.576,0.705,0.811,confirmed
AA14SA,AA14SA.dspadpcm.bfstm,1694,1694,1.871,1.92,0.742,0.974,confirmed
AA14SB,AA14SB.dspadpcm.bfstm,1695,1695,2.304,2.027,0.742,0.88,confirmed
AA14SC,AA14SC.dspadpcm.bfstm,1696,1696,2.328,1.835,0.742,0.788,confirmed
AA14SD,AA14SD.dspadpcm.bfstm,1697,1697,2.182,2.069,0.747,0.948,confirmed
AA14SE,AA14SE.dspadpcm.bfstm,1698,1698,2.381,2.219,0.737,0.932,confirmed
AA14SF,AA14SF.dspadpcm.bfstm,1699,1699,2.433,2.005,0.742,0.824,confirmed
AA15CA,AA15CA.dspadpcm.bfstm,1700,1700,1.349,1.643,0.894,0.821,confirmed
AA15CB,AA15CB.dspadpcm.bfstm,1701,1701,1.375,1.536,0.834,0.895,confirmed
AA15CC,AA15CC.dspadpcm.bfstm,1702,1702,1.138,1.259,0.898,0.904,confirmed
AA15CD,AA15CD.dspadpcm.bfstm,1705,1703,1.344,1.365,0.894,0.985,confirmed
AA15SA,AA15SA.dspadpcm.bfstm,1706,1706,1.719,1.856,0.929,0.926,confirmed
AA15SB,AA15SB.dspadpcm.bfstm,1707,1707,1.885,1.941,0.963,0.971,confirmed
AA15SC,AA15SC.dspadpcm.bfstm,1708,1708,2.025,1.408,0.91,0.695,confirmed
AA15SD,AA15SD.dspadpcm.bfstm,1709,1709,1.877,2.005,0.935,0.936,confirmed
AA15SE,AA15SE.dspadpcm.bfstm,1710,1710,1.701,2.112,0.949,0.805,confirmed
AA15SF,AA15SF.dspadpcm.bfstm,1711,1711,1.693,1.536,0.949,0.907,confirmed
AA16CA,AA16CA.dspadpcm.bfstm,1712,1712,2.635,2.88,0.78,0.915,confirmed
AA16CB,AA16CB.dspadpcm.bfstm,1713,1713,2.416,2.709,0.849,0.892,confirmed
AA16CC,AA16CC.dspadpcm.bfstm,1714,1714,2.523,2.133,0.875,0.845,confirmed
AA16CD,AA16CD.dspadpcm.bfstm,1716,1715,2.992,2.944,0.852,0.984,confirmed
AA16SA,AA16SA.dspadpcm.bfstm,1718,1718,0.84,1.131,0.837,0.743,confirmed
AA16SB,AA16SB.dspadpcm.bfstm,1719,1719,1.443,1.045,0.837,0.724,confirmed
AA16SC,AA16SC.dspadpcm.bfstm,1720,1720,0.967,1.003,0.837,0.964,confirmed
AA16SD,AA16SD.dspadpcm.bfstm,1721,1721,1.002,1.216,0.837,0.824,confirmed
AA16SE,AA16SE.dspadpcm.bfstm,1722,1722,0.859,1.131,0.79,0.76,confirmed
AA16SF,AA16SF.dspadpcm.bfstm,1723,1723,1.101,1.088,0.837,0.988,confirmed
AA17CA,AA17CA.dspadpcm.bfstm,1724,1724,2.562,2.752,0.951,0.931,confirmed
AA17CB,AA17CB.dspadpcm.bfstm,1726,1725,2.757,2.496,0.925,0.905,confirmed
AA17CC,AA17CC.dspadpcm.bfstm,1727,1726,2.9,2.987,0.925,0.971,confirmed
AA17CD,AA17CD.dspadpcm.bfstm,1728,1727,3.015,2.944,0.925,0.976,confirmed
AA17SA,AA17SA.dspadpcm.bfstm,1730,1730,1.168,1.173,0.766,0.996,confirmed
AA17SB,AA17SB.dspadpcm.bfstm,1731,1731,1.296,1.152,0.766,0.889,confirmed
AA17SC,AA17SC.dspadpcm.bfstm,1732,1732,1.539,1.067,0.766,0.693,confirmed
AA17SD,AA17SD.dspadpcm.bfstm,1733,1733,1.456,1.28,0.646,0.879,confirmed
AA17SE,AA17SE.dspadpcm.bfstm,1734,1734,1.357,1.259,0.766,0.928,confirmed
AA17SF,AA17SF.dspadpcm.bfstm,1735,1735,1.5,1.152,0.766,0.768,confirmed
AA18CA,AA18CA.dspadpcm.bfstm,1736,1736,2.768,2.688,0.836,0.971,confirmed
AA18CB,AA18CB.dspadpcm.bfstm,1739,1737,2.906,2.923,0.84,0.994,confirmed
AA18CC,AA18CC.dspadpcm.bfstm,1740,1738,2.943,2.731,0.833,0.928,confirmed
AA18CD,AA18CD.dspadpcm.bfstm,1741,1739,2.858,2.517,0.83,0.881,confirmed
AA18SA,AA18SA.dspadpcm.bfstm,1742,1742,2.954,2.731,0.889,0.925,confirmed
AA18SB,AA18SB.dspadpcm.bfstm,1743,1743,2.896,2.475,0.863,0.855,confirmed
AA18SC,AA18SC.dspadpcm.bfstm,1744,1744,2.925,2.283,0.921,0.781,confirmed
AA18SD,AA18SD.dspadpcm.bfstm,1745,1745,2.997,2.965,0.935,0.989,confirmed
AA18SE,AA18SE.dspadpcm.bfstm,1746,1746,3.061,2.688,0.935,0.878,confirmed
AA18SF,AA18SF.dspadpcm.bfstm,1747,1747,3.12,2.496,0.875,0.8,confirmed
AA19CA,AA19CA.dspadpcm.bfstm,1748,1748,3.584,3.179,0.767,0.887,confirmed
AA19CB,AA19CB.dspadpcm.bfstm,1749,1749,3.595,2.987,0.769,0.831,confirmed
AA19CC,AA19CC.dspadpcm.bfstm,1751,1750,4.09,3.456,0.767,0.845,confirmed
AA19CD,AA19CD.dspadpcm.bfstm,1752,1751,3.84,3.243,0.766,0.845,confirmed
AA19SA,AA19SA.dspadpcm.bfstm,1754,1754,1.74,1.92,0.961,0.906,confirmed
AA19SB,AA19SB.dspadpcm.bfstm,1755,1755,1.941,2.432,0.961,0.798,confirmed
AA19SC,AA19SC.dspadpcm.bfstm,1756,1756,2.027,1.877,0.961,0.926,confirmed
AA19SD,AA19SD.dspadpcm.bfstm,1757,1757,1.848,2.091,0.961,0.884,confirmed
AA19SE,AA19SE.dspadpcm.bfstm,1758,1758,2.17,2.645,0.9,0.82,confirmed
AA19SF,AA19SF.dspadpcm.bfstm,1759,1759,2.013,2.027,0.961,0.993,confirmed
AA20CA,AA20CA.dspadpcm.bfstm,1760,1760,3.781,3.605,0.904,0.953,confirmed
AA20CB,AA20CB.dspadpcm.bfstm,1761,1761,3.467,3.584,0.898,0.967,confirmed
AA20CC,AA20CC.dspadpcm.bfstm,1762,1762,3.488,3.157,0.911,0.905,confirmed
AA20CD,AA20CD.dspadpcm.bfstm,1764,1763,3.717,3.883,0.899,0.957,confirmed
AA20SA,AA20SA.dspadpcm.bfstm,1766,1766,0.673,1.003,0.731,0.671,confirmed
AA20SB,AA20SB.dspadpcm.bfstm,1767,1767,1.099,1.109,0.351,0.991,low-confidence
AA20SC,AA20SC.dspadpcm.bfstm,1768,1768,0.731,1.173,0.796,0.623,confirmed
AA20SD,AA20SD.dspadpcm.bfstm,1769,1769,0.762,1.088,0.824,0.7,confirmed
AA20SE,AA20SE.dspadpcm.bfstm,1770,1770,0.573,1.216,0.824,0.471,no-match
AA20SF,AA20SF.dspadpcm.bfstm,1771,1771,0.916,1.28,0.824,0.716,confirmed
AA21CA,AA21CA.dspadpcm.bfstm,1772,1772,3.774,3.947,0.891,0.956,confirmed
AA21CB,AA21CB.dspadpcm.bfstm,1773,1773,3.669,4.651,0.891,0.789,confirmed
AA21CC,AA21CC.dspadpcm.bfstm,1774,1774,4.335,4.395,0.867,0.986,confirmed
AA21CD,AA21CD.dspadpcm.bfstm,1775,1775,3.585,4.288,0.891,0.836,confirmed
AA21SA,AA21SA.dspadpcm.bfstm,1778,1778,1.012,1.067,0.921,0.948,confirmed
AA21SB,AA21SB.dspadpcm.bfstm,1779,1779,1.318,1.045,0.912,0.793,confirmed
AA21SC,AA21SC.dspadpcm.bfstm,1780,1780,1.242,1.088,0.921,0.876,confirmed
AA21SD,AA21SD.dspadpcm.bfstm,1781,1781,1.24,1.152,0.921,0.929,confirmed
AA21SE,AA21SE.dspadpcm.bfstm,1782,1782,1.296,1.131,0.902,0.873,confirmed
AA21SF,AA21SF.dspadpcm.bfstm,1783,1783,1.407,1.195,0.921,0.849,confirmed
AA22CA,AA22CA.dspadpcm.bfstm,1784,1784,1.016,1.088,0.695,0.934,confirmed
AA22CB,AA22CB.dspadpcm.bfstm,1785,1785,0.935,1.216,0.695,0.769,confirmed
AA22CC,AA22CC.dspadpcm.bfstm,1786,1786,1.04,1.237,0.695,0.841,confirmed
AA22CD,AA22CD.dspadpcm.bfstm,1787,1787,0.971,1.173,0.62,0.828,confirmed
AA22SA,AA22SA.dspadpcm.bfstm,1790,1790,0.571,0.683,0.928,0.836,confirmed
AA22SB,AA22SB.dspadpcm.bfstm,1791,1791,0.6,0.747,0.928,0.803,confirmed
AA22SC,AA22SC.dspadpcm.bfstm,1792,1792,0.733,0.704,0.928,0.96,confirmed
AA22SD,AA22SD.dspadpcm.bfstm,1793,1793,0.695,0.725,0.928,0.959,confirmed
AA22SE,AA22SE.dspadpcm.bfstm,1794,1794,0.605,0.811,0.883,0.746,confirmed
AA22SF,AA22SF.dspadpcm.bfstm,1795,1795,0.885,0.768,0.928,0.868,confirmed
AA23CA,AA23CA.dspadpcm.bfstm,1796,1796,1.371,1.6,0.628,0.857,confirmed
AA23CB,AA23CB.dspadpcm.bfstm,1797,1797,1.261,1.643,0.528,0.767,confirmed
AA23CC,AA23CC.dspadpcm.bfstm,1799,1798,1.389,1.749,0.601,0.794,confirmed
AA23CD,AA23CD.dspadpcm.bfstm,1800,1799,1.411,1.792,0.601,0.787,confirmed
AA23SA,AA23SA.dspadpcm.bfstm,1802,1802,2.056,1.941,0.745,0.944,confirmed
AA23SB,AA23SB.dspadpcm.bfstm,1803,1803,2.12,2.197,0.696,0.965,confirmed
AA23SC,AA23SC.dspadpcm.bfstm,1804,1804,2.351,2.069,0.745,0.88,confirmed
AA23SD,AA23SD.dspadpcm.bfstm,1805,1805,2.571,2.112,0.745,0.821,confirmed
AA23SE,AA23SE.dspadpcm.bfstm,1806,1806,2.314,2.389,0.725,0.969,confirmed
AA23SF,AA23SF.dspadpcm.bfstm,1807,1807,2.308,2.24,0.745,0.971,confirmed
AA24CA,AA24CA.dspadpcm.bfstm,1808,1808,1.029,1.408,0.841,0.731,confirmed
AA24CB,AA24CB.dspadpcm.bfstm,1809,1809,1.089,1.557,0.747,0.699,confirmed
AA24CC,AA24CC.dspadpcm.bfstm,1811,1810,1.062,1.536,0.785,0.691,confirmed
AA24CD,AA24CD.dspadpcm.bfstm,1812,1811,1.012,1.707,0.816,0.593,confirmed
AA24SA,AA24SA.dspadpcm.bfstm,1814,1814,2.533,2.432,0.747,0.96,confirmed
AA24SB,AA24SB.dspadpcm.bfstm,1815,1815,2.716,2.176,0.763,0.801,confirmed
AA24SC,AA24SC.dspadpcm.bfstm,1816,1816,2.213,2.048,0.747,0.925,confirmed
AA24SD,AA24SD.dspadpcm.bfstm,1817,1817,2.427,2.645,0.747,0.918,confirmed
AA24SE,AA24SE.dspadpcm.bfstm,1818,1818,2.587,2.347,0.763,0.907,confirmed
AA24SF,AA24SF.dspadpcm.bfstm,1819,1819,2.705,2.24,0.748,0.828,confirmed
AA25CA,AA25CA.dspadpcm.bfstm,1820,1820,1.213,1.472,0.528,0.824,confirmed
AA25CB,AA25CB.dspadpcm.bfstm,1821,1821,1.146,1.387,0.481,0.826,confirmed
AA25CC,AA25CC.dspadpcm.bfstm,1822,1822,1.213,1.557,0.446,0.779,low-confidence
AA25CD,AA25CD.dspadpcm.bfstm,1823,1823,1.103,1.6,0.576,0.689,confirmed
AA25SA,AA25SA.dspadpcm.bfstm,1826,1826,2.778,3.008,0.843,0.924,confirmed
AA25SB,AA25SB.dspadpcm.bfstm,1827,1827,2.449,3.307,0.786,0.741,confirmed
AA25SC,AA25SC.dspadpcm.bfstm,1828,1828,2.645,2.837,0.852,0.932,confirmed
AA25SD,AA25SD.dspadpcm.bfstm,1829,1829,2.586,3.264,0.852,0.792,confirmed
AA25SE,AA25SE.dspadpcm.bfstm,1830,1830,2.725,3.584,0.852,0.76,confirmed
AA25SF,AA25SF.dspadpcm.bfstm,1831,1831,2.605,3.072,0.788,0.848,confirmed
AA26CA,AA26CA.dspadpcm.bfstm,1832,1832,1.417,1.131,0.835,0.798,confirmed
AA26CB,AA26CB.dspadpcm.bfstm,1834,1833,1.077,1.045,0.835,0.97,confirmed
AA26CC,AA26CC.dspadpcm.bfstm,1835,1834,1.278,1.216,0.835,0.951,confirmed
AA26CD,AA26CD.dspadpcm.bfstm,1836,1835,1.362,1.216,0.835,0.893,confirmed
AA26SA,AA26SA.dspadpcm.bfstm,1838,1838,2.501,2.304,0.582,0.921,confirmed
AA26SB,AA26SB.dspadpcm.bfstm,1839,1839,3.066,2.197,0.582,0.717,confirmed
AA26SC,AA26SC.dspadpcm.bfstm,1840,1840,2.432,2.24,0.582,0.921,confirmed
AA26SD,AA26SD.dspadpcm.bfstm,1841,1841,2.8,2.517,0.525,0.899,confirmed
AA26SE,AA26SE.dspadpcm.bfstm,1842,1842,2.869,2.389,0.582,0.833,confirmed
AA26SF,AA26SF.dspadpcm.bfstm,1843,1843,2.569,2.432,0.525,0.947,confirmed
AA27CA,AA27CA.dspadpcm.bfstm,1844,1844,2.357,2.368,0.667,0.995,confirmed
AA27CB,AA27CB.dspadpcm.bfstm,1846,1845,2.109,2.496,0.667,0.845,confirmed
AA27CC,AA27CC.dspadpcm.bfstm,1847,1846,2.096,2.56,0.667,0.819,confirmed
AA27CD,AA27CD.dspadpcm.bfstm,1849,1847,2.031,2.709,0.669,0.75,confirmed
AA27SA,AA27SA.dspadpcm.bfstm,1850,1850,1.043,1.173,0.519,0.889,confirmed
AA27SB,AA27SB.dspadpcm.bfstm,1851,1851,1.187,1.195,0.445,0.993,low-confidence
AA27SC,AA27SC.dspadpcm.bfstm,1852,1852,0.972,1.344,0.445,0.723,low-confidence
AA27SD,AA27SD.dspadpcm.bfstm,1853,1853,0.88,1.259,0.448,0.699,low-confidence
AA27SE,AA27SE.dspadpcm.bfstm,1854,1854,1.058,1.28,0.445,0.827,low-confidence
AA27SF,AA27SF.dspadpcm.bfstm,1855,1855,1.136,1.451,0.448,0.783,low-confidence
AA28CA,AA28CA.dspadpcm.bfstm,1856,1856,1.72,1.643,0.729,0.955,confirmed
AA28CB,AA28CB.dspadpcm.bfstm,1857,1857,1.584,1.728,0.664,0.917,confirmed
AA28CC,AA28CC.dspadpcm.bfstm,1858,1858,1.69,1.749,0.729,0.966,confirmed
AA28CD,AA28CD.dspadpcm.bfstm,1859,1859,1.677,1.792,0.641,0.936,confirmed
AA28SA,AA28SA.dspadpcm.bfstm,1862,1862,1.867,1.429,0.67,0.765,confirmed
AA28SB,AA28SB.dspadpcm.bfstm,1863,1863,2.928,1.792,0.693,0.612,confirmed
AA28SC,AA28SC.dspadpcm.bfstm,1864,1864,2.42,1.429,0.693,0.59,confirmed
AA28SD,AA28SD.dspadpcm.bfstm,1865,1865,2.312,1.557,0.693,0.673,confirmed
AA28SE,AA28SE.dspadpcm.bfstm,1866,1866,2.437,1.941,0.675,0.796,confirmed
AA28SF,AA28SF.dspadpcm.bfstm,1867,1867,2.088,1.557,0.693,0.746,confirmed
AA29CA,AA29CA.dspadpcm.bfstm,1868,1868,3.536,3.371,0.65,0.953,confirmed
AA29CB,AA29CB.dspadpcm.bfstm,1869,1869,3.075,3.456,0.683,0.89,confirmed
AA29CC,AA29CC.dspadpcm.bfstm,1870,1870,3.296,3.605,0.65,0.914,confirmed
AA29CD,AA29CD.dspadpcm.bfstm,1871,1871,2.666,3.648,0.65,0.731,confirmed
AA29SA,AA29SA.dspadpcm.bfstm,1874,1874,1.565,1.685,0.707,0.929,confirmed
AA29SB,AA29SB.dspadpcm.bfstm,1875,1875,2.019,1.792,0.707,0.888,confirmed
AA29SC,AA29SC.dspadpcm.bfstm,1876,1876,1.717,1.685,0.706,0.981,confirmed
AA29SD,AA29SD.dspadpcm.bfstm,1877,1877,1.928,1.835,0.707,0.952,confirmed
AA29SE,AA29SE.dspadpcm.bfstm,1878,1878,2.088,1.941,0.706,0.93,confirmed
AA29SF,AA29SF.dspadpcm.bfstm,1879,1879,1.739,1.835,0.706,0.948,confirmed
AA30CA,AA30CA.dspadpcm.bfstm,1880,1880,3.045,3.243,0.662,0.939,confirmed
AA30CB,AA30CB.dspadpcm.bfstm,1881,1881,2.867,3.413,0.687,0.84,confirmed
AA30CC,AA30CC.dspadpcm.bfstm,1882,1882,3.013,3.84,0.712,0.785,confirmed
AA30CD,AA30CD.dspadpcm.bfstm,1883,1883,3.12,3.541,0.676,0.881,confirmed
AA30SA,AA30SA.dspadpcm.bfstm,1886,1886,2.653,2.368,0.788,0.893,confirmed
AA30SB,AA30SB.dspadpcm.bfstm,1887,1887,2.896,2.411,0.788,0.833,confirmed
AA30SC,AA30SC.dspadpcm.bfstm,1888,1888,2.927,2.112,0.795,0.722,confirmed
AA30SD,AA30SD.dspadpcm.bfstm,1889,1889,2.697,2.581,0.795,0.957,confirmed
AA30SE,AA30SE.dspadpcm.bfstm,1890,1890,3.056,2.624,0.795,0.859,confirmed
AA30SF,AA30SF.dspadpcm.bfstm,1891,1891,2.987,2.304,0.761,0.771,confirmed
AA31CA,AA31CA.dspadpcm.bfstm,1892,1892,3.498,3.371,0.767,0.964,confirmed
AA31CB,AA31CB.dspadpcm.bfstm,1893,1893,3.152,2.709,0.775,0.859,confirmed
AA31CC,AA31CC.dspadpcm.bfstm,1894,1894,3.733,2.795,0.767,0.749,confirmed
AA31CD,AA31CD.dspadpcm.bfstm,1895,1895,3.577,3.669,0.767,0.975,confirmed
AA31SA,AA31SA.dspadpcm.bfstm,1896,1898,2.917,2.944,0.765,0.991,confirmed
AA31SB,AA31SB.dspadpcm.bfstm,1897,1899,3.179,3.029,0.775,0.953,confirmed
AA31SC,AA31SC.dspadpcm.bfstm,1899,1900,3.162,3.008,0.756,0.951,confirmed
AA31SD,AA31SD.dspadpcm.bfstm,1901,1901,3.216,3.008,0.756,0.935,confirmed
AA31SE,AA31SE.dspadpcm.bfstm,1902,1902,3.461,3.264,0.756,0.943,confirmed
AA31SF,AA31SF.dspadpcm.bfstm,1903,1903,3.154,2.688,0.752,0.852,confirmed
AA32CA,AA32CA.dspadpcm.bfstm,1904,1904,3.083,2.667,0.897,0.865,confirmed
AA32CB,AA32CB.dspadpcm.bfstm,1905,1905,2.677,2.688,0.914,0.996,confirmed
AA32CC,AA32CC.dspadpcm.bfstm,1907,1906,3.135,2.88,0.897,0.919,confirmed
AA32CD,AA32CD.dspadpcm.bfstm,1908,1907,2.912,2.901,0.914,0.996,confirmed
AA32SA,AA32SA.dspadpcm.bfstm,1909,1910,2.776,2.56,0.825,0.922,confirmed
AA32SB,AA32SB.dspadpcm.bfstm,1910,1911,3.552,2.496,0.85,0.703,confirmed
AA32SC,AA32SC.dspadpcm.bfstm,1911,1912,3.411,2.517,0.884,0.738,confirmed
AA32SD,AA32SD.dspadpcm.bfstm,1913,1913,3.486,2.709,0.859,0.777,confirmed
AA32SE,AA32SE.dspadpcm.bfstm,1914,1914,3.712,2.731,0.884,0.736,confirmed
AA32SF,AA32SF.dspadpcm.bfstm,1915,1915,3.347,2.432,0.834,0.727,confirmed
AA33CA,AA33CA.dspadpcm.bfstm,1917,1916,3.355,2.88,0.767,0.858,confirmed
AA33CB,AA33CB.dspadpcm.bfstm,1919,1917,3.088,3.051,0.742,0.988,confirmed
AA33CC,AA33CC.dspadpcm.bfstm,1920,1918,3.599,3.136,0.756,0.871,confirmed
AA33CD,AA33CD.dspadpcm.bfstm,1921,1919,2.766,2.688,0.738,0.972,confirmed
AA33SA,AA33SA.dspadpcm.bfstm,1922,1922,3.006,2.795,0.732,0.93,confirmed
AA33SB,AA33SB.dspadpcm.bfstm,1923,1923,3.285,2.773,0.703,0.844,confirmed
AA33SC,AA33SC.dspadpcm.bfstm,1924,1924,3.386,2.389,0.745,0.706,confirmed
AA33SD,AA33SD.dspadpcm.bfstm,1925,1925,3.507,3.029,0.745,0.864,confirmed
AA33SE,AA33SE.dspadpcm.bfstm,1926,1926,3.6,3.029,0.712,0.841,confirmed
AA33SF,AA33SF.dspadpcm.bfstm,1927,1927,3.294,2.603,0.715,0.79,confirmed
AB01CA,AB01CA.dspadpcm.bfstm,1928,1928,0.81,0.981,0.848,0.826,confirmed
AB01CB,AB01CB.dspadpcm.bfstm,1929,1929,0.515,1.088,0.892,0.473,no-match
AB01CC,AB01CC.dspadpcm.bfstm,1930,1930,0.439,0.747,,0.588,no-speech-nomatch
AB01CD,AB01CD.dspadpcm.bfstm,1933,1931,0.513,0.811,0.891,0.633,confirmed
AB01SA,AB01SA.dspadpcm.bfstm,1934,1934,1.496,1.515,,0.987,no-speech-durmatch
AB01SAb,AB01SAb.dspadpcm.bfstm,1935,1935,0.922,0.939,,0.982,no-speech-durmatch
AB01SB,AB01SB.dspadpcm.bfstm,1937,1936,2.173,1.792,,0.825,no-speech-durmatch
AB01SC,AB01SC.dspadpcm.bfstm,1938,1937,1.54,1.643,,0.937,no-speech-durmatch
AB01SD,AB01SD.dspadpcm.bfstm,1939,1938,0.921,1.685,0.752,0.547,confirmed
AB01SE,AB01SE.dspadpcm.bfstm,1941,1939,0.848,0.747,0.372,0.881,low-confidence
AB01SF,AB01SF.dspadpcm.bfstm,1942,1940,1.272,0.683,0.342,0.537,no-match
AB02CA,AB02CA.dspadpcm.bfstm,1943,1941,0.59,0.704,0.891,0.838,confirmed
AB02CB,AB02CB.dspadpcm.bfstm,1944,1942,0.422,0.811,0.904,0.52,confirmed
AB02CC,AB02CC.dspadpcm.bfstm,1945,1943,0.569,0.725,0.904,0.785,confirmed
AB02CD,AB02CD.dspadpcm.bfstm,1946,1944,0.534,0.768,0.891,0.695,confirmed
AB02SA,AB02SA.dspadpcm.bfstm,1947,1947,1.208,1.259,0.828,0.959,confirmed
AB02SAb,AB02SAb.dspadpcm.bfstm,1948,1948,0.766,0.789,0.576,0.971,confirmed
AB02SB,AB02SB.dspadpcm.bfstm,1949,1952,1.52,1.451,0.531,0.955,confirmed
AB02SC,AB02SC.dspadpcm.bfstm,1950,1953,1.477,1.344,0.581,0.91,confirmed
AB02SD,AB02SD.dspadpcm.bfstm,1951,1954,0.919,1.365,0.834,0.673,confirmed
AB02SE,AB02SE.dspadpcm.bfstm,1952,1955,1.2,1.579,0.608,0.76,confirmed
AB02SF,AB02SF.dspadpcm.bfstm,1953,1956,1.086,1.472,0.828,0.738,confirmed
AB03CA,AB03CA.dspadpcm.bfstm,1955,1957,1.085,1.387,0.861,0.782,confirmed
AB03CB,AB03CB.dspadpcm.bfstm,1956,1959,0.909,1.216,0.859,0.748,confirmed
AB03CC,AB03CC.dspadpcm.bfstm,1957,1960,0.614,1.131,,0.543,no-speech-nomatch
AB03CD,AB03CD.dspadpcm.bfstm,1958,1961,0.515,1.493,0.859,0.345,no-match
AB03SA,AB03SA.dspadpcm.bfstm,1959,1964,0.915,1.323,0.792,0.692,confirmed
AB03SB,AB03SB.dspadpcm.bfstm,1961,1965,1.296,0.512,0.954,0.395,no-match
AB03SC,AB03SC.dspadpcm.bfstm,1962,1966,1.152,0.896,0.685,0.778,confirmed
AB03SD,AB03SD.dspadpcm.bfstm,1963,1967,0.517,0.853,0.567,0.606,confirmed
AB03SE,AB03SE.dspadpcm.bfstm,1964,1968,0.73,0.896,0.486,0.815,confirmed
AB03SF,AB03SF.dspadpcm.bfstm,1965,1969,0.597,0.96,0.683,0.622,confirmed
AB04CA,AB04CA.dspadpcm.bfstm,1966,1970,0.577,0.917,0.633,0.629,confirmed
AB04CB,AB04CB.dspadpcm.bfstm,1967,1971,0.514,0.704,0.627,0.73,confirmed
AB04CC,AB04CC.dspadpcm.bfstm,1968,1972,0.665,0.789,,0.843,no-speech-durmatch
AB04CD,AB04CD.dspadpcm.bfstm,1970,1973,0.553,0.768,0.641,0.72,confirmed
AB04SA,AB04SA.dspadpcm.bfstm,1971,1976,0.844,0.853,0.596,0.989,confirmed
AB04SB,AB04SB.dspadpcm.bfstm,1974,1977,1.368,0.405,0.915,0.296,no-match
AB04SC,AB04SC.dspadpcm.bfstm,1975,1978,0.846,0.875,0.915,0.967,confirmed
AB04SE,AB04SE.dspadpcm.bfstm,1978,1979,0.738,0.939,0.915,0.786,confirmed
AB04SF,AB04SF.dspadpcm.bfstm,1980,1980,0.469,0.555,0.638,0.845,confirmed
AB05CA,AB05CA.dspadpcm.bfstm,1981,1981,0.447,0.597,0.659,0.749,confirmed
AB05CB,AB05CB.dspadpcm.bfstm,1984,1982,0.403,0.661,0.659,0.61,confirmed
AB05CC,AB05CC.dspadpcm.bfstm,1985,1983,0.487,0.533,0.659,0.914,confirmed
AB05SA,AB05SA.dspadpcm.bfstm,1986,1986,0.955,0.768,0.392,0.804,low-confidence
AB05SAb,AB05SAb.dspadpcm.bfstm,1987,1987,0.563,0.576,0.956,0.977,confirmed
AB05SB,AB05SB.dspadpcm.bfstm,1988,1988,0.644,0.896,0.659,0.719,confirmed
AB05SC,AB05SC.dspadpcm.bfstm,1989,1989,0.756,0.853,0.468,0.886,confirmed
AB05SE,AB05SE.dspadpcm.bfstm,1990,1990,0.686,0.832,0.469,0.825,confirmed
AB05SF,AB05SF.dspadpcm.bfstm,1991,1991,0.668,0.981,0.659,0.681,confirmed
AB06CA,AB06CA.dspadpcm.bfstm,1994,1992,0.983,1.045,0.524,0.941,confirmed
AB06CB,AB06CB.dspadpcm.bfstm,1995,1993,0.543,1.493,0.765,0.364,no-match
AB06CC,AB06CC.dspadpcm.bfstm,1996,1994,0.841,1.131,0.596,0.744,confirmed
AB06CD,AB06CD.dspadpcm.bfstm,1997,1996,0.588,1.152,0.807,0.51,confirmed
AB06SA,AB06SA.dspadpcm.bfstm,1999,1999,0.699,0.917,0.524,0.762,confirmed
AB06SB,AB06SB.dspadpcm.bfstm,2000,2000,0.733,0.96,0.695,0.764,confirmed
AB06SC,AB06SC.dspadpcm.bfstm,2002,2001,0.908,1.003,0.664,0.905,confirmed
AB06SD,AB06SD.dspadpcm.bfstm,2003,2002,0.706,1.045,0.695,0.676,confirmed
AB06SE,AB06SE.dspadpcm.bfstm,2005,2003,0.74,0.512,0.78,0.692,confirmed
AB06SF,AB06SF.dspadpcm.bfstm,2006,2004,0.795,0.64,0.629,0.805,confirmed
AB07CA,AB07CA.dspadpcm.bfstm,2007,2005,0.49,0.875,0.846,0.56,confirmed
AB07CD,AB07CD.dspadpcm.bfstm,2008,2006,0.393,0.555,0.905,0.708,confirmed
AB07SA,AB07SA.dspadpcm.bfstm,2009,2009,0.677,0.683,0.864,0.991,confirmed
AB07SC,AB07SC.dspadpcm.bfstm,2010,2010,1.071,0.96,0.864,0.896,confirmed
AB07SE,AB07SE.dspadpcm.bfstm,2017,2011,0.679,1.003,0.883,0.677,confirmed
AB07SF,AB07SF.dspadpcm.bfstm,2018,2012,0.915,1.344,0.883,0.681,confirmed
AB08CA,AB08CA.dspadpcm.bfstm,2019,2013,1.144,1.109,,0.969,no-speech-durmatch
AB08CB,AB08CB.dspadpcm.bfstm,2020,2014,0.632,1.088,0.997,0.581,confirmed
AB08CC,AB08CC.dspadpcm.bfstm,2021,2016,0.882,1.451,0.691,0.608,confirmed
AB08CD,AB08CD.dspadpcm.bfstm,2022,2017,0.638,1.195,0.919,0.534,confirmed
AB08SA,AB08SA.dspadpcm.bfstm,2024,2020,0.635,0.853,0.847,0.744,confirmed
AB08SB,AB08SB.dspadpcm.bfstm,2025,2021,1.781,1.152,,0.647,no-speech-nomatch
AB08SC,AB08SC.dspadpcm.bfstm,2026,2022,0.629,0.917,,0.686,no-speech-nomatch
AB08SE,AB08SE.dspadpcm.bfstm,2027,2023,0.748,0.917,0.841,0.816,confirmed
AB08SF,AB08SF.dspadpcm.bfstm,2028,2024,0.64,1.259,0.701,0.508,confirmed
AB09CA,AB09CA.dspadpcm.bfstm,2029,2025,1.549,1.237,0.815,0.799,confirmed
AB09CB,AB09CB.dspadpcm.bfstm,2030,2026,1.059,1.387,0.842,0.764,confirmed
AB09CC,AB09CC.dspadpcm.bfstm,2031,2027,0.845,1.557,0.842,0.543,confirmed
AB09CD,AB09CD.dspadpcm.bfstm,2032,2028,1.045,1.344,0.842,0.778,confirmed
AB09SA,AB09SA.dspadpcm.bfstm,2033,2031,1.308,1.493,0.516,0.876,confirmed
AB09SB,AB09SB.dspadpcm.bfstm,2034,2032,2.445,1.685,0.482,0.689,confirmed
AB09SC,AB09SC.dspadpcm.bfstm,2036,2033,1.518,1.216,0.51,0.801,confirmed
AB09SD,AB09SD.dspadpcm.bfstm,2038,2034,1.805,1.365,0.476,0.756,confirmed
AB09SE,AB09SE.dspadpcm.bfstm,2039,2035,1.258,1.323,0.606,0.951,confirmed
AB09SF,AB09SF.dspadpcm.bfstm,2040,2036,1.559,1.131,0.476,0.725,confirmed
AB10CA,AB10CA.dspadpcm.bfstm,2042,2038,1.534,1.557,0.747,0.985,confirmed
AB10CB,AB10CB.dspadpcm.bfstm,2043,2039,1.008,1.152,0.705,0.875,confirmed
AB10CC,AB10CC.dspadpcm.bfstm,2044,2040,0.988,1.451,0.726,0.681,confirmed
AB10CD,AB10CD.dspadpcm.bfstm,2046,2041,1.24,1.259,0.727,0.985,confirmed
AB10SA,AB10SA.dspadpcm.bfstm,2047,2044,1.802,1.429,0.773,0.793,confirmed
AB10SC,AB10SC.dspadpcm.bfstm,2048,2045,1.667,1.173,0.775,0.704,confirmed
AB10SD,AB10SD.dspadpcm.bfstm,2050,2046,2.499,1.536,0.773,0.615,confirmed
AB10SE,AB10SE.dspadpcm.bfstm,2051,2047,1.769,1.28,0.83,0.724,confirmed
AB10SF,AB10SF.dspadpcm.bfstm,2052,2050,2.396,1.109,0.779,0.463,no-match
AC01CA,AC01CA.dspadpcm.bfstm,2053,2051,1.506,1.472,0.745,0.977,confirmed
AC01CB,AC01CB.dspadpcm.bfstm,2054,2052,1.042,1.493,0.745,0.698,confirmed
AC01CC,AC01CC.dspadpcm.bfstm,2056,2053,1.147,1.6,0.745,0.717,confirmed
AC01CD,AC01CD.dspadpcm.bfstm,2057,2054,1.034,1.621,0.745,0.638,confirmed
AC01SA,AC01SA.dspadpcm.bfstm,2059,2057,0.961,1.088,0.84,0.883,confirmed
AC01SB,AC01SB.dspadpcm.bfstm,2060,2058,1.842,0.811,0.84,0.44,no-match
AC01SC,AC01SC.dspadpcm.bfstm,2061,2059,1.12,1.003,0.84,0.896,confirmed
AC01SD,AC01SD.dspadpcm.bfstm,2062,2061,1.506,1.173,0.84,0.779,confirmed
AC01SE,AC01SE.dspadpcm.bfstm,2063,2062,1.146,0.875,0.84,0.764,confirmed
AC01SF,AC01SF.dspadpcm.bfstm,2064,2064,1.647,1.088,0.84,0.661,confirmed
AC02CA,AC02CA.dspadpcm.bfstm,2065,2065,3.355,3.307,0.802,0.986,confirmed
AC02CB,AC02CB.dspadpcm.bfstm,2067,2066,2.799,2.88,0.86,0.972,confirmed
AC02CC,AC02CC.dspadpcm.bfstm,2069,2067,3.2,3.136,0.86,0.98,confirmed
AC02CD,AC02CD.dspadpcm.bfstm,2070,2068,2.634,3.136,0.867,0.84,confirmed
AC02SA,AC02SA.dspadpcm.bfstm,2071,2071,0.934,1.088,0.719,0.858,confirmed
AC02SB,AC02SB.dspadpcm.bfstm,2072,2072,1.152,1.024,0.719,0.889,confirmed
AC02SC,AC02SC.dspadpcm.bfstm,2073,2073,0.964,0.917,0.719,0.951,confirmed
AC02SD,AC02SD.dspadpcm.bfstm,2074,2074,1.546,1.195,0.719,0.773,confirmed
AC02SE,AC02SE.dspadpcm.bfstm,2075,2075,1.349,1.109,0.719,0.822,confirmed
AC02SF,AC02SF.dspadpcm.bfstm,2076,2076,1.057,1.003,0.719,0.949,confirmed
AC03CA,AC03CA.dspadpcm.bfstm,2077,2077,1.365,1.621,0.844,0.842,confirmed
AC03CB,AC03CB.dspadpcm.bfstm,2078,2078,1.554,1.664,0.903,0.934,confirmed
AC03CC,AC03CC.dspadpcm.bfstm,2079,2079,1.469,1.515,0.767,0.97,confirmed
AC03CD,AC03CD.dspadpcm.bfstm,2081,2080,1.872,1.813,0.837,0.968,confirmed
AC03SA,AC03SA.dspadpcm.bfstm,2083,2083,0.953,1.195,0.763,0.797,confirmed
AC03SB,AC03SB.dspadpcm.bfstm,2084,2084,1.253,1.024,0.763,0.817,confirmed
AC03SC,AC03SC.dspadpcm.bfstm,2085,2085,1.239,1.045,0.763,0.843,confirmed
AC03SD,AC03SD.dspadpcm.bfstm,2086,2086,1.228,1.28,0.763,0.959,confirmed
AC03SE,AC03SE.dspadpcm.bfstm,2087,2087,1.125,1.109,0.763,0.986,confirmed
AC03SF,AC03SF.dspadpcm.bfstm,2088,2088,1.13,1.152,0.763,0.981,confirmed
AC04CA,AC04CA.dspadpcm.bfstm,2089,2089,1.933,1.813,0.79,0.938,confirmed
AC04CB,AC04CB.dspadpcm.bfstm,2092,2090,1.459,1.963,0.79,0.743,confirmed
AC04CC,AC04CC.dspadpcm.bfstm,2093,2091,2.413,2.859,0.79,0.844,confirmed
AC04CD,AC04CD.dspadpcm.bfstm,2094,2092,1.574,2.304,0.754,0.683,confirmed
AC04SA,AC04SA.dspadpcm.bfstm,2095,2095,0.918,1.216,0.788,0.755,confirmed
AC04SB,AC04SB.dspadpcm.bfstm,2096,2096,1.509,1.451,0.788,0.962,confirmed
AC04SC,AC04SC.dspadpcm.bfstm,2097,2097,1.306,1.365,0.788,0.957,confirmed
AC04SD,AC04SD.dspadpcm.bfstm,2098,2098,1.373,1.323,0.788,0.964,confirmed
AC04SE,AC04SE.dspadpcm.bfstm,2099,2099,1.498,1.579,0.788,0.949,confirmed
AC04SF,AC04SF.dspadpcm.bfstm,2100,2100,1.246,1.493,0.788,0.835,confirmed
AC05CA,AC05CA.dspadpcm.bfstm,2101,2101,1.429,1.835,0.607,0.779,confirmed
AC05CB,AC05CB.dspadpcm.bfstm,2103,2102,1.365,2.176,0.533,0.627,confirmed
AC05CC,AC05CC.dspadpcm.bfstm,2104,2103,1.259,2.005,0.607,0.628,confirmed
AC05CD,AC05CD.dspadpcm.bfstm,2106,2104,1.304,2.347,0.533,0.556,confirmed
AC05SA,AC05SA.dspadpcm.bfstm,2107,2107,2.414,2.112,0.864,0.875,confirmed
AC05SB,AC05SB.dspadpcm.bfstm,2108,2108,3.285,1.707,0.841,0.52,confirmed
AC05SC,AC05SC.dspadpcm.bfstm,2109,2109,1.996,1.557,0.86,0.78,confirmed
AC05SD,AC05SD.dspadpcm.bfstm,2110,2110,3.409,2.304,0.853,0.676,confirmed
AC05SE,AC05SE.dspadpcm.bfstm,2111,2111,2.938,1.856,0.853,0.632,confirmed
AC05SF,AC05SF.dspadpcm.bfstm,2112,2112,2.859,1.685,0.853,0.589,confirmed
AC06CA,AC06CA.dspadpcm.bfstm,2113,2113,0.447,0.576,0.599,0.776,confirmed
AC06CB,AC06CB.dspadpcm.bfstm,2114,2114,0.411,0.597,0.599,0.688,confirmed
AC06CC,AC06CC.dspadpcm.bfstm,2115,2115,0.344,0.597,0.599,0.576,confirmed
AC06CD,AC06CD.dspadpcm.bfstm,2116,2116,0.502,0.619,0.599,0.811,confirmed
AC06SA,AC06SA.dspadpcm.bfstm,2119,2119,2.081,1.749,0.829,0.84,confirmed
AC06SB,AC06SB.dspadpcm.bfstm,2120,2120,2.368,1.493,0.822,0.63,confirmed
AC06SC,AC06SC.dspadpcm.bfstm,2121,2121,2.098,1.835,0.822,0.875,confirmed
AC06SD,AC06SD.dspadpcm.bfstm,2122,2122,2.293,1.899,0.811,0.828,confirmed
AC06SE,AC06SE.dspadpcm.bfstm,2123,2123,2.312,1.621,0.835,0.701,confirmed
AC06SF,AC06SF.dspadpcm.bfstm,2124,2124,1.901,1.984,0.822,0.958,confirmed
AC07CA,AC07CA.dspadpcm.bfstm,2125,2125,1.821,2.005,0.817,0.908,confirmed
AC07CB,AC07CB.dspadpcm.bfstm,2126,2126,1.749,2.347,0.84,0.745,confirmed
AC07CC,AC07CC.dspadpcm.bfstm,2127,2127,1.853,2.475,0.817,0.749,confirmed
AC07CD,AC07CD.dspadpcm.bfstm,2128,2128,1.712,2.176,0.817,0.787,confirmed
AC07SA,AC07SA.dspadpcm.bfstm,2131,2131,1.7,1.6,0.565,0.941,confirmed
AC07SB,AC07SB.dspadpcm.bfstm,2132,2132,3.155,1.472,0.565,0.467,no-match
AC07SC,AC07SC.dspadpcm.bfstm,2133,2133,1.492,1.664,0.509,0.897,confirmed
AC07SD,AC07SD.dspadpcm.bfstm,2134,2134,1.602,1.749,0.565,0.916,confirmed
AC07SE,AC07SE.dspadpcm.bfstm,2135,2135,1.65,1.6,0.565,0.97,confirmed
AC07SF,AC07SF.dspadpcm.bfstm,2136,2136,1.733,1.813,0.509,0.956,confirmed
AC08CA,AC08CA.dspadpcm.bfstm,2137,2137,2.109,1.941,0.592,0.92,confirmed
AC08CB,AC08CB.dspadpcm.bfstm,2139,2138,1.752,1.685,0.569,0.962,confirmed
AC08CC,AC08CC.dspadpcm.bfstm,2141,2139,1.743,1.792,0.558,0.973,confirmed
AC08CD,AC08CD.dspadpcm.bfstm,2142,2140,1.736,1.813,0.558,0.958,confirmed
AC08SA,AC08SA.dspadpcm.bfstm,2143,2143,1.13,1.472,0.637,0.768,confirmed
AC08SB,AC08SB.dspadpcm.bfstm,2144,2144,1.835,1.6,0.617,0.872,confirmed
AC08SC,AC08SC.dspadpcm.bfstm,2145,2145,1.162,1.451,0.617,0.801,confirmed
AC08SD,AC08SD.dspadpcm.bfstm,2146,2146,1.402,1.6,0.617,0.876,confirmed
AC08SE,AC08SE.dspadpcm.bfstm,2147,2147,1.917,1.728,0.514,0.901,confirmed
AC08SF,AC08SF.dspadpcm.bfstm,2148,2148,1.611,1.579,0.617,0.98,confirmed
AC09CA,AC09CA.dspadpcm.bfstm,2149,2149,3.632,3.456,0.825,0.952,confirmed
AC09CB,AC09CB.dspadpcm.bfstm,2150,2150,2.697,2.923,0.795,0.923,confirmed
AC09CC,AC09CC.dspadpcm.bfstm,2151,2151,3.163,3.115,0.795,0.985,confirmed
AC09CD,AC09CD.dspadpcm.bfstm,2153,2152,2.994,3.179,0.793,0.942,confirmed
AC09SA,AC09SA.dspadpcm.bfstm,2155,2155,2.065,1.963,0.801,0.951,confirmed
AC09SB,AC09SB.dspadpcm.bfstm,2156,2156,2.794,1.877,0.801,0.672,confirmed
AC09SC,AC09SC.dspadpcm.bfstm,2157,2157,2.128,1.707,0.792,0.802,confirmed
AC09SD,AC09SD.dspadpcm.bfstm,2158,2158,2.671,2.112,0.812,0.791,confirmed
AC09SE,AC09SE.dspadpcm.bfstm,2159,2159,2.251,2.048,0.818,0.91,confirmed
AC09SF,AC09SF.dspadpcm.bfstm,2160,2160,2.157,1.856,0.812,0.86,confirmed
AC10CA,AC10CA.dspadpcm.bfstm,2161,2161,3.397,2.987,0.656,0.879,confirmed
AC10CB,AC10CB.dspadpcm.bfstm,2162,2162,2.736,2.859,0.656,0.957,confirmed
AC10CC,AC10CC.dspadpcm.bfstm,2163,2163,2.97,2.965,0.653,0.998,confirmed
AC10CD,AC10CD.dspadpcm.bfstm,2165,2165,2.759,3.093,0.656,0.892,confirmed
AC10SA,AC10SA.dspadpcm.bfstm,2167,2168,2.762,2.389,0.649,0.865,confirmed
AC10SB,AC10SB.dspadpcm.bfstm,2168,2169,3.636,2.496,0.593,0.686,confirmed
AC10SC,AC10SC.dspadpcm.bfstm,2169,2170,2.975,2.496,0.648,0.839,confirmed
AC10SD,AC10SD.dspadpcm.bfstm,2170,2171,3.109,2.603,0.657,0.837,confirmed
AC10SE,AC10SE.dspadpcm.bfstm,2171,2172,3.301,2.709,0.648,0.821,confirmed
AC10SF,AC10SF.dspadpcm.bfstm,2172,2173,2.603,2.709,0.662,0.961,confirmed
AC11CA,AC11CA.dspadpcm.bfstm,2174,2174,2.346,2.389,0.888,0.982,confirmed
AC11CB,AC11CB.dspadpcm.bfstm,2175,2175,2.254,2.453,0.888,0.919,confirmed
AC11CC,AC11CC.dspadpcm.bfstm,2176,2176,3.056,2.837,0.847,0.928,confirmed
AC11CD,AC11CD.dspadpcm.bfstm,2177,2177,2.42,2.603,0.888,0.93,confirmed
AC11SA,AC11SA.dspadpcm.bfstm,2178,2180,1.944,2.667,0.581,0.729,confirmed
AC11SB,AC11SB.dspadpcm.bfstm,2179,2181,2.429,2.325,0.513,0.957,confirmed
AC11SC,AC11SC.dspadpcm.bfstm,2180,2182,1.875,2.304,0.537,0.814,confirmed
AC11SD,AC11SD.dspadpcm.bfstm,2181,2183,2.179,2.304,0.513,0.946,confirmed
AC11SE,AC11SE.dspadpcm.bfstm,2183,2184,2.025,2.496,0.521,0.811,confirmed
AC11SF,AC11SF.dspadpcm.bfstm,2184,2185,1.896,2.496,0.513,0.76,confirmed
AC12CA,AC12CA.dspadpcm.bfstm,2185,2186,2.944,2.709,0.914,0.92,confirmed
AC12CB,AC12CB.dspadpcm.bfstm,2186,2187,2.794,2.581,0.914,0.924,confirmed
AC12CC,AC12CC.dspadpcm.bfstm,2188,2188,3.947,2.944,0.914,0.746,confirmed
AC12CD,AC12CD.dspadpcm.bfstm,2189,2189,3.114,2.795,0.914,0.898,confirmed
AC12SA,AC12SA.dspadpcm.bfstm,2192,2192,2.592,2.581,0.69,0.996,confirmed
AC12SC,AC12SC.dspadpcm.bfstm,2193,2193,2.941,3.072,0.744,0.957,confirmed
AC12SD,AC12SD.dspadpcm.bfstm,2194,2194,3.003,2.88,0.69,0.959,confirmed
AC12SE,AC12SE.dspadpcm.bfstm,2195,2195,3.733,2.795,0.611,0.749,confirmed
AC12SF,AC12SF.dspadpcm.bfstm,2196,2196,3.119,3.349,0.611,0.931,confirmed
AC13CA,AC13CA.dspadpcm.bfstm,2197,2197,1.696,1.856,0.879,0.914,confirmed
AC13CB,AC13CB.dspadpcm.bfstm,2199,2198,1.557,1.899,0.88,0.82,confirmed
AC13CC,AC13CC.dspadpcm.bfstm,2200,2199,1.55,2.005,0.872,0.773,confirmed
AC13CD,AC13CD.dspadpcm.bfstm,2202,2200,1.437,2.069,0.875,0.695,confirmed
AC13SA,AC13SA.dspadpcm.bfstm,2203,2203,1.477,1.792,0.612,0.824,confirmed
AC13SB,AC13SB.dspadpcm.bfstm,2204,2204,3.589,1.749,0.612,0.487,no-match
AC13SC,AC13SC.dspadpcm.bfstm,2205,2205,1.614,1.728,0.612,0.934,confirmed
AC13SD,AC13SD.dspadpcm.bfstm,2206,2206,1.781,1.941,0.612,0.918,confirmed
AC13SE,AC13SE.dspadpcm.bfstm,2207,2207,1.816,1.899,0.612,0.956,confirmed
AC13SF,AC13SF.dspadpcm.bfstm,2208,2208,1.597,1.877,0.612,0.851,confirmed
AC14CA,AC14CA.dspadpcm.bfstm,2209,2209,2.176,2.261,0.653,0.962,confirmed
AC14CB,AC14CB.dspadpcm.bfstm,2210,2210,2.181,2.475,0.668,0.881,confirmed
AC14CC,AC14CC.dspadpcm.bfstm,2212,2212,2.347,2.453,0.653,0.957,confirmed
AC14CD,AC14CD.dspadpcm.bfstm,2213,2213,2.139,2.688,0.668,0.796,confirmed
AC14SA,AC14SA.dspadpcm.bfstm,2215,2216,2.021,2.197,0.778,0.92,confirmed
AC14SB,AC14SB.dspadpcm.bfstm,2216,2217,4.314,2.261,0.773,0.524,confirmed
AC14SC,AC14SC.dspadpcm.bfstm,2217,2218,2.013,2.304,0.778,0.874,confirmed
AC14SD,AC14SD.dspadpcm.bfstm,2218,2219,2.299,2.389,0.778,0.962,confirmed
AC14SE,AC14SE.dspadpcm.bfstm,2219,2220,3.44,2.453,0.778,0.713,confirmed
AC14SF,AC14SF.dspadpcm.bfstm,2220,2223,1.89,2.517,0.822,0.751,confirmed
AC15CA,AC15CA.dspadpcm.bfstm,2221,2224,2.544,2.069,0.724,0.813,confirmed
AC15CB,AC15CB.dspadpcm.bfstm,2224,2225,2.538,2.24,0.724,0.883,confirmed
AC15CC,AC15CC.dspadpcm.bfstm,2225,2226,2.109,1.856,0.724,0.88,confirmed
AC15CD,AC15CD.dspadpcm.bfstm,2226,2227,2.351,1.984,0.724,0.844,confirmed
AC15SA,AC15SA.dspadpcm.bfstm,2228,2230,2.163,1.941,0.868,0.897,confirmed
AC15SC,AC15SC.dspadpcm.bfstm,2229,2231,2.517,2.069,0.56,0.822,confirmed
AC15SD,AC15SD.dspadpcm.bfstm,2230,2232,2.447,2.005,0.868,0.819,confirmed
AC15SE,AC15SE.dspadpcm.bfstm,2231,2233,2.621,2.112,0.774,0.806,confirmed
AC15SF,AC15SF.dspadpcm.bfstm,2232,2234,3.061,2.24,0.868,0.732,confirmed
AC16CA,AC16CA.dspadpcm.bfstm,2234,2235,4.581,3.115,0.731,0.68,confirmed
AC16CB,AC16CB.dspadpcm.bfstm,2236,2236,4.041,3.264,0.747,0.808,confirmed
AC16CC,AC16CC.dspadpcm.bfstm,2237,2237,4.297,3.392,0.731,0.789,confirmed
AC16CD,AC16CD.dspadpcm.bfstm,2238,2238,3.861,3.221,0.747,0.834,confirmed
AC16SA,AC16SA.dspadpcm.bfstm,2239,2241,1.385,1.429,0.769,0.969,confirmed
AC16SB,AC16SB.dspadpcm.bfstm,2240,2242,1.868,1.195,0.769,0.64,confirmed
AC16SC,AC16SC.dspadpcm.bfstm,2241,2243,1.288,1.387,0.769,0.929,confirmed
AC16SD,AC16SD.dspadpcm.bfstm,2242,2244,1.434,1.557,0.769,0.921,confirmed
AC16SE,AC16SE.dspadpcm.bfstm,2243,2245,2.008,1.301,0.769,0.648,confirmed
AC16SF,AC16SF.dspadpcm.bfstm,2244,2246,1.611,1.515,0.769,0.94,confirmed
AC17SA,AC17SA.dspadpcm.bfstm,2245,2247,1.627,1.6,0.766,0.983,confirmed
AC17SB,AC17SB.dspadpcm.bfstm,2246,2248,2.395,1.28,0.631,0.534,confirmed
AC17SC,AC17SC.dspadpcm.bfstm,2247,2249,1.538,1.365,0.766,0.888,confirmed
AC17SD,AC17SD.dspadpcm.bfstm,2248,2250,1.751,1.749,0.631,0.999,confirmed
AC17SF,AC17SF.dspadpcm.bfstm,2250,2251,1.747,1.493,0.79,0.855,confirmed
AC18SA,AC18SA.dspadpcm.bfstm,2252,2252,1.301,1.259,0.654,0.968,confirmed
AC18SC,AC18SC.dspadpcm.bfstm,2253,2253,1.361,1.387,0.654,0.981,confirmed
AC18SD,AC18SD.dspadpcm.bfstm,2254,2254,1.682,1.344,0.637,0.799,confirmed
AC18SE,AC18SE.dspadpcm.bfstm,2255,2255,1.469,1.365,0.569,0.929,confirmed
AC18SF,AC18SF.dspadpcm.bfstm,2256,2256,1.208,1.515,0.649,0.797,confirmed
AC19SA,AC19SA.dspadpcm.bfstm,2257,2257,0.608,0.789,0.975,0.771,confirmed
AC19SB,AC19SB.dspadpcm.bfstm,2258,2258,1.356,0.875,0.931,0.645,confirmed
AC19SC,AC19SC.dspadpcm.bfstm,2259,2259,0.67,0.811,0.931,0.826,confirmed
AC19SD,AC19SD.dspadpcm.bfstm,2260,2260,0.576,0.875,0.931,0.658,confirmed
AC19SE,AC19SE.dspadpcm.bfstm,2261,2261,0.946,0.939,0.931,0.993,confirmed
AC19SF,AC19SF.dspadpcm.bfstm,2262,2262,0.728,0.875,0.931,0.832,confirmed
AC20SA,AC20SA.dspadpcm.bfstm,2263,2263,0.464,0.875,0.841,0.53,confirmed
AC20SC,AC20SC.dspadpcm.bfstm,2264,2264,0.71,0.939,0.762,0.756,confirmed
AC20SD,AC20SD.dspadpcm.bfstm,2265,2265,0.833,1.024,0.738,0.813,confirmed
AC20SE,AC20SE.dspadpcm.bfstm,2266,2266,0.859,0.939,0.841,0.915,confirmed
AC20SF,AC20SF.dspadpcm.bfstm,2267,2267,1.013,1.024,0.752,0.989,confirmed
AC21SA,AC21SA.dspadpcm.bfstm,2269,2269,2.211,1.984,0.955,0.897,confirmed
AC21SB,AC21SB.dspadpcm.bfstm,2270,2270,3.355,1.92,0.917,0.572,confirmed
AC21SC,AC21SC.dspadpcm.bfstm,2271,2271,2.843,1.749,0.955,0.615,confirmed
AC21SD,AC21SD.dspadpcm.bfstm,2272,2272,2.833,2.155,0.954,0.761,confirmed
AC21SE,AC21SE.dspadpcm.bfstm,2273,2273,3.792,2.069,0.955,0.546,confirmed
AC21SF,AC21SF.dspadpcm.bfstm,2274,2274,2.632,1.899,0.917,0.722,confirmed
AC22SA,AC22SA.dspadpcm.bfstm,2275,2275,2.148,2.368,0.796,0.907,confirmed
AC22SB,AC22SB.dspadpcm.bfstm,2276,2276,2.85,2.603,0.515,0.913,confirmed
AC22SC,AC22SC.dspadpcm.bfstm,2277,2277,2.49,2.219,0.786,0.891,confirmed
AC22SD,AC22SD.dspadpcm.bfstm,2278,2278,2.506,2.56,0.86,0.979,confirmed
AC22SE,AC22SE.dspadpcm.bfstm,2279,2279,2.798,2.816,0.763,0.994,confirmed
AC22SF,AC22SF.dspadpcm.bfstm,2280,2280,2.221,2.411,0.786,0.921,confirmed
AC23SA,AC23SA.dspadpcm.bfstm,2281,2281,1.571,1.92,0.845,0.818,confirmed
AC23SB,AC23SB.dspadpcm.bfstm,2282,2282,2.288,2.517,0.719,0.909,confirmed
AC23SC,AC23SC.dspadpcm.bfstm,2283,2283,1.765,2.048,0.724,0.862,confirmed
AC23SD,AC23SD.dspadpcm.bfstm,2284,2284,1.839,2.069,0.839,0.889,confirmed
AC23SE,AC23SE.dspadpcm.bfstm,2285,2285,1.93,2.731,0.719,0.707,confirmed
AC23SF,AC23SF.dspadpcm.bfstm,2286,2286,1.826,2.24,,0.815,no-speech-durmatch
AC24SA,AC24SA.dspadpcm.bfstm,2287,2287,1.011,1.387,0.731,0.729,confirmed
AC24SB,AC24SB.dspadpcm.bfstm,2288,2288,1.214,1.493,0.493,0.813,confirmed
AC24SC,AC24SC.dspadpcm.bfstm,2289,2289,1.162,1.557,0.742,0.746,confirmed
AC24SD,AC24SD.dspadpcm.bfstm,2290,2290,1.287,1.493,0.762,0.862,confirmed
AC24SE,AC24SE.dspadpcm.bfstm,2291,2291,1.408,1.621,0.726,0.869,confirmed
AC24SF,AC24SF.dspadpcm.bfstm,2292,2292,1.228,1.685,0.64,0.729,confirmed
AD01CA,AD01CA.dspadpcm.bfstm,2293,2293,2.462,2.347,0.877,0.953,confirmed
AD01CB,AD01CB.dspadpcm.bfstm,2294,2294,2.299,2.475,0.946,0.929,confirmed
AD01CC,AD01CC.dspadpcm.bfstm,2295,2295,2.0,1.856,0.898,0.928,confirmed
AD01CD,AD01CD.dspadpcm.bfstm,2296,2296,2.152,2.56,0.946,0.841,confirmed
AD01CDb,AD01CDb.dspadpcm.bfstm,2297,2297,2.392,2.411,0.915,0.992,confirmed
AD01SA,AD01SA.dspadpcm.bfstm,2300,2300,2.053,1.728,0.662,0.842,confirmed
AD01SB,AD01SB.dspadpcm.bfstm,2301,2301,2.189,1.856,0.662,0.848,confirmed
AD01SC,AD01SC.dspadpcm.bfstm,2302,2302,2.178,1.728,0.645,0.793,confirmed
AD01SD,AD01SD.dspadpcm.bfstm,2303,2303,2.071,1.877,0.662,0.906,confirmed
AD01SE,AD01SE.dspadpcm.bfstm,2304,2304,1.987,2.027,0.662,0.98,confirmed
AD01SF,AD01SF.dspadpcm.bfstm,2305,2305,1.925,1.877,0.662,0.975,confirmed
AD02CA,AD02CA.dspadpcm.bfstm,2306,2306,4.797,4.779,0.909,0.996,confirmed
AD02CB,AD02CB.dspadpcm.bfstm,2307,2307,4.395,4.245,0.909,0.966,confirmed
AD02CC,AD02CC.dspadpcm.bfstm,2309,2308,4.56,5.184,0.909,0.88,confirmed
AD02CD,AD02CD.dspadpcm.bfstm,2310,2309,4.064,4.48,0.959,0.907,confirmed
AD02CDb,AD02CDb.dspadpcm.bfstm,2312,2310,4.464,4.309,0.869,0.965,confirmed
AD02SA,AD02SA.dspadpcm.bfstm,2313,2313,1.704,1.835,0.675,0.929,confirmed
AD02SB,AD02SB.dspadpcm.bfstm,2314,2314,2.186,1.728,0.675,0.79,confirmed
AD02SC,AD02SC.dspadpcm.bfstm,2315,2315,2.65,1.813,0.675,0.684,confirmed
AD02SD,AD02SD.dspadpcm.bfstm,2316,2316,1.829,1.984,0.675,0.922,confirmed
AD02SE,AD02SE.dspadpcm.bfstm,2317,2317,1.828,1.877,0.675,0.974,confirmed
AD02SF,AD02SF.dspadpcm.bfstm,2318,2318,1.76,1.963,0.675,0.897,confirmed
AD03CA,AD03CA.dspadpcm.bfstm,2319,2319,4.357,4.139,0.9,0.95,confirmed
AD03CB,AD03CB.dspadpcm.bfstm,2320,2320,4.197,3.52,0.801,0.839,confirmed
AD03CC,AD03CC.dspadpcm.bfstm,2322,2321,4.757,4.48,0.801,0.942,confirmed
AD03CD,AD03CD.dspadpcm.bfstm,2323,2322,4.042,4.16,0.889,0.972,confirmed
AD03CDb,AD03CDb.dspadpcm.bfstm,2324,2323,4.155,3.819,0.9,0.919,confirmed
AD03SA,AD03SA.dspadpcm.bfstm,2326,2326,4.32,4.139,0.718,0.958,confirmed
AD03SB,AD03SB.dspadpcm.bfstm,2327,2327,4.939,4.736,0.718,0.959,confirmed
AD03SC,AD03SC.dspadpcm.bfstm,2328,2328,4.805,3.285,0.724,0.684,confirmed
AD03SD,AD03SD.dspadpcm.bfstm,2329,2329,4.644,4.48,0.704,0.965,confirmed
AD03SE,AD03SE.dspadpcm.bfstm,2330,2330,4.197,5.141,0.696,0.816,confirmed
AD03SF,AD03SF.dspadpcm.bfstm,2331,2331,4.074,3.584,0.708,0.88,confirmed
AD04CA,AD04CA.dspadpcm.bfstm,2332,2332,5.019,4.48,0.835,0.893,confirmed
AD04CB,AD04CB.dspadpcm.bfstm,2335,2333,4.81,4.864,0.796,0.989,confirmed
AD04CC,AD04CC.dspadpcm.bfstm,2336,2334,5.419,4.864,0.877,0.898,confirmed
AD04CD,AD04CD.dspadpcm.bfstm,2337,2335,4.72,4.075,0.837,0.863,confirmed
AD04CDb,AD04CDb.dspadpcm.bfstm,2338,2336,4.853,3.861,0.872,0.796,confirmed
AD04SA,AD04SA.dspadpcm.bfstm,2339,2339,4.196,4.523,0.805,0.928,confirmed
AD04SB,AD04SB.dspadpcm.bfstm,2340,2340,4.898,3.947,0.781,0.806,confirmed
AD04SC,AD04SC.dspadpcm.bfstm,2341,2341,4.077,3.776,0.786,0.926,confirmed
AD04SD,AD04SD.dspadpcm.bfstm,2342,2342,4.26,4.928,0.781,0.864,confirmed
AD04SE,AD04SE.dspadpcm.bfstm,2343,2343,4.011,4.288,0.78,0.935,confirmed
AD04SF,AD04SF.dspadpcm.bfstm,2344,2344,3.535,4.096,0.789,0.863,confirmed
AD05CA,AD05CA.dspadpcm.bfstm,2345,2345,5.131,4.843,0.979,0.944,confirmed
AD05CB,AD05CB.dspadpcm.bfstm,2346,2346,4.517,3.691,0.98,0.817,confirmed
AD05CC,AD05CC.dspadpcm.bfstm,2348,2347,5.088,5.248,0.979,0.97,confirmed
AD05CD,AD05CD.dspadpcm.bfstm,2349,2348,4.384,4.544,0.98,0.965,confirmed
AD05CDb,AD05CDb.dspadpcm.bfstm,2350,2349,4.527,4.011,0.966,0.886,confirmed
AD05SA,AD05SA.dspadpcm.bfstm,2352,2352,1.513,1.813,0.713,0.835,confirmed
AD05SB,AD05SB.dspadpcm.bfstm,2353,2353,1.605,1.771,0.757,0.906,confirmed
AD05SC,AD05SC.dspadpcm.bfstm,2354,2354,1.705,1.92,0.713,0.888,confirmed
AD05SD,AD05SD.dspadpcm.bfstm,2355,2355,1.581,1.963,0.757,0.805,confirmed
AD05SE,AD05SE.dspadpcm.bfstm,2356,2356,1.715,1.92,0.757,0.893,confirmed
AD05SF,AD05SF.dspadpcm.bfstm,2357,2357,1.565,2.091,0.713,0.748,confirmed
AD06CA,AD06CA.dspadpcm.bfstm,2358,2358,4.187,3.712,0.932,0.887,confirmed
AD06CB,AD06CB.dspadpcm.bfstm,2361,2359,3.962,4.032,0.947,0.983,confirmed
AD06CC,AD06CC.dspadpcm.bfstm,2362,2360,4.341,4.352,0.972,0.997,confirmed
AD06CD,AD06CD.dspadpcm.bfstm,2363,2361,3.781,3.264,0.932,0.863,confirmed
AD06CDb,AD06CDb.dspadpcm.bfstm,2364,2362,4.331,3.072,0.932,0.709,confirmed
AD06SA,AD06SA.dspadpcm.bfstm,2365,2365,1.08,1.408,0.759,0.767,confirmed
AD06SB,AD06SB.dspadpcm.bfstm,2366,2366,1.626,1.237,0.7,0.761,confirmed
AD06SC,AD06SC.dspadpcm.bfstm,2367,2367,1.44,1.515,0.635,0.95,confirmed
AD06SD,AD06SD.dspadpcm.bfstm,2368,2368,1.357,1.515,0.721,0.896,confirmed
AD06SE,AD06SE.dspadpcm.bfstm,2369,2369,1.368,1.344,0.759,0.982,confirmed
AD06SF,AD06SF.dspadpcm.bfstm,2370,2370,1.487,1.643,0.635,0.905,confirmed
AD07CA,AD07CA.dspadpcm.bfstm,2372,2371,2.64,2.475,0.971,0.938,confirmed
AD07CB,AD07CB.dspadpcm.bfstm,2374,2372,2.66,2.56,0.971,0.962,confirmed
AD07CC,AD07CC.dspadpcm.bfstm,2375,2373,2.848,2.624,0.95,0.921,confirmed
AD07CD,AD07CD.dspadpcm.bfstm,2376,2374,2.577,2.688,0.971,0.959,confirmed
AD07CDb,AD07CDb.dspadpcm.bfstm,2377,2375,2.601,2.56,0.971,0.984,confirmed
AD07SA,AD07SA.dspadpcm.bfstm,2378,2378,3.726,3.2,0.913,0.859,confirmed
AD07SB,AD07SB.dspadpcm.bfstm,2379,2379,4.273,3.733,0.888,0.874,confirmed
AD07SC,AD07SC.dspadpcm.bfstm,2380,2380,3.72,3.413,0.896,0.917,confirmed
AD07SD,AD07SD.dspadpcm.bfstm,2381,2381,3.539,3.456,0.913,0.977,confirmed
AD07SE,AD07SE.dspadpcm.bfstm,2382,2382,3.802,4.053,0.888,0.938,confirmed
AD07SF,AD07SF.dspadpcm.bfstm,2383,2383,3.265,3.691,0.888,0.885,confirmed
AD08CA,AD08CA.dspadpcm.bfstm,2384,2384,2.186,2.944,0.823,0.743,confirmed
AD08CB,AD08CB.dspadpcm.bfstm,2385,2385,2.239,2.901,0.796,0.772,confirmed
AD08CC,AD08CC.dspadpcm.bfstm,2386,2386,2.215,3.008,0.77,0.736,confirmed
AD08CD,AD08CD.dspadpcm.bfstm,2387,2387,2.187,3.2,0.823,0.683,confirmed
AD08CDb,AD08CDb.dspadpcm.bfstm,2388,2388,2.381,2.389,1.0,0.997,confirmed
AD08SA,AD08SA.dspadpcm.bfstm,2391,2391,1.778,1.792,0.845,0.992,confirmed
AD08SC,AD08SC.dspadpcm.bfstm,2393,2393,2.079,1.664,0.845,0.8,confirmed
AD08SD,AD08SD.dspadpcm.bfstm,2394,2394,2.029,1.941,0.788,0.957,confirmed
AD08SE,AD08SE.dspadpcm.bfstm,2395,2395,1.841,1.707,0.784,0.927,confirmed
AD08SF,AD08SF.dspadpcm.bfstm,2396,2396,1.68,1.792,0.845,0.938,confirmed
AD09CA,AD09CA.dspadpcm.bfstm,2397,2397,4.848,3.797,0.961,0.783,confirmed
AD09CB,AD09CB.dspadpcm.bfstm,2398,2398,4.485,3.029,0.958,0.675,confirmed
AD09CC,AD09CC.dspadpcm.bfstm,2400,2399,4.768,4.117,0.961,0.863,confirmed
AD09CD,AD09CD.dspadpcm.bfstm,2401,2400,4.341,4.544,0.932,0.955,confirmed
AD09CDb,AD09CDb.dspadpcm.bfstm,2402,2401,4.522,3.285,0.942,0.726,confirmed
AD09SA,AD09SA.dspadpcm.bfstm,2404,2404,3.813,3.755,0.752,0.985,confirmed
AD09SB,AD09SB.dspadpcm.bfstm,2405,2405,5.119,3.627,0.907,0.709,confirmed
AD09SC,AD09SC.dspadpcm.bfstm,2406,2406,3.994,4.096,0.89,0.975,confirmed
AD09SD,AD09SD.dspadpcm.bfstm,2407,2407,3.948,4.075,0.907,0.969,confirmed
AD09SE,AD09SE.dspadpcm.bfstm,2408,2408,4.267,3.947,0.905,0.925,confirmed
AD09SF,AD09SF.dspadpcm.bfstm,2409,2409,3.765,4.459,0.912,0.844,confirmed
AD10CA,AD10CA.dspadpcm.bfstm,2410,2410,3.759,3.563,0.859,0.948,confirmed
AD10CB,AD10CB.dspadpcm.bfstm,2411,2411,3.627,3.221,0.863,0.888,confirmed
AD10CC,AD10CC.dspadpcm.bfstm,2412,2412,3.845,3.861,0.961,0.996,confirmed
AD10CD,AD10CD.dspadpcm.bfstm,2413,2413,3.544,3.883,0.863,0.913,confirmed
AD10CDb,AD10CDb.dspadpcm.bfstm,2414,2414,3.821,3.84,0.961,0.995,confirmed
BA01CA,BA01CA.dspadpcm.bfstm,2417,2417,2.075,2.027,0.823,0.977,confirmed
BA01CB,BA01CB.dspadpcm.bfstm,2418,2418,1.677,2.261,0.823,0.742,confirmed
BA01CC,BA01CC.dspadpcm.bfstm,2420,2419,2.272,2.219,0.794,0.977,confirmed
BA01CD,BA01CD.dspadpcm.bfstm,2421,2420,2.318,2.453,0.823,0.945,confirmed
BA01SA,BA01SA.dspadpcm.bfstm,2423,2423,0.997,0.896,0.761,0.899,confirmed
BA01SB,BA01SB.dspadpcm.bfstm,2424,2424,0.93,1.088,0.761,0.855,confirmed
BA01SC,BA01SC.dspadpcm.bfstm,2425,2425,0.877,0.896,0.761,0.979,confirmed
BA01SD,BA01SD.dspadpcm.bfstm,2426,2426,0.979,0.981,0.761,0.998,confirmed
BA01SE,BA01SE.dspadpcm.bfstm,2427,2427,0.877,1.173,0.761,0.748,confirmed
BA01SF,BA01SF.dspadpcm.bfstm,2428,2428,0.772,0.981,0.761,0.787,confirmed
BA02CA,BA02CA.dspadpcm.bfstm,2429,2429,1.776,2.091,0.564,0.849,confirmed
BA02CB,BA02CB.dspadpcm.bfstm,2430,2430,1.746,2.091,0.57,0.835,confirmed
BA02CC,BA02CC.dspadpcm.bfstm,2431,2431,1.792,1.792,0.651,1.0,confirmed
BA02CD,BA02CD.dspadpcm.bfstm,2432,2432,1.754,2.261,0.687,0.776,confirmed
BA02SA,BA02SA.dspadpcm.bfstm,2435,2435,1.762,1.728,0.72,0.981,confirmed
BA02SB,BA02SB.dspadpcm.bfstm,2436,2438,2.592,1.088,0.736,0.42,no-match
BA02SC,BA02SC.dspadpcm.bfstm,2437,2439,2.031,1.024,0.736,0.504,confirmed
BA02SD,BA02SD.dspadpcm.bfstm,2438,2440,1.728,1.877,0.736,0.921,confirmed
BA02SE,BA02SE.dspadpcm.bfstm,2439,2441,2.66,1.173,0.702,0.441,no-match
BA02SF,BA02SF.dspadpcm.bfstm,2440,2442,1.387,1.109,0.735,0.8,confirmed
BA03CA,BA03CA.dspadpcm.bfstm,2443,2443,2.362,2.304,0.817,0.975,confirmed
BA03CB,BA03CB.dspadpcm.bfstm,2444,2444,1.925,2.155,0.765,0.893,confirmed
BA03CC,BA03CC.dspadpcm.bfstm,2445,2445,2.171,2.347,0.782,0.925,confirmed
BA03CD,BA03CD.dspadpcm.bfstm,2446,2446,1.636,2.496,0.765,0.655,confirmed
BA03SA,BA03SA.dspadpcm.bfstm,2447,2449,2.528,2.517,0.842,0.996,confirmed
BA03SC,BA03SC.dspadpcm.bfstm,2448,2450,2.854,2.752,0.842,0.964,confirmed
BA03SD,BA03SD.dspadpcm.bfstm,2450,2451,2.64,2.731,0.835,0.967,confirmed
BA03SE,BA03SE.dspadpcm.bfstm,2451,2452,3.669,2.987,0.842,0.814,confirmed
BA03SF,BA03SF.dspadpcm.bfstm,2452,2453,2.042,3.371,0.827,0.606,confirmed
BA04CA,BA04CA.dspadpcm.bfstm,2453,2454,2.032,1.92,0.745,0.945,confirmed
BA04CB,BA04CB.dspadpcm.bfstm,2454,2456,1.525,2.453,0.711,0.622,confirmed
BA04CC,BA04CC.dspadpcm.bfstm,2455,2457,2.386,2.539,0.745,0.94,confirmed
BA04CD,BA04CD.dspadpcm.bfstm,2456,2459,1.741,2.069,0.745,0.841,confirmed
BA04SA,BA04SA.dspadpcm.bfstm,2459,2462,2.288,1.536,0.298,0.671,no-match
BA04SC,BA04SC.dspadpcm.bfstm,2462,2463,2.037,1.685,0.306,0.827,low-confidence
BA04SD,BA04SD.dspadpcm.bfstm,2465,2464,1.863,2.453,0.445,0.759,low-confidence
BA04SE,BA04SE.dspadpcm.bfstm,2466,2465,2.279,2.731,0.439,0.834,low-confidence
BA04SF,BA04SF.dspadpcm.bfstm,2467,2466,2.205,2.965,0.479,0.744,confirmed
BA05CA,BA05CA.dspadpcm.bfstm,2468,2467,2.699,2.667,0.829,0.988,confirmed
BA05CB,BA05CB.dspadpcm.bfstm,2469,2468,2.564,2.965,0.815,0.865,confirmed
BA05CC,BA05CC.dspadpcm.bfstm,2470,2469,2.362,3.221,0.822,0.733,confirmed
BA05SA,BA05SA.dspadpcm.bfstm,2471,2472,1.032,1.024,0.627,0.992,confirmed
BA05SC,BA05SC.dspadpcm.bfstm,2473,2473,1.052,0.917,0.615,0.872,confirmed
BA05SD,BA05SD.dspadpcm.bfstm,2474,2474,1.17,1.109,0.615,0.948,confirmed
BA05SE,BA05SE.dspadpcm.bfstm,2475,2475,1.335,0.939,0.599,0.703,confirmed
BA05SF,BA05SF.dspadpcm.bfstm,2476,2476,1.364,1.003,0.615,0.735,confirmed
BA06CA,BA06CA.dspadpcm.bfstm,2477,2477,1.874,1.856,0.782,0.99,confirmed
BA06CB,BA06CB.dspadpcm.bfstm,2479,2478,1.741,1.941,0.782,0.897,confirmed
BA06CC,BA06CC.dspadpcm.bfstm,2480,2479,1.477,2.005,0.782,0.737,confirmed
BA06CD,BA06CD.dspadpcm.bfstm,2482,2480,1.469,2.091,0.79,0.703,confirmed
BA06SA,BA06SA.dspadpcm.bfstm,2483,2483,1.179,1.579,0.721,0.747,confirmed
BA06SB,BA06SB.dspadpcm.bfstm,2484,2484,2.369,1.472,0.786,0.621,confirmed
BA06SC,BA06SC.dspadpcm.bfstm,2485,2485,1.691,1.643,0.778,0.972,confirmed
BA06SD,BA06SD.dspadpcm.bfstm,2486,2486,1.578,1.707,0.778,0.924,confirmed
BA06SE,BA06SE.dspadpcm.bfstm,2487,2487,1.472,1.6,0.744,0.92,confirmed
BA06SF,BA06SF.dspadpcm.bfstm,2488,2488,1.258,1.792,0.706,0.702,confirmed
BA07CA,BA07CA.dspadpcm.bfstm,2489,2489,2.917,2.539,0.865,0.87,confirmed
BA07CB,BA07CB.dspadpcm.bfstm,2490,2490,2.363,2.539,0.856,0.931,confirmed
BA07CC,BA07CC.dspadpcm.bfstm,2492,2491,2.641,2.752,0.856,0.96,confirmed
BA07CD,BA07CD.dspadpcm.bfstm,2494,2492,2.459,2.283,0.865,0.928,confirmed
BA07SA,BA07SA.dspadpcm.bfstm,2495,2495,2.228,2.325,0.795,0.958,confirmed
BA07SB,BA07SB.dspadpcm.bfstm,2496,2496,3.374,2.197,0.816,0.651,confirmed
BA07SC,BA07SC.dspadpcm.bfstm,2497,2497,2.482,2.112,0.825,0.851,confirmed
BA07SD,BA07SD.dspadpcm.bfstm,2498,2498,2.562,2.517,0.816,0.982,confirmed
BA07SE,BA07SE.dspadpcm.bfstm,2499,2499,2.448,2.368,0.818,0.967,confirmed
BA07SF,BA07SF.dspadpcm.bfstm,2500,2500,1.941,2.283,0.824,0.85,confirmed
BA08CA,BA08CA.dspadpcm.bfstm,2502,2501,3.009,3.072,0.761,0.979,confirmed
BA08CB,BA08CB.dspadpcm.bfstm,2503,2502,2.73,2.475,0.761,0.907,confirmed
BA08CC,BA08CC.dspadpcm.bfstm,2505,2503,2.901,3.328,0.774,0.872,confirmed
BA08CD,BA08CD.dspadpcm.bfstm,2506,2504,2.843,2.688,0.761,0.945,confirmed
BA08SA,BA08SA.dspadpcm.bfstm,2507,2507,1.426,1.685,0.904,0.846,confirmed
BA08SB,BA08SB.dspadpcm.bfstm,2508,2508,1.749,1.6,0.924,0.915,confirmed
BA08SC,BA08SC.dspadpcm.bfstm,2509,2509,1.733,1.621,0.904,0.935,confirmed
BA08SD,BA08SD.dspadpcm.bfstm,2510,2510,1.615,1.813,0.929,0.891,confirmed
BA08SE,BA08SE.dspadpcm.bfstm,2511,2511,1.496,1.728,0.904,0.866,confirmed
BA08SF,BA08SF.dspadpcm.bfstm,2512,2512,1.392,1.749,0.904,0.796,confirmed
BA09CA,BA09CA.dspadpcm.bfstm,2514,2513,2.549,2.795,0.897,0.912,confirmed
BA09CB,BA09CB.dspadpcm.bfstm,2515,2514,2.165,2.005,0.829,0.926,confirmed
BA09CC,BA09CC.dspadpcm.bfstm,2516,2515,2.504,2.496,0.829,0.997,confirmed
BA09CD,BA09CD.dspadpcm.bfstm,2517,2516,2.587,3.029,0.897,0.854,confirmed
BA09SA,BA09SA.dspadpcm.bfstm,2519,2519,1.677,2.005,0.813,0.836,confirmed
BA09SB,BA09SB.dspadpcm.bfstm,2520,2520,2.106,2.048,0.813,0.972,confirmed
BA09SC,BA09SC.dspadpcm.bfstm,2521,2521,1.765,1.856,0.804,0.951,confirmed
BA09SD,BA09SD.dspadpcm.bfstm,2522,2522,1.841,2.176,0.813,0.846,confirmed
BA09SE,BA09SE.dspadpcm.bfstm,2523,2523,1.587,2.24,0.804,0.708,confirmed
BA09SF,BA09SF.dspadpcm.bfstm,2524,2524,1.613,2.005,0.813,0.804,confirmed
BA10CA,BA10CA.dspadpcm.bfstm,2525,2525,2.303,2.325,0.762,0.991,confirmed
BA10CB,BA10CB.dspadpcm.bfstm,2526,2526,2.33,2.773,0.683,0.84,confirmed
BA10CC,BA10CC.dspadpcm.bfstm,2527,2527,2.902,2.432,0.741,0.838,confirmed
BA10CD,BA10CD.dspadpcm.bfstm,2528,2528,1.984,2.517,0.762,0.788,confirmed
BA10SA,BA10SA.dspadpcm.bfstm,2529,2531,1.68,3.029,0.689,0.555,confirmed
BA10SB,BA10SB.dspadpcm.bfstm,2530,2532,2.04,2.645,0.723,0.771,confirmed
BA10SC,BA10SC.dspadpcm.bfstm,2532,2533,1.829,1.984,0.782,0.922,confirmed
BA10SD,BA10SD.dspadpcm.bfstm,2533,2534,1.996,1.365,0.722,0.684,confirmed
BA10SE,BA10SE.dspadpcm.bfstm,2535,2535,1.942,2.155,0.707,0.901,confirmed
BA10SF,BA10SF.dspadpcm.bfstm,2536,2536,1.412,1.472,0.717,0.959,confirmed
BA11CA,BA11CA.dspadpcm.bfstm,2537,2537,3.408,3.648,0.838,0.934,confirmed
BA11CB,BA11CB.dspadpcm.bfstm,2539,2538,3.136,3.392,0.805,0.925,confirmed
BA11CC,BA11CC.dspadpcm.bfstm,2540,2539,3.557,3.968,0.838,0.896,confirmed
BA11CD,BA11CD.dspadpcm.bfstm,2542,2540,3.343,3.691,0.832,0.906,confirmed
BA11SA,BA11SA.dspadpcm.bfstm,2543,2543,0.914,1.173,0.614,0.779,confirmed
BA11SB,BA11SB.dspadpcm.bfstm,2544,2544,1.098,1.067,0.614,0.972,confirmed
BA11SC,BA11SC.dspadpcm.bfstm,2545,2545,0.946,0.939,0.614,0.993,confirmed
BA11SD,BA11SD.dspadpcm.bfstm,2546,2546,1.022,1.28,0.614,0.798,confirmed
BA11SE,BA11SE.dspadpcm.bfstm,2547,2547,1.051,1.152,0.706,0.912,confirmed
BA11SF,BA11SF.dspadpcm.bfstm,2548,2548,0.842,1.024,0.592,0.822,confirmed
BA12CA,BA12CA.dspadpcm.bfstm,2549,2549,0.936,1.195,0.644,0.783,confirmed
BA12CB,BA12CB.dspadpcm.bfstm,2550,2550,1.048,1.237,0.596,0.847,confirmed
BA12CC,BA12CC.dspadpcm.bfstm,2551,2551,1.051,1.173,0.644,0.896,confirmed
BA12CD,BA12CD.dspadpcm.bfstm,2552,2552,1.023,1.28,0.644,0.799,confirmed
BA12SA,BA12SA.dspadpcm.bfstm,2555,2555,1.393,1.408,0.748,0.989,confirmed
BA12SB,BA12SB.dspadpcm.bfstm,2556,2556,1.389,1.259,0.748,0.906,confirmed
BA12SC,BA12SC.dspadpcm.bfstm,2557,2557,1.464,1.344,0.746,0.918,confirmed
BA12SD,BA12SD.dspadpcm.bfstm,2558,2558,1.485,1.515,0.83,0.98,confirmed
BA12SE,BA12SE.dspadpcm.bfstm,2559,2559,1.458,1.365,0.748,0.936,confirmed
BA12SF,BA12SF.dspadpcm.bfstm,2560,2560,1.436,1.451,0.748,0.99,confirmed
BA13CA,BA13CA.dspadpcm.bfstm,2562,2561,1.931,2.24,0.63,0.862,confirmed
BA13CB,BA13CB.dspadpcm.bfstm,2563,2562,1.876,2.24,0.651,0.837,confirmed
BA13CC,BA13CC.dspadpcm.bfstm,2564,2563,1.931,1.813,0.607,0.939,confirmed
BA13CD,BA13CD.dspadpcm.bfstm,2566,2564,1.981,2.432,0.651,0.815,confirmed
BA13SA,BA13SA.dspadpcm.bfstm,2567,2567,0.928,1.216,0.643,0.763,confirmed
BA13SB,BA13SB.dspadpcm.bfstm,2568,2568,1.523,1.216,0.595,0.798,confirmed
BA13SC,BA13SC.dspadpcm.bfstm,2569,2569,1.041,1.109,0.617,0.939,confirmed
BA13SD,BA13SD.dspadpcm.bfstm,2570,2570,0.988,1.323,0.617,0.747,confirmed
BA13SE,BA13SE.dspadpcm.bfstm,2571,2571,1.275,1.323,0.612,0.964,confirmed
BA13SF,BA13SF.dspadpcm.bfstm,2572,2572,1.164,1.216,0.65,0.957,confirmed
BA14SA,BA14SA.dspadpcm.bfstm,2573,2573,0.751,1.088,0.475,0.69,confirmed
BA14SC,BA14SC.dspadpcm.bfstm,2575,2574,0.672,1.237,0.572,0.543,confirmed
BA14SE,BA14SE.dspadpcm.bfstm,2578,2575,0.937,1.344,0.572,0.697,confirmed
BA15SA,BA15SA.dspadpcm.bfstm,2579,2576,1.357,1.6,0.798,0.848,confirmed
BA15SB,BA15SB.dspadpcm.bfstm,2580,2577,1.631,1.429,0.798,0.876,confirmed
BA15SC,BA15SC.dspadpcm.bfstm,2581,2578,1.565,1.216,0.798,0.777,confirmed
BA15SD,BA15SD.dspadpcm.bfstm,2582,2579,1.444,1.749,0.798,0.826,confirmed
BA15SE,BA15SE.dspadpcm.bfstm,2583,2580,1.349,1.536,0.787,0.878,confirmed
BA15SF,BA15SF.dspadpcm.bfstm,2584,2581,1.298,1.323,0.798,0.981,confirmed
BA16SA,BA16SA.dspadpcm.bfstm,2585,2582,1.776,1.344,0.73,0.757,confirmed
BA16SB,BA16SB.dspadpcm.bfstm,2586,2583,2.048,1.899,0.731,0.927,confirmed
BA16SC,BA16SC.dspadpcm.bfstm,2587,2584,1.741,1.984,0.731,0.878,confirmed
BA16SD,BA16SD.dspadpcm.bfstm,2588,2585,2.087,1.451,0.73,0.695,confirmed
BA16SE,BA16SE.dspadpcm.bfstm,2589,2586,2.362,2.048,0.729,0.867,confirmed
BA16SF,BA16SF.dspadpcm.bfstm,2590,2587,1.723,2.155,0.731,0.8,confirmed
BA17SA,BA17SA.dspadpcm.bfstm,2591,2588,1.877,1.664,0.872,0.887,confirmed
BA17SB,BA17SB.dspadpcm.bfstm,2592,2589,2.362,1.813,0.872,0.768,confirmed
BA17SC,BA17SC.dspadpcm.bfstm,2593,2590,2.091,1.323,0.883,0.633,confirmed
BA17SD,BA17SD.dspadpcm.bfstm,2594,2591,2.074,1.792,0.864,0.864,confirmed
BA17SE,BA17SE.dspadpcm.bfstm,2595,2592,2.011,1.963,0.872,0.976,confirmed
BA17SF,BA17SF.dspadpcm.bfstm,2596,2593,1.7,1.429,0.768,0.841,confirmed
CA01CA,CA01CA.dspadpcm.bfstm,2601,2604,0.417,0.427,,0.977,no-speech-durmatch
CA01CB,CA01CB.dspadpcm.bfstm,2603,2605,0.52,0.363,0.478,0.698,confirmed
CA01CC,CA01CC.dspadpcm.bfstm,2604,2606,0.392,0.384,,0.98,no-speech-durmatch
CA01CD,CA01CD.dspadpcm.bfstm,2607,2607,0.629,0.683,0.713,0.921,confirmed
CA01SA,CA01SA.dspadpcm.bfstm,2613,2610,0.661,0.64,0.698,0.968,confirmed
CA01SB,CA01SB.dspadpcm.bfstm,2614,2611,0.699,0.832,0.643,0.84,confirmed
CA01SC,CA01SC.dspadpcm.bfstm,2615,2612,0.797,0.811,0.623,0.983,confirmed
CA01SD,CA01SD.dspadpcm.bfstm,2616,2613,0.656,0.683,0.698,0.96,confirmed
CA01SE,CA01SE.dspadpcm.bfstm,2617,2615,0.78,0.896,0.698,0.871,confirmed
CA01SF,CA01SF.dspadpcm.bfstm,2618,2616,0.648,0.875,0.698,0.741,confirmed
CA02CA,CA02CA.dspadpcm.bfstm,2621,2617,1.52,1.493,0.608,0.982,confirmed
CA02CB,CA02CB.dspadpcm.bfstm,2622,2619,1.262,1.237,,0.98,no-speech-durmatch
CA02CC,CA02CC.dspadpcm.bfstm,2623,2621,1.33,2.005,0.608,0.663,confirmed
CA02CD,CA02CD.dspadpcm.bfstm,2624,2622,1.312,1.621,0.567,0.809,confirmed
CA02SA,CA02SA.dspadpcm.bfstm,2625,2625,0.696,0.661,,0.95,no-speech-durmatch
CA02SB,CA02SB.dspadpcm.bfstm,2627,2626,0.615,0.875,,0.703,no-speech-nomatch
CA02SC,CA02SC.dspadpcm.bfstm,2628,2627,0.674,0.704,0.729,0.957,confirmed
CA02SE,CA02SE.dspadpcm.bfstm,2629,2628,0.473,1.024,0.565,0.462,no-match
CA02SF,CA02SF.dspadpcm.bfstm,2630,2629,0.43,0.96,0.729,0.448,no-match
CA03CA,CA03CA.dspadpcm.bfstm,2631,2630,0.961,1.067,0.899,0.901,confirmed
CA03CB,CA03CB.dspadpcm.bfstm,2633,2631,1.068,1.216,0.898,0.878,confirmed
CA03CC,CA03CC.dspadpcm.bfstm,2634,2633,0.888,1.152,0.898,0.771,confirmed
CA03CD,CA03CD.dspadpcm.bfstm,2639,2634,0.923,0.853,0.312,0.924,low-confidence
CA03SA,CA03SA.dspadpcm.bfstm,2640,2637,0.575,0.576,,0.998,no-speech-durmatch
CA03SC,CA03SC.dspadpcm.bfstm,2641,2638,0.388,0.832,0.886,0.466,no-match
CA03SE,CA03SE.dspadpcm.bfstm,2642,2640,0.368,0.939,0.686,0.392,no-match
CA04CA,CA04CA.dspadpcm.bfstm,2643,2641,0.963,1.301,0.875,0.74,confirmed
CA04CB,CA04CB.dspadpcm.bfstm,2645,2642,1.015,1.152,0.777,0.881,confirmed
CA04CC,CA04CC.dspadpcm.bfstm,2646,2644,0.967,1.408,0.875,0.687,confirmed
CA04CD,CA04CD.dspadpcm.bfstm,2648,2645,0.964,1.259,0.71,0.766,confirmed
CA04SA,CA04SA.dspadpcm.bfstm,2649,2649,0.545,0.384,0.808,0.705,confirmed
CA04SB,CA04SB.dspadpcm.bfstm,2650,2650,0.812,0.811,0.786,0.999,confirmed
CA04SC,CA04SC.dspadpcm.bfstm,2651,2651,0.527,0.747,0.808,0.705,confirmed
CA04SD,CA04SD.dspadpcm.bfstm,2652,2652,0.465,0.427,0.808,0.918,confirmed
CA04SE,CA04SE.dspadpcm.bfstm,2653,2653,0.548,0.875,0.808,0.626,confirmed
CA04SF,CA04SF.dspadpcm.bfstm,2654,2654,0.606,0.811,0.808,0.747,confirmed
CA05CA,CA05CA.dspadpcm.bfstm,2655,2655,1.909,1.728,0.82,0.905,confirmed
CA05CB,CA05CB.dspadpcm.bfstm,2657,2656,1.524,2.091,0.82,0.729,confirmed
CA05CC,CA05CC.dspadpcm.bfstm,2658,2657,1.942,1.877,0.752,0.967,confirmed
CA05CD,CA05CD.dspadpcm.bfstm,2660,2658,1.381,2.283,0.82,0.605,confirmed
CA05SA,CA05SA.dspadpcm.bfstm,2661,2661,0.406,0.299,,0.736,no-speech-nomatch
CA05SB,CA05SB.dspadpcm.bfstm,2662,2662,0.832,0.512,,0.615,no-speech-nomatch
CA05SC,CA05SC.dspadpcm.bfstm,2663,2663,0.422,0.704,,0.599,no-speech-nomatch
CA05SD,CA05SD.dspadpcm.bfstm,2664,2664,0.331,0.341,,0.971,no-speech-durmatch
CA05SE,CA05SE.dspadpcm.bfstm,2665,2665,0.533,0.555,,0.96,no-speech-durmatch
CA05SF,CA05SF.dspadpcm.bfstm,2667,2666,0.416,1.643,0.491,0.253,no-match
CA06CA,CA06CA.dspadpcm.bfstm,2668,2667,1.709,1.963,0.768,0.871,confirmed
CA06CB,CA06CB.dspadpcm.bfstm,2670,2668,2.12,1.792,0.768,0.845,confirmed
CA06CC,CA06CC.dspadpcm.bfstm,2671,2669,1.959,2.133,0.692,0.918,confirmed
CA06CD,CA06CD.dspadpcm.bfstm,2672,2670,1.409,1.579,0.768,0.892,confirmed
CA06SA,CA06SA.dspadpcm.bfstm,2673,2673,1.952,1.984,0.819,0.984,confirmed
CA06SB,CA06SB.dspadpcm.bfstm,2674,2674,2.397,2.112,0.784,0.881,confirmed
CA06SC,CA06SC.dspadpcm.bfstm,2675,2675,2.517,2.048,0.784,0.814,confirmed
CA06SD,CA06SD.dspadpcm.bfstm,2676,2676,2.253,2.155,0.81,0.957,confirmed
CA06SE,CA06SE.dspadpcm.bfstm,2677,2677,2.6,2.283,0.814,0.878,confirmed
CA06SF,CA06SF.dspadpcm.bfstm,2678,2678,2.309,2.219,0.814,0.961,confirmed
CA07CA,CA07CA.dspadpcm.bfstm,2680,2679,2.667,2.688,0.799,0.992,confirmed
CA07CB,CA07CB.dspadpcm.bfstm,2682,2680,2.409,2.325,0.599,0.965,confirmed
CA07CC,CA07CC.dspadpcm.bfstm,2683,2681,2.547,2.923,0.799,0.871,confirmed
CA07CD,CA07CD.dspadpcm.bfstm,2684,2682,2.32,2.219,0.751,0.956,confirmed
CA07SA,CA07SA.dspadpcm.bfstm,2685,2685,0.972,0.939,0.662,0.966,confirmed
CA07SB,CA07SB.dspadpcm.bfstm,2686,2686,1.68,1.067,0.664,0.635,confirmed
CA07SC,CA07SC.dspadpcm.bfstm,2687,2687,0.908,1.131,0.662,0.803,confirmed
CA07SD,CA07SD.dspadpcm.bfstm,2688,2688,0.725,1.024,0.702,0.708,confirmed
CA07SE,CA07SE.dspadpcm.bfstm,2689,2689,1.25,1.152,0.664,0.922,confirmed
CA07SF,CA07SF.dspadpcm.bfstm,2690,2690,0.844,1.216,0.662,0.694,confirmed
CA08CA,CA08CA.dspadpcm.bfstm,2691,2691,1.093,1.131,0.567,0.966,confirmed
CA08CB,CA08CB.dspadpcm.bfstm,2692,2692,1.26,1.515,0.572,0.832,confirmed
CA08CC,CA08CC.dspadpcm.bfstm,2693,2693,1.008,1.387,0.572,0.727,confirmed
CA08CD,CA08CD.dspadpcm.bfstm,2694,2694,1.011,1.237,0.572,0.817,confirmed
CA08SA,CA08SA.dspadpcm.bfstm,2695,2697,1.608,1.664,0.716,0.966,confirmed
CA08SB,CA08SB.dspadpcm.bfstm,2696,2698,2.066,1.515,0.716,0.733,confirmed
CA08SC,CA08SC.dspadpcm.bfstm,2697,2699,1.751,1.557,0.748,0.889,confirmed
CA08SD,CA08SD.dspadpcm.bfstm,2698,2700,1.515,1.536,0.747,0.986,confirmed
CA08SE,CA08SE.dspadpcm.bfstm,2699,2701,1.899,1.877,0.748,0.988,confirmed
CA08SF,CA08SF.dspadpcm.bfstm,2701,2702,1.489,1.685,0.747,0.884,confirmed
CA09CA,CA09CA.dspadpcm.bfstm,2702,2703,2.602,2.048,0.72,0.787,confirmed
CA09CAb,CA09CAb.dspadpcm.bfstm,2704,2704,2.672,2.688,0.756,0.994,confirmed
CA09CB,CA09CB.dspadpcm.bfstm,2705,2705,2.122,2.581,0.671,0.822,confirmed
CA09CC,CA09CC.dspadpcm.bfstm,2706,2706,1.661,1.899,0.671,0.875,confirmed
CA09CD,CA09CD.dspadpcm.bfstm,2709,2707,2.08,2.069,0.636,0.995,confirmed
CA09SA,CA09SA.dspadpcm.bfstm,2710,2710,1.829,1.323,0.607,0.723,confirmed
CA09SB,CA09SB.dspadpcm.bfstm,2711,2711,2.541,1.92,0.912,0.756,confirmed
CA09SC,CA09SC.dspadpcm.bfstm,2712,2712,2.04,1.429,0.912,0.7,confirmed
CA09SD,CA09SD.dspadpcm.bfstm,2713,2713,1.891,1.451,0.91,0.767,confirmed
CA09SE,CA09SE.dspadpcm.bfstm,2714,2714,2.104,2.091,0.896,0.994,confirmed
CA09SF,CA09SF.dspadpcm.bfstm,2715,2715,1.653,1.557,0.66,0.942,confirmed
CA10CA,CA10CA.dspadpcm.bfstm,2716,2716,1.157,1.216,0.763,0.951,confirmed
CA10CAb,CA10CAb.dspadpcm.bfstm,2717,2717,1.317,1.323,0.865,0.995,confirmed
CA10CB,CA10CB.dspadpcm.bfstm,2718,2718,0.884,1.92,0.545,0.46,no-match
CA10CC,CA10CC.dspadpcm.bfstm,2719,2719,1.497,1.472,0.603,0.983,confirmed
CA10CD,CA10CD.dspadpcm.bfstm,2720,2720,1.071,1.323,0.684,0.81,confirmed
CA10SA,CA10SA.dspadpcm.bfstm,2721,2723,0.713,2.091,0.643,0.341,no-match
CA10SB,CA10SB.dspadpcm.bfstm,2724,2724,0.568,0.917,0.857,0.619,confirmed
CA10SC,CA10SC.dspadpcm.bfstm,2727,2725,0.575,1.003,0.857,0.573,confirmed
CA10SD,CA10SD.dspadpcm.bfstm,2728,2726,0.54,0.939,0.721,0.575,confirmed
CA10SE,CA10SE.dspadpcm.bfstm,2730,2727,0.587,0.555,0.633,0.945,confirmed
CA10SF,CA10SF.dspadpcm.bfstm,2731,2728,0.509,0.683,0.674,0.745,confirmed
CA11CA,CA11CA.dspadpcm.bfstm,2732,2729,0.455,0.683,,0.666,no-speech-nomatch
CA11CAb,CA11CAb.dspadpcm.bfstm,2733,2730,0.544,0.619,,0.879,no-speech-durmatch
CA11CB,CA11CB.dspadpcm.bfstm,2734,2731,0.625,0.747,,0.837,no-speech-durmatch
CA11CC,CA11CC.dspadpcm.bfstm,2735,2732,0.65,0.725,,0.897,no-speech-durmatch
CA11SA,CA11SA.dspadpcm.bfstm,2736,2735,0.666,0.939,0.764,0.709,confirmed
CA11SB,CA11SB.dspadpcm.bfstm,2737,2736,0.805,1.045,,0.77,no-speech-nomatch
CA11SC,CA11SC.dspadpcm.bfstm,2738,2737,0.763,1.259,0.764,0.606,confirmed
CA11SD,CA11SD.dspadpcm.bfstm,2739,2738,0.768,1.024,0.764,0.75,confirmed
CA11SE,CA11SE.dspadpcm.bfstm,2740,2739,0.796,1.131,0.764,0.704,confirmed
CA11SF,CA11SF.dspadpcm.bfstm,2741,2740,0.667,1.365,0.764,0.489,no-match
CA12CA,CA12CA.dspadpcm.bfstm,2742,2741,1.581,1.621,0.687,0.975,confirmed
CA12CAb,CA12CAb.dspadpcm.bfstm,2745,2742,1.615,1.643,0.416,0.983,low-confidence
CA12CB,CA12CB.dspadpcm.bfstm,2746,2743,2.171,1.749,0.487,0.806,confirmed
CA12CC,CA12CC.dspadpcm.bfstm,2747,2744,2.21,2.219,,0.996,no-speech-durmatch
CA12CD,CA12CD.dspadpcm.bfstm,2748,2745,1.762,1.771,0.498,0.995,confirmed
CA12SA,CA12SA.dspadpcm.bfstm,2749,2748,1.989,2.411,0.76,0.825,confirmed
CA12SB,CA12SB.dspadpcm.bfstm,2750,2749,3.24,2.24,0.669,0.691,confirmed
CA12SC,CA12SC.dspadpcm.bfstm,2751,2750,2.482,2.347,0.64,0.946,confirmed
CA12SD,CA12SD.dspadpcm.bfstm,2752,2751,2.262,2.624,0.753,0.862,confirmed
CA12SE,CA12SE.dspadpcm.bfstm,2753,2752,2.859,2.453,0.7,0.858,confirmed
CA12SF,CA12SF.dspadpcm.bfstm,2754,2753,2.242,2.539,0.738,0.883,confirmed
CA13CA,CA13CA.dspadpcm.bfstm,2756,2755,0.436,0.704,0.933,0.619,confirmed
CA13CB,CA13CB.dspadpcm.bfstm,2757,2756,0.326,0.619,0.665,0.527,confirmed
CA13CC,CA13CC.dspadpcm.bfstm,2759,2757,0.443,0.768,0.933,0.577,confirmed
CA13CD,CA13CD.dspadpcm.bfstm,2760,2758,0.377,0.683,0.66,0.552,confirmed
CA13SA,CA13SA.dspadpcm.bfstm,2761,2761,1.051,1.024,0.493,0.974,confirmed
CA13SB,CA13SB.dspadpcm.bfstm,2762,2762,1.149,1.195,0.49,0.962,confirmed
CA13SC,CA13SC.dspadpcm.bfstm,2763,2763,0.865,1.067,0.493,0.811,confirmed
CA13SD,CA13SD.dspadpcm.bfstm,2764,2764,0.796,1.131,0.493,0.704,confirmed
CA13SE,CA13SE.dspadpcm.bfstm,2765,2765,0.888,1.28,0.49,0.694,confirmed
CA13SF,CA13SF.dspadpcm.bfstm,2766,2766,0.869,1.152,0.493,0.754,confirmed
CA14CA,CA14CA.dspadpcm.bfstm,2767,2767,0.572,0.64,,0.894,no-speech-durmatch
CA14CB,CA14CB.dspadpcm.bfstm,2768,2768,0.765,0.725,,0.948,no-speech-durmatch
CA14CC,CA14CC.dspadpcm.bfstm,2769,2769,0.736,0.853,,0.863,no-speech-durmatch
CA14CD,CA14CD.dspadpcm.bfstm,2770,2770,0.524,0.683,,0.767,no-speech-nomatch
CA14SA,CA14SA.dspadpcm.bfstm,2773,2773,1.605,1.323,0.82,0.824,confirmed
CA14SB,CA14SB.dspadpcm.bfstm,2774,2774,1.784,1.621,0.825,0.909,confirmed
CA14SC,CA14SC.dspadpcm.bfstm,2775,2775,1.765,1.515,0.759,0.858,confirmed
CA14SD,CA14SD.dspadpcm.bfstm,2776,2776,1.482,1.429,0.82,0.964,confirmed
CA14SE,CA14SE.dspadpcm.bfstm,2777,2777,2.21,1.749,0.833,0.791,confirmed
CA14SF,CA14SF.dspadpcm.bfstm,2778,2778,1.435,1.643,0.825,0.873,confirmed
CA15CA,CA15CA.dspadpcm.bfstm,2779,2779,0.605,0.683,,0.886,no-speech-durmatch
CA15CB,CA15CB.dspadpcm.bfstm,2780,2780,0.709,0.747,,0.949,no-speech-durmatch
CA15CC,CA15CC.dspadpcm.bfstm,2783,2781,1.173,0.811,0.261,0.691,no-match
CA15CD,CA15CD.dspadpcm.bfstm,2784,2782,0.664,0.96,,0.692,no-speech-nomatch
CA15SA,CA15SA.dspadpcm.bfstm,2785,2785,1.27,1.003,0.77,0.79,confirmed
CA15SB,CA15SB.dspadpcm.bfstm,2786,2786,1.2,1.045,0.93,0.871,confirmed
CA15SC,CA15SC.dspadpcm.bfstm,2787,2787,1.204,1.045,0.838,0.868,confirmed
CA15SD,CA15SD.dspadpcm.bfstm,2788,2788,1.192,1.088,0.914,0.913,confirmed
CA15SE,CA15SE.dspadpcm.bfstm,2789,2789,1.47,1.131,0.795,0.769,confirmed
CA15SF,CA15SF.dspadpcm.bfstm,2790,2790,1.26,1.131,0.93,0.898,confirmed
CA16CA,CA16CA.dspadpcm.bfstm,2791,2791,0.966,1.152,0.612,0.839,confirmed
CA16CB,CA16CB.dspadpcm.bfstm,2792,2792,1.026,1.109,0.499,0.925,confirmed
CA16CC,CA16CC.dspadpcm.bfstm,2793,2793,1.104,1.365,0.689,0.809,confirmed
CA16CD,CA16CD.dspadpcm.bfstm,2794,2794,1.34,1.237,0.612,0.923,confirmed
CA17CA,CA17CA.dspadpcm.bfstm,2795,2797,1.152,1.216,0.507,0.947,confirmed
CA17CB,CA17CB.dspadpcm.bfstm,2796,2798,1.169,1.472,0.528,0.794,confirmed
CA17CC,CA17CC.dspadpcm.bfstm,2797,2799,0.886,1.365,0.307,0.649,low-confidence
CA17CD,CA17CD.dspadpcm.bfstm,2798,2800,1.068,1.323,0.406,0.807,low-confidence
CA18CA,CA18CA.dspadpcm.bfstm,2799,2803,1.248,1.408,0.772,0.886,confirmed
CA18CB,CA18CB.dspadpcm.bfstm,2800,2804,1.3,1.472,0.712,0.883,confirmed
CA18CC,CA18CC.dspadpcm.bfstm,2803,2805,1.278,1.515,0.595,0.844,confirmed
CA18CD,CA18CD.dspadpcm.bfstm,2809,2806,1.267,2.027,0.515,0.625,confirmed
CA19CA,CA19CA.dspadpcm.bfstm,2810,2809,2.016,2.389,0.708,0.844,confirmed
CA19CB,CA19CB.dspadpcm.bfstm,2811,2810,1.983,2.219,0.678,0.894,confirmed
CA19CC,CA19CC.dspadpcm.bfstm,2812,2811,2.034,2.197,0.708,0.926,confirmed
CA19CD,CA19CD.dspadpcm.bfstm,2814,2812,1.584,2.411,0.708,0.657,confirmed
CA20CA,CA20CA.dspadpcm.bfstm,2816,2816,3.199,3.157,0.905,0.987,confirmed
CA20CB,CA20CB.dspadpcm.bfstm,2818,2818,3.061,3.051,0.907,0.997,confirmed
CA20CC,CA20CC.dspadpcm.bfstm,2819,2819,3.369,3.413,0.905,0.987,confirmed
CA20CD,CA20CD.dspadpcm.bfstm,2820,2820,3.205,2.859,0.905,0.892,confirmed
DA01CA,DA01CA.dspadpcm.bfstm,2822,2823,1.93,1.771,0.77,0.918,confirmed
DA01CB,DA01CB.dspadpcm.bfstm,2824,2824,2.101,1.792,0.768,0.853,confirmed
DA01CC,DA01CC.dspadpcm.bfstm,2825,2825,2.103,1.92,0.77,0.913,confirmed
DA01CD,DA01CD.dspadpcm.bfstm,2826,2826,1.861,1.664,0.768,0.894,confirmed
DA01SA,DA01SA.dspadpcm.bfstm,2827,2829,0.753,1.088,0.937,0.692,confirmed
DA01SB,DA01SB.dspadpcm.bfstm,2828,2830,1.013,1.152,0.937,0.879,confirmed
DA01SC,DA01SC.dspadpcm.bfstm,2829,2831,1.045,1.045,0.931,1.0,confirmed
DA01SD,DA01SD.dspadpcm.bfstm,2830,2832,0.953,1.173,0.937,0.812,confirmed
DA01SE,DA01SE.dspadpcm.bfstm,2831,2833,0.871,1.237,0.937,0.704,confirmed
DA01SF,DA01SF.dspadpcm.bfstm,2832,2834,0.828,1.152,0.937,0.719,confirmed
DA02CA,DA02CA.dspadpcm.bfstm,2833,2835,0.872,0.853,0.821,0.978,confirmed
DA02CB,DA02CB.dspadpcm.bfstm,2834,2836,0.879,0.939,0.869,0.936,confirmed
DA02CC,DA02CC.dspadpcm.bfstm,2837,2837,0.957,1.003,0.869,0.954,confirmed
DA02CD,DA02CD.dspadpcm.bfstm,2838,2838,0.903,0.811,0.78,0.898,confirmed
DA02SA,DA02SA.dspadpcm.bfstm,2839,2841,0.419,0.597,,0.702,no-speech-nomatch
DA02SB,DA02SB.dspadpcm.bfstm,2842,2842,0.562,0.661,,0.85,no-speech-durmatch
DA02SC,DA02SC.dspadpcm.bfstm,2843,2843,0.482,0.96,0.722,0.502,confirmed
DA02SD,DA02SD.dspadpcm.bfstm,2844,2844,0.447,0.875,0.722,0.511,confirmed
DA03CA,DA03CA.dspadpcm.bfstm,2846,2845,2.005,1.984,0.638,0.99,confirmed
DA03CB,DA03CB.dspadpcm.bfstm,2847,2846,1.773,1.835,0.638,0.966,confirmed
DA03CC,DA03CC.dspadpcm.bfstm,2848,2847,1.787,1.92,0.638,0.931,confirmed
DA03CD,DA03CD.dspadpcm.bfstm,2849,2848,1.677,2.155,0.701,0.778,confirmed
DA03SA,DA03SA.dspadpcm.bfstm,2850,2851,1.198,2.005,0.477,0.598,confirmed
DA03SB,DA03SB.dspadpcm.bfstm,2851,2852,1.139,1.259,0.519,0.905,confirmed
DA03SC,DA03SC.dspadpcm.bfstm,2852,2853,1.307,1.685,0.666,0.776,confirmed
DA03SD,DA03SD.dspadpcm.bfstm,2853,2854,1.193,1.707,0.684,0.699,confirmed
DA03SE,DA03SE.dspadpcm.bfstm,2855,2855,1.383,1.835,0.666,0.754,confirmed
DA03SF,DA03SF.dspadpcm.bfstm,2856,2856,1.45,1.856,0.692,0.781,confirmed
DA04CA,DA04CA.dspadpcm.bfstm,2857,2857,2.469,2.411,0.725,0.977,confirmed
DA04CB,DA04CB.dspadpcm.bfstm,2859,2858,2.501,2.432,0.713,0.972,confirmed
DA04CC,DA04CC.dspadpcm.bfstm,2860,2859,2.917,2.624,0.687,0.9,confirmed
DA04CD,DA04CD.dspadpcm.bfstm,2862,2860,2.36,2.645,0.728,0.892,confirmed
DA04SB,DA04SB.dspadpcm.bfstm,2864,2863,0.712,1.152,0.764,0.618,confirmed
DA04SC,DA04SC.dspadpcm.bfstm,2865,2864,0.771,1.216,0.764,0.634,confirmed
DA04SD,DA04SD.dspadpcm.bfstm,2866,2865,0.775,0.96,0.762,0.807,confirmed
DA04SE,DA04SE.dspadpcm.bfstm,2867,2866,0.685,1.259,0.764,0.544,confirmed
DA04SF,DA04SF.dspadpcm.bfstm,2868,2867,0.621,1.323,0.764,0.469,no-match
DA05CA,DA05CA.dspadpcm.bfstm,2869,2868,1.285,1.365,0.908,0.941,confirmed
DA05CB,DA05CB.dspadpcm.bfstm,2872,2869,1.071,1.472,0.889,0.728,confirmed
DA05CC,DA05CC.dspadpcm.bfstm,2873,2870,1.153,1.472,0.867,0.783,confirmed
DA05CD,DA05CD.dspadpcm.bfstm,2874,2871,1.128,1.515,0.908,0.745,confirmed
DA05SA,DA05SA.dspadpcm.bfstm,2875,2875,0.539,1.024,0.752,0.526,confirmed
DA05SC,DA05SC.dspadpcm.bfstm,2876,2876,0.53,1.088,0.643,0.487,no-match
DA05SF,DA05SF.dspadpcm.bfstm,2878,2878,0.477,1.109,0.643,0.43,no-match
DA06CA,DA06CA.dspadpcm.bfstm,2881,2881,3.414,2.965,0.741,0.868,confirmed
DA06CB,DA06CB.dspadpcm.bfstm,2882,2882,2.495,2.944,0.745,0.847,confirmed
DA06CC,DA06CC.dspadpcm.bfstm,2883,2883,2.635,3.136,0.747,0.84,confirmed
DA06CD,DA06CD.dspadpcm.bfstm,2884,2884,2.491,3.2,0.747,0.778,confirmed
DA06SA,DA06SA.dspadpcm.bfstm,2887,2887,1.819,1.451,0.841,0.798,confirmed
DA06SB,DA06SB.dspadpcm.bfstm,2888,2888,2.522,1.771,0.831,0.702,confirmed
DA06SC,DA06SC.dspadpcm.bfstm,2889,2889,1.845,1.963,0.833,0.94,confirmed
DA06SD,DA06SD.dspadpcm.bfstm,2890,2890,1.832,1.579,0.833,0.862,confirmed
DA06SE,DA06SE.dspadpcm.bfstm,2891,2891,1.904,1.92,0.86,0.992,confirmed
DA06SF,DA06SF.dspadpcm.bfstm,2892,2892,1.931,2.133,0.833,0.905,confirmed
DA07CA,DA07CA.dspadpcm.bfstm,2893,2893,0.777,0.853,0.945,0.911,confirmed
DA07CB,DA07CB.dspadpcm.bfstm,2895,2894,0.552,0.896,0.945,0.616,confirmed
DA07CC,DA07CC.dspadpcm.bfstm,2896,2895,0.629,0.917,0.945,0.686,confirmed
DA07CD,DA07CD.dspadpcm.bfstm,2898,2896,0.623,0.96,0.945,0.649,confirmed
DA07SA,DA07SA.dspadpcm.bfstm,2899,2899,0.572,0.683,0.724,0.837,confirmed
DA07SC,DA07SC.dspadpcm.bfstm,2900,2900,0.396,0.768,0.944,0.516,confirmed
DA07SE,DA07SE.dspadpcm.bfstm,2901,2901,0.439,0.896,0.962,0.49,no-match
DA07SF,DA07SF.dspadpcm.bfstm,2902,2902,0.407,0.747,,0.545,no-speech-nomatch
DA08CA,DA08CA.dspadpcm.bfstm,2905,2903,0.792,0.875,0.95,0.905,confirmed
DA08CB,DA08CB.dspadpcm.bfstm,2907,2904,0.922,0.981,0.881,0.94,confirmed
DA08CC,DA08CC.dspadpcm.bfstm,2908,2905,0.678,0.96,0.95,0.706,confirmed
DA08CD,DA08CD.dspadpcm.bfstm,2910,2908,0.659,1.067,0.872,0.618,confirmed
DA08SA,DA08SA.dspadpcm.bfstm,2911,2911,1.248,1.301,0.568,0.959,confirmed
DA08SB,DA08SB.dspadpcm.bfstm,2912,2912,1.584,1.472,0.417,0.929,low-confidence
DA08SC,DA08SC.dspadpcm.bfstm,2913,2913,1.325,1.6,0.417,0.828,low-confidence
DA08SD,DA08SD.dspadpcm.bfstm,2914,2914,1.238,1.408,0.348,0.879,low-confidence
DA08SE,DA08SE.dspadpcm.bfstm,2915,2915,1.536,1.579,0.469,0.973,confirmed
DA08SF,DA08SF.dspadpcm.bfstm,2916,2916,1.36,1.728,0.474,0.787,confirmed
DA09CA,DA09CA.dspadpcm.bfstm,2917,2917,2.433,1.984,0.918,0.815,confirmed
DA09CB,DA09CB.dspadpcm.bfstm,2918,2918,2.24,2.389,0.885,0.938,confirmed
DA09CC,DA09CC.dspadpcm.bfstm,2920,2919,1.988,2.155,0.892,0.923,confirmed
DA09CD,DA09CD.dspadpcm.bfstm,2921,2920,2.111,2.581,0.918,0.818,confirmed
DA09SA,DA09SA.dspadpcm.bfstm,2923,2923,2.279,2.219,0.667,0.974,confirmed
DA09SB,DA09SB.dspadpcm.bfstm,2924,2924,3.845,2.261,0.745,0.588,confirmed
DA09SC,DA09SC.dspadpcm.bfstm,2925,2925,2.773,2.859,0.774,0.97,confirmed
DA09SD,DA09SD.dspadpcm.bfstm,2926,2926,2.75,2.411,0.745,0.877,confirmed
DA09SE,DA09SE.dspadpcm.bfstm,2927,2927,3.275,2.453,0.662,0.749,confirmed
DA09SF,DA09SF.dspadpcm.bfstm,2928,2928,2.229,3.115,0.777,0.716,confirmed
DA10CA,DA10CA.dspadpcm.bfstm,2929,2929,0.389,0.597,0.729,0.652,confirmed
DA10CB,DA10CB.dspadpcm.bfstm,2930,2930,0.308,0.747,0.722,0.412,no-match
DA10CD,DA10CD.dspadpcm.bfstm,2932,2932,0.34,0.661,0.748,0.514,confirmed
DA10SA,DA10SA.dspadpcm.bfstm,2934,2935,1.309,1.045,0.595,0.798,confirmed
DA10SB,DA10SB.dspadpcm.bfstm,2935,2936,1.738,1.344,0.551,0.773,confirmed
DA10SC,DA10SC.dspadpcm.bfstm,2936,2937,1.232,1.515,0.54,0.813,confirmed
DA10SD,DA10SD.dspadpcm.bfstm,2938,2938,1.41,1.472,0.551,0.958,confirmed
DA10SE,DA10SE.dspadpcm.bfstm,2939,2939,1.618,1.664,0.551,0.972,confirmed
DA10SF,DA10SF.dspadpcm.bfstm,2940,2940,1.217,1.92,0.611,0.634,confirmed
DA11CA,DA11CA.dspadpcm.bfstm,2941,2941,1.828,2.048,0.71,0.893,confirmed
DA11CB,DA11CB.dspadpcm.bfstm,2942,2942,1.573,2.24,0.71,0.702,confirmed
DA11CC,DA11CC.dspadpcm.bfstm,2944,2943,1.623,2.219,0.71,0.731,confirmed
DA11CD,DA11CD.dspadpcm.bfstm,2945,2944,1.78,2.411,0.71,0.738,confirmed
DA11SA,DA11SA.dspadpcm.bfstm,2947,2947,1.195,1.387,0.713,0.862,confirmed
DA11SB,DA11SB.dspadpcm.bfstm,2948,2948,1.395,1.941,0.713,0.719,confirmed
DA11SC,DA11SC.dspadpcm.bfstm,2949,2949,1.375,1.749,0.759,0.786,confirmed
DA11SD,DA11SD.dspadpcm.bfstm,2950,2950,1.639,1.515,0.713,0.924,confirmed
DA11SE,DA11SE.dspadpcm.bfstm,2951,2951,1.781,2.112,0.713,0.843,confirmed
DA11SF,DA11SF.dspadpcm.bfstm,2952,2952,1.228,1.899,0.759,0.647,confirmed
DA12CA,DA12CA.dspadpcm.bfstm,2953,2953,3.296,3.627,0.771,0.909,confirmed
DA12CB,DA12CB.dspadpcm.bfstm,2954,2954,3.008,3.861,0.787,0.779,confirmed
DA12CC,DA12CC.dspadpcm.bfstm,2955,2955,2.715,4.139,0.772,0.656,confirmed
DA12CD,DA12CD.dspadpcm.bfstm,2956,2956,2.863,3.947,0.771,0.725,confirmed
DA12SA,DA12SA.dspadpcm.bfstm,2959,2959,0.728,1.045,0.615,0.697,confirmed
DA12SB,DA12SB.dspadpcm.bfstm,2960,2960,1.292,1.045,0.597,0.809,confirmed
DA12SC,DA12SC.dspadpcm.bfstm,2961,2961,0.815,1.259,0.648,0.647,confirmed
DA12SD,DA12SD.dspadpcm.bfstm,2962,2962,0.779,1.131,0.615,0.689,confirmed
DA12SE,DA12SE.dspadpcm.bfstm,2963,2963,1.12,1.131,0.615,0.99,confirmed
DA12SF,DA12SF.dspadpcm.bfstm,2964,2964,0.952,1.365,0.592,0.697,confirmed
DA13CA,DA13CA.dspadpcm.bfstm,2966,2965,2.587,2.752,0.827,0.94,confirmed
DA13CB,DA13CB.dspadpcm.bfstm,2967,2966,2.349,2.667,0.827,0.881,confirmed
DA13CC,DA13CC.dspadpcm.bfstm,2968,2967,2.242,2.517,0.827,0.891,confirmed
DA13CD,DA13CD.dspadpcm.bfstm,2970,2968,2.691,2.901,0.827,0.928,confirmed
DA13SA,DA13SA.dspadpcm.bfstm,2972,2971,1.203,1.237,0.717,0.973,confirmed
DA13SB,DA13SB.dspadpcm.bfstm,2973,2972,1.264,1.237,,0.979,no-speech-durmatch
DA13SC,DA13SC.dspadpcm.bfstm,2974,2973,1.298,1.024,0.459,0.789,confirmed
DA13SD,DA13SD.dspadpcm.bfstm,2975,2974,1.078,1.344,0.681,0.802,confirmed
DA13SE,DA13SE.dspadpcm.bfstm,2976,2975,1.524,1.344,0.612,0.882,confirmed
DA13SF,DA13SF.dspadpcm.bfstm,2977,2976,0.886,2.923,0.59,0.303,no-match
DA14CA,DA14CA.dspadpcm.bfstm,2978,2977,3.12,2.859,0.808,0.916,confirmed
DA14CB,DA14CB.dspadpcm.bfstm,2979,2978,3.158,3.136,0.806,0.993,confirmed
DA14CC,DA14CC.dspadpcm.bfstm,2981,2979,2.698,3.093,0.787,0.872,confirmed
DA14CD,DA14CD.dspadpcm.bfstm,2982,2980,2.801,3.392,0.81,0.826,confirmed
DA14SA,DA14SA.dspadpcm.bfstm,2983,2983,0.733,0.661,0.678,0.902,confirmed
DA14SC,DA14SC.dspadpcm.bfstm,2984,2984,0.74,0.789,0.822,0.938,confirmed
DA14SD,DA14SD.dspadpcm.bfstm,2985,2985,0.928,1.387,0.822,0.669,confirmed
DA14SE,DA14SE.dspadpcm.bfstm,2986,2986,1.191,0.704,0.734,0.591,confirmed
DA14SF,DA14SF.dspadpcm.bfstm,2987,2987,0.776,0.853,0.829,0.91,confirmed
DA15SA,DA15SA.dspadpcm.bfstm,2988,2988,1.125,1.515,0.466,0.743,confirmed
DA15SB,DA15SB.dspadpcm.bfstm,2989,2989,1.123,1.131,,0.993,no-speech-durmatch
DA15SC,DA15SC.dspadpcm.bfstm,2990,2990,1.57,1.579,0.682,0.994,confirmed
DA15SD,DA15SD.dspadpcm.bfstm,2991,2991,0.998,1.109,0.642,0.9,confirmed
DA15SE,DA15SE.dspadpcm.bfstm,2992,2992,0.956,1.216,0.588,0.786,confirmed
DA15SF,DA15SF.dspadpcm.bfstm,2994,2994,0.979,1.216,,0.805,no-speech-durmatch
DA16SA,DA16SA.dspadpcm.bfstm,2995,2995,1.616,1.451,0.57,0.898,confirmed
DA16SB,DA16SB.dspadpcm.bfstm,2996,2996,2.181,1.835,0.619,0.841,confirmed
DA16SC,DA16SC.dspadpcm.bfstm,2997,2997,1.49,1.579,0.809,0.944,confirmed
DA16SD,DA16SD.dspadpcm.bfstm,2998,2998,1.56,1.579,0.767,0.988,confirmed
DA16SE,DA16SE.dspadpcm.bfstm,2999,2999,2.01,2.005,0.659,0.998,confirmed
DA16SF,DA16SF.dspadpcm.bfstm,3000,3000,1.424,1.707,0.542,0.834,confirmed
DA17SA,DA17SA.dspadpcm.bfstm,3001,3001,1.135,1.429,0.648,0.794,confirmed
DA17SB,DA17SB.dspadpcm.bfstm,3002,3002,1.443,1.344,0.487,0.931,confirmed
DA17SC,DA17SC.dspadpcm.bfstm,3003,3003,1.26,1.387,0.677,0.908,confirmed
DA17SD,DA17SD.dspadpcm.bfstm,3004,3004,1.213,1.536,0.677,0.79,confirmed
DA17SE,DA17SE.dspadpcm.bfstm,3005,3005,1.232,1.451,0.677,0.849,confirmed
DA17SF,DA17SF.dspadpcm.bfstm,3006,3006,1.213,1.515,0.677,0.801,confirmed
DA18SA,DA18SA.dspadpcm.bfstm,3007,3007,0.978,1.301,0.874,0.752,confirmed
DA18SB,DA18SB.dspadpcm.bfstm,3008,3008,1.234,1.387,0.874,0.89,confirmed
DA18SC,DA18SC.dspadpcm.bfstm,3009,3009,1.118,1.237,0.874,0.904,confirmed
DA18SD,DA18SD.dspadpcm.bfstm,3010,3010,1.125,1.408,0.799,0.799,confirmed
DA18SE,DA18SE.dspadpcm.bfstm,3011,3011,1.061,1.493,0.874,0.711,confirmed
DA18SF,DA18SF.dspadpcm.bfstm,3012,3012,1.0,1.344,0.874,0.744,confirmed
EA01CA,EA01CA.dspadpcm.bfstm,3013,3013,1.089,1.301,0.433,0.837,low-confidence
EA01CB,EA01CB.dspadpcm.bfstm,3014,3014,1.005,1.877,0.644,0.535,confirmed
EA01CC,EA01CC.dspadpcm.bfstm,3015,3015,0.944,2.027,0.844,0.466,no-match
EA01CD,EA01CD.dspadpcm.bfstm,3016,3016,1.146,1.408,0.814,0.814,confirmed
EA01SA,EA01SA.dspadpcm.bfstm,3017,3019,0.791,2.048,0.555,0.386,no-match
EA01SB,EA01SB.dspadpcm.bfstm,3019,3020,1.1,0.768,0.672,0.698,confirmed
EA01SC,EA01SC.dspadpcm.bfstm,3020,3021,0.805,0.875,0.524,0.92,confirmed
EA01SD,EA01SD.dspadpcm.bfstm,3021,3022,0.712,0.768,0.934,0.927,confirmed
EA01SE,EA01SE.dspadpcm.bfstm,3022,3023,0.733,0.832,0.561,0.881,confirmed
EA01SF,EA01SF.dspadpcm.bfstm,3023,3024,0.927,0.96,0.635,0.966,confirmed
EA02CA,EA02CA.dspadpcm.bfstm,3024,3025,1.145,0.832,0.582,0.727,confirmed
EA02CB,EA02CB.dspadpcm.bfstm,3026,3026,1.009,1.301,0.648,0.776,confirmed
EA02CC,EA02CC.dspadpcm.bfstm,3028,3027,0.827,1.429,0.588,0.579,confirmed
EA02CD,EA02CD.dspadpcm.bfstm,3029,3028,0.997,1.429,0.706,0.698,confirmed
EA02SA,EA02SA.dspadpcm.bfstm,3031,3031,0.986,1.109,,0.889,no-speech-durmatch
EA02SB,EA02SB.dspadpcm.bfstm,3033,3033,1.661,1.472,0.84,0.886,confirmed
EA02SC,EA02SC.dspadpcm.bfstm,3034,3034,0.949,1.195,0.404,0.794,low-confidence
EA02SD,EA02SD.dspadpcm.bfstm,3035,3035,0.809,1.301,0.703,0.622,confirmed
EA02SE,EA02SE.dspadpcm.bfstm,3036,3036,0.986,1.6,0.391,0.616,low-confidence
EA02SF,EA02SF.dspadpcm.bfstm,3037,3037,1.371,1.323,0.223,0.965,no-match
EA03CA,EA03CA.dspadpcm.bfstm,3038,3038,1.648,1.963,0.4,0.84,low-confidence
EA03CB,EA03CB.dspadpcm.bfstm,3040,3039,1.485,1.429,0.502,0.962,confirmed
EA03CD,EA03CD.dspadpcm.bfstm,3042,3040,1.648,1.877,,0.878,no-speech-durmatch
EA03SA,EA03SA.dspadpcm.bfstm,3043,3043,1.217,1.643,,0.741,no-speech-nomatch
EA03SB,EA03SB.dspadpcm.bfstm,3044,3044,2.016,1.856,0.718,0.921,confirmed
EA03SC,EA03SC.dspadpcm.bfstm,3045,3045,1.673,1.728,0.733,0.968,confirmed
EA03SD,EA03SD.dspadpcm.bfstm,3046,3046,1.272,1.792,0.733,0.71,confirmed
EA03SE,EA03SE.dspadpcm.bfstm,3047,3047,1.432,2.005,0.733,0.714,confirmed
EA03SF,EA03SF.dspadpcm.bfstm,3048,3048,1.381,1.856,0.518,0.744,confirmed
EA04CA,EA04CA.dspadpcm.bfstm,3050,3049,1.544,1.728,0.921,0.894,confirmed
EA04CB,EA04CB.dspadpcm.bfstm,3051,3050,1.261,1.749,0.86,0.721,confirmed
EA04CC,EA04CC.dspadpcm.bfstm,3053,3051,1.351,1.877,0.921,0.72,confirmed
EA04CD,EA04CD.dspadpcm.bfstm,3054,3052,1.634,1.899,0.928,0.86,confirmed
EA04SA,EA04SA.dspadpcm.bfstm,3056,3055,0.918,1.131,0.604,0.812,confirmed
EA04SB,EA04SB.dspadpcm.bfstm,3057,3056,1.739,1.067,0.457,0.614,confirmed
EA04SC,EA04SC.dspadpcm.bfstm,3058,3057,1.421,1.173,0.501,0.825,confirmed
EA04SD,EA04SD.dspadpcm.bfstm,3059,3058,1.101,1.237,0.604,0.89,confirmed
EA04SE,EA04SE.dspadpcm.bfstm,3060,3059,1.395,1.152,0.571,0.826,confirmed
EA04SF,EA04SF.dspadpcm.bfstm,3062,3060,1.394,1.749,0.367,0.797,low-confidence
EA05CA,EA05CA.dspadpcm.bfstm,3063,3061,1.647,1.984,0.84,0.83,confirmed
EA05CB,EA05CB.dspadpcm.bfstm,3064,3062,1.661,1.6,0.84,0.963,confirmed
EA05CC,EA05CC.dspadpcm.bfstm,3065,3063,1.504,1.899,0.84,0.792,confirmed
EA05CD,EA05CD.dspadpcm.bfstm,3066,3064,1.52,2.155,0.848,0.705,confirmed
EA05SA,EA05SA.dspadpcm.bfstm,3067,3067,1.49,1.92,0.63,0.776,confirmed
EA05SB,EA05SB.dspadpcm.bfstm,3068,3068,2.533,2.304,0.566,0.91,confirmed
EA05SC,EA05SC.dspadpcm.bfstm,3069,3069,1.693,2.261,0.576,0.749,confirmed
EA05SD,EA05SD.dspadpcm.bfstm,3070,3070,1.796,2.069,0.63,0.868,confirmed
EA05SE,EA05SE.dspadpcm.bfstm,3071,3071,2.215,2.517,0.572,0.88,confirmed
EA05SF,EA05SF.dspadpcm.bfstm,3072,3072,1.848,2.453,0.576,0.753,confirmed
EA06CA,EA06CA.dspadpcm.bfstm,3073,3073,3.275,3.605,0.845,0.908,confirmed
EA06CB,EA06CB.dspadpcm.bfstm,3074,3074,2.626,3.627,0.845,0.724,confirmed
EA06CC,EA06CC.dspadpcm.bfstm,3076,3075,2.826,3.925,0.845,0.72,confirmed
EA06CD,EA06CD.dspadpcm.bfstm,3077,3076,2.6,3.925,0.845,0.662,confirmed
EA06SA,EA06SA.dspadpcm.bfstm,3080,3079,1.229,1.195,0.501,0.972,confirmed
EA06SB,EA06SB.dspadpcm.bfstm,3081,3080,1.576,1.344,0.889,0.853,confirmed
EA06SC,EA06SC.dspadpcm.bfstm,3082,3081,1.418,1.131,0.98,0.798,confirmed
EA06SD,EA06SD.dspadpcm.bfstm,3083,3082,1.531,1.28,0.973,0.836,confirmed
EA06SE,EA06SE.dspadpcm.bfstm,3084,3083,1.467,1.451,0.894,0.989,confirmed
EA06SF,EA06SF.dspadpcm.bfstm,3085,3084,1.068,1.707,0.443,0.626,low-confidence
EA07CA,EA07CA.dspadpcm.bfstm,3086,3085,1.885,1.856,0.785,0.985,confirmed
EA07CB,EA07CB.dspadpcm.bfstm,3088,3086,1.366,1.856,0.755,0.736,confirmed
EA07CC,EA07CC.dspadpcm.bfstm,3089,3087,1.634,2.005,0.785,0.815,confirmed
EA07CD,EA07CD.dspadpcm.bfstm,3090,3088,1.568,2.027,0.785,0.774,confirmed
EA07SA,EA07SA.dspadpcm.bfstm,3091,3091,1.158,1.387,0.728,0.835,confirmed
EA07SB,EA07SB.dspadpcm.bfstm,3092,3092,1.861,1.579,0.743,0.848,confirmed
EA07SC,EA07SC.dspadpcm.bfstm,3093,3093,1.812,1.621,0.744,0.895,confirmed
EA07SD,EA07SD.dspadpcm.bfstm,3094,3094,1.941,1.493,0.743,0.769,confirmed
EA07SE,EA07SE.dspadpcm.bfstm,3095,3095,1.852,1.707,0.758,0.922,confirmed
EA07SF,EA07SF.dspadpcm.bfstm,3096,3096,1.709,1.749,0.746,0.977,confirmed
EA08CA,EA08CA.dspadpcm.bfstm,3098,3097,2.219,2.069,0.797,0.932,confirmed
EA08CB,EA08CB.dspadpcm.bfstm,3099,3098,1.991,2.347,0.797,0.848,confirmed
EA08CC,EA08CC.dspadpcm.bfstm,3100,3099,2.077,2.453,0.797,0.847,confirmed
EA08CD,EA08CD.dspadpcm.bfstm,3101,3100,2.155,2.261,0.797,0.953,confirmed
EA08SA,EA08SA.dspadpcm.bfstm,3102,3103,0.84,2.539,0.627,0.331,no-match
EA08SB,EA08SB.dspadpcm.bfstm,3103,3104,1.554,1.28,0.565,0.824,confirmed
EA08SC,EA08SC.dspadpcm.bfstm,3104,3105,1.351,1.387,0.563,0.974,confirmed
EA08SD,EA08SD.dspadpcm.bfstm,3105,3106,1.296,1.28,0.565,0.988,confirmed
EA08SE,EA08SE.dspadpcm.bfstm,3107,3107,1.599,1.493,0.695,0.934,confirmed
EA08SF,EA08SF.dspadpcm.bfstm,3108,3108,1.261,1.387,0.565,0.909,confirmed
EA09CA,EA09CA.dspadpcm.bfstm,3109,3109,2.317,2.304,0.461,0.994,confirmed
EA09CB,EA09CB.dspadpcm.bfstm,3110,3110,2.316,2.432,0.765,0.952,confirmed
EA09CC,EA09CC.dspadpcm.bfstm,3111,3111,2.144,2.389,0.786,0.897,confirmed
EA09CD,EA09CD.dspadpcm.bfstm,3112,3112,2.189,2.496,0.774,0.877,confirmed
EA09SA,EA09SA.dspadpcm.bfstm,3115,3115,1.848,1.749,0.689,0.946,confirmed
EA09SB,EA09SB.dspadpcm.bfstm,3116,3116,2.177,2.176,,1.0,no-speech-durmatch
EA09SC,EA09SC.dspadpcm.bfstm,3117,3117,1.686,2.005,0.737,0.841,confirmed
EA09SD,EA09SD.dspadpcm.bfstm,3118,3118,1.338,1.899,0.689,0.705,confirmed
EA09SE,EA09SE.dspadpcm.bfstm,3119,3119,2.309,2.368,0.687,0.975,confirmed
EA09SF,EA09SF.dspadpcm.bfstm,3120,3120,1.733,2.176,0.737,0.796,confirmed
EA10CA,EA10CA.dspadpcm.bfstm,3121,3121,2.923,2.816,0.9,0.963,confirmed
EA10CB,EA10CB.dspadpcm.bfstm,3122,3122,2.69,3.136,0.84,0.858,confirmed
EA10CC,EA10CC.dspadpcm.bfstm,3123,3123,2.884,2.944,0.9,0.98,confirmed
EA10CD,EA10CD.dspadpcm.bfstm,3124,3124,3.104,3.072,0.9,0.99,confirmed
EA10SA,EA10SA.dspadpcm.bfstm,3126,3127,3.124,3.179,0.533,0.983,confirmed
EA10SB,EA10SB.dspadpcm.bfstm,3127,3128,3.648,2.859,0.579,0.784,confirmed
EA10SC,EA10SC.dspadpcm.bfstm,3129,3129,2.805,2.837,0.926,0.989,confirmed
EA10SD,EA10SD.dspadpcm.bfstm,3130,3130,2.872,3.093,0.894,0.929,confirmed
EA10SE,EA10SE.dspadpcm.bfstm,3131,3131,3.327,3.435,0.812,0.969,confirmed
EA10SF,EA10SF.dspadpcm.bfstm,3132,3132,2.416,3.072,0.821,0.786,confirmed
EA11CA,EA11CA.dspadpcm.bfstm,3133,3133,2.834,2.411,0.795,0.851,confirmed
EA11CB,EA11CB.dspadpcm.bfstm,3134,3134,2.965,2.304,0.764,0.777,confirmed
EA11CC,EA11CC.dspadpcm.bfstm,3136,3135,2.993,2.624,0.788,0.877,confirmed
EA11CD,EA11CD.dspadpcm.bfstm,3138,3136,3.125,2.432,0.79,0.778,confirmed
EA11SA,EA11SA.dspadpcm.bfstm,3139,3139,1.173,1.472,,0.797,no-speech-nomatch
EA11SB,EA11SB.dspadpcm.bfstm,3140,3140,1.358,1.536,,0.884,no-speech-durmatch
EA11SC,EA11SC.dspadpcm.bfstm,3142,3141,1.227,1.6,0.748,0.767,confirmed
EA11SE,EA11SE.dspadpcm.bfstm,3143,3142,1.271,1.685,0.702,0.754,confirmed
EA11SF,EA11SF.dspadpcm.bfstm,3144,3143,1.158,2.24,0.816,0.517,confirmed
EA12CA,EA12CA.dspadpcm.bfstm,3146,3144,2.122,2.389,0.717,0.888,confirmed
EA12CB,EA12CB.dspadpcm.bfstm,3147,3145,1.675,1.877,0.979,0.892,confirmed
EA12CC,EA12CC.dspadpcm.bfstm,3149,3147,1.875,2.603,0.606,0.72,confirmed
EA12CD,EA12CD.dspadpcm.bfstm,3150,3148,2.537,2.048,0.369,0.807,low-confidence
EA12SA,EA12SA.dspadpcm.bfstm,3151,3151,2.077,1.707,0.835,0.822,confirmed
EA12SB,EA12SB.dspadpcm.bfstm,3152,3152,2.176,2.176,0.901,1.0,confirmed
EA12SC,EA12SC.dspadpcm.bfstm,3153,3153,2.013,2.069,0.813,0.973,confirmed
EA12SD,EA12SD.dspadpcm.bfstm,3154,3154,1.848,1.856,0.901,0.996,confirmed
EA12SE,EA12SE.dspadpcm.bfstm,3155,3155,2.399,2.368,0.884,0.987,confirmed
EA12SF,EA12SF.dspadpcm.bfstm,3156,3156,1.84,2.24,0.897,0.821,confirmed
EA13CA,EA13CA.dspadpcm.bfstm,3157,3157,2.048,1.963,0.754,0.958,confirmed
EA13CB,EA13CB.dspadpcm.bfstm,3158,3158,1.829,2.112,0.754,0.866,confirmed
EA13CC,EA13CC.dspadpcm.bfstm,3160,3159,2.005,2.133,0.754,0.94,confirmed
EA13CD,EA13CD.dspadpcm.bfstm,3161,3160,2.104,2.283,0.754,0.922,confirmed
EA13SA,EA13SA.dspadpcm.bfstm,3163,3163,1.879,1.856,0.694,0.988,confirmed
EA13SB,EA13SB.dspadpcm.bfstm,3164,3164,2.626,2.197,0.691,0.837,confirmed
EA13SC,EA13SC.dspadpcm.bfstm,3165,3165,2.223,2.304,0.667,0.965,confirmed
EA13SD,EA13SD.dspadpcm.bfstm,3166,3166,1.994,2.027,0.768,0.984,confirmed
EA13SE,EA13SE.dspadpcm.bfstm,3167,3167,2.19,2.389,0.796,0.917,confirmed
EA13SF,EA13SF.dspadpcm.bfstm,3168,3169,1.92,2.496,0.636,0.769,confirmed
EA14CA,EA14CA.dspadpcm.bfstm,3170,3170,2.277,2.283,0.559,0.997,confirmed
EA14CB,EA14CB.dspadpcm.bfstm,3171,3171,2.088,1.984,0.559,0.95,confirmed
EA14CC,EA14CC.dspadpcm.bfstm,3172,3172,2.126,2.133,0.559,0.997,confirmed
EA14CD,EA14CD.dspadpcm.bfstm,3174,3173,2.067,2.155,0.559,0.959,confirmed
EA14SA,EA14SA.dspadpcm.bfstm,3176,3176,1.608,1.579,0.515,0.982,confirmed
EA14SB,EA14SB.dspadpcm.bfstm,3177,3177,2.008,1.749,0.469,0.871,confirmed
EA14SC,EA14SC.dspadpcm.bfstm,3178,3178,1.471,1.664,0.71,0.884,confirmed
EA14SD,EA14SD.dspadpcm.bfstm,3179,3179,1.352,1.707,0.574,0.792,confirmed
EA14SE,EA14SE.dspadpcm.bfstm,3180,3180,1.813,1.899,0.469,0.955,confirmed
EA14SF,EA14SF.dspadpcm.bfstm,3181,3181,1.511,2.517,0.626,0.6,confirmed
EA15CA,EA15CA.dspadpcm.bfstm,3182,3182,2.827,3.392,0.735,0.833,confirmed
EA15CB,EA15CB.dspadpcm.bfstm,3183,3183,2.531,2.368,0.83,0.936,confirmed
EA15CC,EA15CC.dspadpcm.bfstm,3184,3184,2.891,2.731,0.777,0.945,confirmed
EA15CD,EA15CD.dspadpcm.bfstm,3185,3185,3.376,3.669,0.826,0.92,confirmed
EA15SA,EA15SA.dspadpcm.bfstm,3187,3188,1.853,1.557,0.641,0.84,confirmed
EA15SB,EA15SB.dspadpcm.bfstm,3188,3189,1.757,2.005,0.641,0.876,confirmed
EA15SC,EA15SC.dspadpcm.bfstm,3189,3190,1.322,1.877,0.641,0.704,confirmed
EA15SD,EA15SD.dspadpcm.bfstm,3190,3191,1.626,1.685,0.65,0.965,confirmed
EA15SE,EA15SE.dspadpcm.bfstm,3191,3192,1.517,2.176,0.653,0.697,confirmed
EA15SF,EA15SF.dspadpcm.bfstm,3192,3193,1.079,2.048,0.645,0.527,confirmed
EA16CA,EA16CA.dspadpcm.bfstm,3194,3194,0.749,1.28,0.538,0.585,confirmed
EA16CC,EA16CC.dspadpcm.bfstm,3195,3195,0.989,1.216,0.489,0.813,confirmed
EA16CD,EA16CD.dspadpcm.bfstm,3198,3196,0.963,1.323,0.809,0.728,confirmed
EA16SA,EA16SA.dspadpcm.bfstm,3199,3199,1.525,1.003,0.676,0.658,confirmed
EA16SB,EA16SB.dspadpcm.bfstm,3200,3200,1.776,1.237,0.645,0.697,confirmed
EA16SC,EA16SC.dspadpcm.bfstm,3201,3201,1.418,1.003,0.656,0.707,confirmed
EA16SD,EA16SD.dspadpcm.bfstm,3202,3202,1.188,1.088,0.638,0.916,confirmed
EA16SE,EA16SE.dspadpcm.bfstm,3203,3203,1.617,1.344,0.751,0.831,confirmed
EA16SF,EA16SF.dspadpcm.bfstm,3204,3204,1.482,1.088,0.656,0.734,confirmed
EA17CA,EA17CA.dspadpcm.bfstm,3206,3205,2.477,2.709,0.591,0.914,confirmed
EA17CB,EA17CB.dspadpcm.bfstm,3207,3206,1.784,2.475,0.676,0.721,confirmed
EA17CC,EA17CC.dspadpcm.bfstm,3209,3207,2.538,2.944,0.668,0.862,confirmed
EA17CD,EA17CD.dspadpcm.bfstm,3210,3208,2.323,2.688,0.667,0.864,confirmed
EA17SA,EA17SA.dspadpcm.bfstm,3211,3211,2.581,2.283,0.74,0.885,confirmed
EA17SB,EA17SB.dspadpcm.bfstm,3212,3212,2.661,3.157,0.722,0.843,confirmed
EA17SC,EA17SC.dspadpcm.bfstm,3213,3213,1.818,3.093,0.488,0.588,confirmed
EA17SD,EA17SD.dspadpcm.bfstm,3214,3214,2.035,2.475,0.532,0.822,confirmed
EA17SE,EA17SE.dspadpcm.bfstm,3216,3215,2.446,3.349,0.453,0.73,confirmed
EA17SF,EA17SF.dspadpcm.bfstm,3218,3216,1.85,1.707,0.529,0.923,confirmed
EA18CA,EA18CA.dspadpcm.bfstm,3219,3217,1.135,1.6,0.578,0.709,confirmed
EA18CB,EA18CB.dspadpcm.bfstm,3220,3218,1.001,1.323,0.55,0.757,confirmed
EA18CC,EA18CC.dspadpcm.bfstm,3221,3219,1.448,1.856,0.685,0.78,confirmed
EA18CD,EA18CD.dspadpcm.bfstm,3222,3220,1.445,1.749,0.554,0.826,confirmed
EA18SA,EA18SA.dspadpcm.bfstm,3223,3223,1.456,1.024,0.705,0.703,confirmed
EA18SB,EA18SB.dspadpcm.bfstm,3224,3224,1.063,1.173,0.621,0.906,confirmed
EA18SC,EA18SC.dspadpcm.bfstm,3225,3225,0.925,1.131,0.759,0.818,confirmed
EA18SD,EA18SD.dspadpcm.bfstm,3226,3226,1.024,1.109,0.759,0.923,confirmed
EA18SE,EA18SE.dspadpcm.bfstm,3227,3227,0.925,1.259,0.759,0.735,confirmed
EA18SF,EA18SF.dspadpcm.bfstm,3228,3228,1.108,1.237,0.621,0.896,confirmed
EA19CA,EA19CA.dspadpcm.bfstm,3230,3229,2.794,2.965,0.935,0.942,confirmed
EA19CB,EA19CB.dspadpcm.bfstm,3231,3230,2.725,2.965,0.867,0.919,confirmed
EA19CC,EA19CC.dspadpcm.bfstm,3233,3231,2.645,3.2,0.935,0.827,confirmed
EA19CD,EA19CD.dspadpcm.bfstm,3234,3232,2.864,3.221,0.917,0.889,confirmed
EA19SA,EA19SA.dspadpcm.bfstm,3235,3235,0.667,1.109,0.626,0.601,confirmed
EA19SB,EA19SB.dspadpcm.bfstm,3236,3236,0.743,1.216,0.881,0.611,confirmed
EA19SC,EA19SC.dspadpcm.bfstm,3237,3237,0.822,1.536,0.628,0.535,confirmed
EA19SD,EA19SD.dspadpcm.bfstm,3239,3238,0.778,1.323,0.881,0.588,confirmed
EA19SE,EA19SE.dspadpcm.bfstm,3240,3239,0.948,1.664,0.881,0.57,confirmed
EA19SF,EA19SF.dspadpcm.bfstm,3242,3240,0.849,1.984,0.349,0.428,no-match
EA20CA,EA20CA.dspadpcm.bfstm,3243,3241,2.591,1.92,0.505,0.741,confirmed
EA20CB,EA20CB.dspadpcm.bfstm,3244,3242,2.53,2.475,0.497,0.978,confirmed
EA20CC,EA20CC.dspadpcm.bfstm,3245,3243,2.269,2.155,0.499,0.95,confirmed
EA20CD,EA20CD.dspadpcm.bfstm,3246,3244,2.461,2.069,0.497,0.841,confirmed
EA20SA,EA20SA.dspadpcm.bfstm,3247,3247,0.633,0.789,0.871,0.802,confirmed
EA20SB,EA20SB.dspadpcm.bfstm,3248,3248,0.9,0.96,,0.938,no-speech-durmatch
EA20SC,EA20SC.dspadpcm.bfstm,3250,3249,0.761,0.853,0.797,0.892,confirmed
EA20SD,EA20SD.dspadpcm.bfstm,3251,3250,0.916,1.045,0.871,0.877,confirmed
EA20SE,EA20SE.dspadpcm.bfstm,3252,3251,0.855,1.173,0.638,0.729,confirmed
EA20SF,EA20SF.dspadpcm.bfstm,3253,3252,0.754,2.944,,0.256,no-speech-nomatch
EA21CA,EA21CA.dspadpcm.bfstm,3254,3253,2.8,3.541,0.526,0.791,confirmed
EA21CB,EA21CB.dspadpcm.bfstm,3255,3254,2.33,3.051,0.885,0.764,confirmed
EA21CC,EA21CC.dspadpcm.bfstm,3256,3255,2.65,3.2,0.885,0.828,confirmed
EA21CD,EA21CD.dspadpcm.bfstm,3258,3256,3.232,3.328,0.885,0.971,confirmed
EA21SA,EA21SA.dspadpcm.bfstm,3259,3259,1.314,1.237,0.717,0.941,confirmed
EA21SB,EA21SB.dspadpcm.bfstm,3260,3260,1.723,1.408,0.672,0.817,confirmed
EA21SC,EA21SC.dspadpcm.bfstm,3261,3261,1.436,1.323,0.692,0.921,confirmed
EA21SD,EA21SD.dspadpcm.bfstm,3262,3262,1.594,1.344,0.645,0.843,confirmed
EA21SE,EA21SE.dspadpcm.bfstm,3263,3263,1.562,1.536,0.717,0.983,confirmed
EA21SF,EA21SF.dspadpcm.bfstm,3264,3264,1.402,1.429,0.717,0.981,confirmed
EA22CA,EA22CA.dspadpcm.bfstm,3265,3265,1.9,1.771,0.639,0.932,confirmed
EA22CB,EA22CB.dspadpcm.bfstm,3267,3266,1.53,2.176,,0.703,no-speech-nomatch
EA22CC,EA22CC.dspadpcm.bfstm,3268,3267,1.732,1.92,0.668,0.902,confirmed
EA22CD,EA22CD.dspadpcm.bfstm,3270,3268,2.136,2.368,0.661,0.902,confirmed
EA22SA,EA22SA.dspadpcm.bfstm,3271,3271,0.993,0.981,,0.988,no-speech-durmatch
EA22SB,EA22SB.dspadpcm.bfstm,3272,3272,1.079,1.109,,0.973,no-speech-durmatch
EA22SC,EA22SC.dspadpcm.bfstm,3273,3273,1.08,0.853,0.672,0.79,confirmed
EA22SD,EA22SD.dspadpcm.bfstm,3274,3274,1.241,1.067,0.934,0.86,confirmed
EA22SE,EA22SE.dspadpcm.bfstm,3275,3275,1.161,1.216,0.934,0.955,confirmed
EA22SF,EA22SF.dspadpcm.bfstm,3276,3276,1.069,0.917,0.934,0.858,confirmed
EA23CA,EA23CA.dspadpcm.bfstm,3277,3277,1.158,0.875,0.475,0.756,confirmed
EA23CB,EA23CB.dspadpcm.bfstm,3278,3278,0.99,1.259,0.649,0.786,confirmed
EA23CC,EA23CC.dspadpcm.bfstm,3279,3279,0.901,0.832,0.707,0.923,confirmed
EA23CD,EA23CD.dspadpcm.bfstm,3280,3280,1.162,0.96,0.651,0.826,confirmed
EA23SA,EA23SA.dspadpcm.bfstm,3283,3283,1.789,1.664,0.836,0.93,confirmed
EA23SB,EA23SB.dspadpcm.bfstm,3284,3284,2.517,2.005,0.654,0.797,confirmed
EA23SC,EA23SC.dspadpcm.bfstm,3285,3285,1.957,1.493,0.764,0.763,confirmed
EA23SD,EA23SD.dspadpcm.bfstm,3286,3286,2.15,1.792,0.847,0.833,confirmed
EA23SE,EA23SE.dspadpcm.bfstm,3287,3287,2.346,2.176,0.847,0.928,confirmed
EA23SF,EA23SF.dspadpcm.bfstm,3288,3288,1.949,1.621,0.847,0.832,confirmed
EA24CA,EA24CA.dspadpcm.bfstm,3289,3289,1.501,1.344,0.723,0.895,confirmed
EA24CB,EA24CB.dspadpcm.bfstm,3290,3290,1.143,1.813,,0.63,no-speech-nomatch
EA24CC,EA24CC.dspadpcm.bfstm,3291,3291,3.136,1.835,0.823,0.585,confirmed
EA24CD,EA24CD.dspadpcm.bfstm,3294,3292,1.243,1.984,0.497,0.627,confirmed
EA24SA,EA24SA.dspadpcm.bfstm,3295,3295,1.068,1.173,0.776,0.91,confirmed
EA24SB,EA24SB.dspadpcm.bfstm,3296,3296,1.229,1.344,0.355,0.914,low-confidence
EA24SC,EA24SC.dspadpcm.bfstm,3297,3297,0.975,1.173,0.776,0.831,confirmed
EA24SD,EA24SD.dspadpcm.bfstm,3298,3298,1.144,1.28,0.776,0.894,confirmed
EA24SE,EA24SE.dspadpcm.bfstm,3299,3299,1.043,1.451,0.463,0.719,confirmed
EA24SF,EA24SF.dspadpcm.bfstm,3300,3300,1.087,1.259,0.776,0.863,confirmed
EA25CA,EA25CA.dspadpcm.bfstm,3301,3301,1.437,1.643,0.874,0.875,confirmed
EA25CB,EA25CB.dspadpcm.bfstm,3302,3302,1.349,1.856,0.583,0.727,confirmed
EA25CC,EA25CC.dspadpcm.bfstm,3303,3303,1.181,1.984,0.901,0.595,confirmed
EA25CD,EA25CD.dspadpcm.bfstm,3304,3304,1.523,1.771,0.757,0.86,confirmed
EA25SA,EA25SA.dspadpcm.bfstm,3305,3307,1.379,2.005,0.507,0.688,confirmed
EA25SB,EA25SB.dspadpcm.bfstm,3306,3308,1.525,2.155,0.597,0.708,confirmed
EA25SC,EA25SC.dspadpcm.bfstm,3307,3309,1.189,1.451,0.531,0.819,confirmed
EA25SD,EA25SD.dspadpcm.bfstm,3309,3310,1.608,1.557,0.376,0.968,low-confidence
EA25SE,EA25SE.dspadpcm.bfstm,3310,3311,1.7,1.579,0.531,0.929,confirmed
EA25SF,EA25SF.dspadpcm.bfstm,3312,3312,1.682,1.685,0.531,0.998,confirmed
EA26CA,EA26CA.dspadpcm.bfstm,3313,3313,1.213,1.344,0.855,0.903,confirmed
EA26CB,EA26CB.dspadpcm.bfstm,3314,3314,1.027,1.387,0.855,0.74,confirmed
EA26CC,EA26CC.dspadpcm.bfstm,3315,3315,1.899,1.536,0.789,0.809,confirmed
EA26CD,EA26CD.dspadpcm.bfstm,3316,3316,1.448,1.451,0.83,0.998,confirmed
EA26SA,EA26SA.dspadpcm.bfstm,3319,3319,1.248,0.981,0.657,0.786,confirmed
EA26SB,EA26SB.dspadpcm.bfstm,3320,3320,1.44,1.109,0.708,0.77,confirmed
EA26SC,EA26SC.dspadpcm.bfstm,3321,3321,1.245,0.981,0.657,0.788,confirmed
EA26SD,EA26SD.dspadpcm.bfstm,3322,3322,1.383,1.067,0.685,0.772,confirmed
EA26SE,EA26SE.dspadpcm.bfstm,3323,3323,1.253,1.195,0.528,0.954,confirmed
EA26SF,EA26SF.dspadpcm.bfstm,3324,3324,1.176,1.067,0.681,0.907,confirmed
EA27CA,EA27CA.dspadpcm.bfstm,3325,3325,1.17,1.323,0.857,0.884,confirmed
EA27CB,EA27CB.dspadpcm.bfstm,3326,3326,1.12,1.429,0.802,0.784,confirmed
EA27CC,EA27CC.dspadpcm.bfstm,3327,3327,1.134,1.28,0.802,0.886,confirmed
EA27CD,EA27CD.dspadpcm.bfstm,3328,3328,1.266,1.429,,0.886,no-speech-durmatch
EA27SA,EA27SA.dspadpcm.bfstm,3329,3331,1.238,1.557,0.642,0.795,confirmed
EA27SB,EA27SB.dspadpcm.bfstm,3330,3332,1.232,1.408,0.642,0.875,confirmed
EA27SC,EA27SC.dspadpcm.bfstm,3331,3333,1.328,1.323,0.586,0.996,confirmed
EA27SD,EA27SD.dspadpcm.bfstm,3332,3334,1.397,1.408,0.586,0.992,confirmed
EA27SE,EA27SE.dspadpcm.bfstm,3333,3335,1.633,1.429,0.586,0.875,confirmed
EA27SF,EA27SF.dspadpcm.bfstm,3334,3336,1.429,1.429,0.586,1.0,confirmed
EA28CA,EA28CA.dspadpcm.bfstm,3337,3337,1.336,1.28,0.888,0.958,confirmed
EA28CB,EA28CB.dspadpcm.bfstm,3338,3338,1.202,1.472,0.886,0.817,confirmed
EA28CC,EA28CC.dspadpcm.bfstm,3340,3339,1.255,1.387,0.888,0.905,confirmed
EA28CD,EA28CD.dspadpcm.bfstm,3341,3340,1.509,1.6,0.763,0.943,confirmed
EA28SA,EA28SA.dspadpcm.bfstm,3343,3343,1.712,1.728,0.868,0.991,confirmed
EA28SB,EA28SB.dspadpcm.bfstm,3344,3344,2.683,2.304,0.681,0.859,confirmed
EA28SC,EA28SC.dspadpcm.bfstm,3345,3345,1.789,1.749,0.814,0.978,confirmed
EA28SD,EA28SD.dspadpcm.bfstm,3346,3346,1.733,1.856,0.868,0.934,confirmed
EA28SE,EA28SE.dspadpcm.bfstm,3347,3347,1.952,2.496,0.851,0.782,confirmed
EA28SF,EA28SF.dspadpcm.bfstm,3348,3348,1.596,1.899,0.693,0.84,confirmed
EA29CA,EA29CA.dspadpcm.bfstm,3349,3349,2.242,2.325,0.668,0.964,confirmed
EA29CB,EA29CB.dspadpcm.bfstm,3350,3350,2.027,2.88,0.671,0.704,confirmed
EA29CC,EA29CC.dspadpcm.bfstm,3351,3351,2.135,2.773,0.747,0.77,confirmed
EA29CD,EA29CD.dspadpcm.bfstm,3352,3352,2.555,2.539,0.749,0.994,confirmed
EA29SA,EA29SA.dspadpcm.bfstm,3355,3355,1.573,1.152,0.559,0.732,confirmed
EA29SB,EA29SB.dspadpcm.bfstm,3356,3356,1.917,1.301,0.653,0.679,confirmed
EA29SC,EA29SC.dspadpcm.bfstm,3357,3357,1.224,1.109,0.653,0.906,confirmed
EA29SD,EA29SD.dspadpcm.bfstm,3358,3358,1.482,1.259,0.653,0.85,confirmed
EA29SE,EA29SE.dspadpcm.bfstm,3359,3359,1.565,1.408,0.653,0.9,confirmed
EA29SF,EA29SF.dspadpcm.bfstm,3360,3360,1.144,1.216,0.512,0.941,confirmed
EA30CA,EA30CA.dspadpcm.bfstm,3361,3361,2.528,2.411,0.807,0.954,confirmed
EA30CB,EA30CB.dspadpcm.bfstm,3362,3362,2.133,2.624,0.797,0.813,confirmed
EA30CC,EA30CC.dspadpcm.bfstm,3364,3363,2.491,2.624,0.797,0.949,confirmed
EA30CD,EA30CD.dspadpcm.bfstm,3365,3364,2.225,2.837,0.797,0.784,confirmed
EA30SA,EA30SA.dspadpcm.bfstm,3367,3366,2.328,2.709,0.738,0.859,confirmed
EA30SB,EA30SB.dspadpcm.bfstm,3368,3367,2.725,2.837,0.78,0.961,confirmed
EA30SC,EA30SC.dspadpcm.bfstm,3369,3368,2.579,2.261,0.78,0.877,confirmed
EA30SD,EA30SD.dspadpcm.bfstm,3370,3369,2.474,2.944,0.78,0.84,confirmed
EA30SE,EA30SE.dspadpcm.bfstm,3371,3370,2.794,3.093,0.66,0.903,confirmed
EA30SF,EA30SF.dspadpcm.bfstm,3372,3371,2.362,2.453,0.78,0.963,confirmed
EA31CA,EA31CA.dspadpcm.bfstm,3374,3372,2.064,1.472,0.733,0.713,confirmed
EA31CB,EA31CB.dspadpcm.bfstm,3375,3373,1.074,1.429,0.817,0.752,confirmed
EA31CC,EA31CC.dspadpcm.bfstm,3376,3374,1.522,1.216,0.733,0.799,confirmed
EA31CD,EA31CD.dspadpcm.bfstm,3377,3375,1.591,1.579,0.733,0.992,confirmed
EA31SA,EA31SA.dspadpcm.bfstm,3378,3378,1.549,1.557,0.367,0.995,low-confidence
EA31SB,EA31SB.dspadpcm.bfstm,3380,3379,2.202,1.941,0.795,0.881,confirmed
EA31SC,EA31SC.dspadpcm.bfstm,3381,3380,1.451,2.027,0.903,0.716,confirmed
EA31SD,EA31SD.dspadpcm.bfstm,3382,3381,1.712,2.112,0.903,0.811,confirmed
EA31SE,EA31SE.dspadpcm.bfstm,3383,3382,1.621,2.112,0.837,0.768,confirmed
EA31SF,EA31SF.dspadpcm.bfstm,3384,3383,1.901,2.197,0.837,0.865,confirmed
EA32CA,EA32CA.dspadpcm.bfstm,3385,3385,0.558,0.64,0.663,0.872,confirmed
EA32CB,EA32CB.dspadpcm.bfstm,3388,3386,0.603,0.683,0.403,0.883,low-confidence
EA32CC,EA32CC.dspadpcm.bfstm,3389,3387,0.73,0.789,0.663,0.925,confirmed
EA32CD,EA32CD.dspadpcm.bfstm,3390,3388,1.093,0.853,0.699,0.78,confirmed
EA32SA,EA32SA.dspadpcm.bfstm,3391,3391,1.651,1.643,0.912,0.995,confirmed
EA32SB,EA32SB.dspadpcm.bfstm,3392,3392,1.712,1.792,0.371,0.955,low-confidence
EA32SC,EA32SC.dspadpcm.bfstm,3393,3393,1.425,1.835,0.64,0.777,confirmed
EA32SD,EA32SD.dspadpcm.bfstm,3394,3394,1.332,1.771,0.912,0.752,confirmed
EA32SE,EA32SE.dspadpcm.bfstm,3395,3395,1.616,1.941,0.873,0.833,confirmed
EA32SF,EA32SF.dspadpcm.bfstm,3396,3397,1.154,1.984,0.708,0.582,confirmed
EA33CA,EA33CA.dspadpcm.bfstm,3397,3398,0.994,1.109,0.749,0.896,confirmed
EA33CB,EA33CB.dspadpcm.bfstm,3398,3399,1.08,1.109,,0.974,no-speech-durmatch
EA33CC,EA33CC.dspadpcm.bfstm,3400,3400,1.263,1.216,0.617,0.963,confirmed
EA33CD,EA33CD.dspadpcm.bfstm,3401,3401,1.369,1.216,0.516,0.888,confirmed
EA34CA,EA34CA.dspadpcm.bfstm,3403,3404,2.163,2.091,0.788,0.967,confirmed
EA34CB,EA34CB.dspadpcm.bfstm,3405,3405,1.714,1.749,0.805,0.98,confirmed
EA34CC,EA34CC.dspadpcm.bfstm,3406,3406,2.288,2.261,0.788,0.988,confirmed
EA34CD,EA34CD.dspadpcm.bfstm,3408,3407,1.848,1.899,0.743,0.973,confirmed
EA35CA,EA35CA.dspadpcm.bfstm,3409,3410,3.776,3.947,0.736,0.957,confirmed
EA35CB,EA35CB.dspadpcm.bfstm,3410,3411,3.599,4.373,0.789,0.823,confirmed
EA35CC,EA35CC.dspadpcm.bfstm,3411,3412,3.589,3.776,0.788,0.95,confirmed
EA35CD,EA35CD.dspadpcm.bfstm,3414,3413,4.227,4.096,0.75,0.969,confirmed
EA36CA,EA36CA.dspadpcm.bfstm,3415,3416,1.021,1.131,0.71,0.903,confirmed
EA36CB,EA36CB.dspadpcm.bfstm,3416,3417,1.085,1.045,0.708,0.963,confirmed
EA36CC,EA36CC.dspadpcm.bfstm,3417,3418,0.901,1.067,0.708,0.844,confirmed
EA36CD,EA36CD.dspadpcm.bfstm,3418,3419,1.272,1.216,0.708,0.956,confirmed
EA37CA,EA37CA.dspadpcm.bfstm,3422,3422,1.344,1.195,0.557,0.889,confirmed
EA37CB,EA37CB.dspadpcm.bfstm,3423,3423,0.918,0.939,0.575,0.978,confirmed
EA37CC,EA37CC.dspadpcm.bfstm,3424,3424,0.941,1.109,0.715,0.849,confirmed
EA37CD,EA37CD.dspadpcm.bfstm,3425,3425,1.315,1.301,0.737,0.989,confirmed
EA38CA,EA38CA.dspadpcm.bfstm,3427,3428,3.131,3.669,0.667,0.853,confirmed
EA38CB,EA38CB.dspadpcm.bfstm,3428,3429,2.923,3.819,0.649,0.765,confirmed
EA38CC,EA38CC.dspadpcm.bfstm,3429,3430,3.151,3.691,0.649,0.854,confirmed
EA38CD,EA38CD.dspadpcm.bfstm,3430,3431,2.999,3.989,0.668,0.752,confirmed
EA39CA,EA39CA.dspadpcm.bfstm,3434,3434,4.037,3.115,0.645,0.772,confirmed
EA39CB,EA39CB.dspadpcm.bfstm,3436,3435,3.536,2.624,0.645,0.742,confirmed
EA39CC,EA39CC.dspadpcm.bfstm,3437,3436,3.296,3.392,0.611,0.972,confirmed
EA39CD,EA39CD.dspadpcm.bfstm,3438,3437,3.119,2.624,0.65,0.841,confirmed
EA40CA,EA40CA.dspadpcm.bfstm,3440,3440,4.528,3.456,0.608,0.763,confirmed
EA40CB,EA40CB.dspadpcm.bfstm,3442,3441,4.159,2.965,0.608,0.713,confirmed
EA40CC,EA40CC.dspadpcm.bfstm,3443,3442,4.378,3.755,0.608,0.858,confirmed
EA40CD,EA40CD.dspadpcm.bfstm,3444,3443,4.362,2.965,0.608,0.68,confirmed
EA41CA,EA41CA.dspadpcm.bfstm,3445,3446,4.21,4.011,0.648,0.953,confirmed
EA41CB,EA41CB.dspadpcm.bfstm,3447,3447,3.701,4.011,0.576,0.923,confirmed
EA41CC,EA41CC.dspadpcm.bfstm,3448,3448,4.959,4.373,0.612,0.882,confirmed
EA41CD,EA41CD.dspadpcm.bfstm,3449,3449,5.136,5.013,0.617,0.976,confirmed
EA42CA,EA42CA.dspadpcm.bfstm,3451,3452,1.152,1.451,0.733,0.794,confirmed
EA42CB,EA42CB.dspadpcm.bfstm,3452,3453,1.528,1.365,0.726,0.893,confirmed
EA42CC,EA42CC.dspadpcm.bfstm,3453,3454,1.377,1.387,0.733,0.993,confirmed
EA42CD,EA42CD.dspadpcm.bfstm,3454,3455,1.146,1.579,0.733,0.726,confirmed
EA43CA,EA43CA.dspadpcm.bfstm,3455,3458,1.341,1.472,0.721,0.911,confirmed
EA43CB,EA43CB.dspadpcm.bfstm,3456,3459,1.397,1.493,0.665,0.936,confirmed
EA43CC,EA43CC.dspadpcm.bfstm,3457,3460,1.336,1.728,0.697,0.773,confirmed
EA43CD,EA43CD.dspadpcm.bfstm,3458,3461,1.435,1.707,0.585,0.841,confirmed
EA44CA,EA44CA.dspadpcm.bfstm,3464,3464,1.512,1.301,0.888,0.86,confirmed
EA44CB,EA44CB.dspadpcm.bfstm,3466,3465,1.405,1.28,0.888,0.911,confirmed
EA44CC,EA44CC.dspadpcm.bfstm,3467,3466,1.096,1.408,0.888,0.778,confirmed
EA44CD,EA44CD.dspadpcm.bfstm,3468,3467,1.605,1.344,0.888,0.837,confirmed
EA45CA,EA45CA.dspadpcm.bfstm,3469,3470,1.592,1.472,0.668,0.925,confirmed
EA45CB,EA45CB.dspadpcm.bfstm,3470,3471,1.447,1.579,0.799,0.916,confirmed
EA45CC,EA45CC.dspadpcm.bfstm,3471,3472,1.373,1.685,0.84,0.815,confirmed
EA45CD,EA45CD.dspadpcm.bfstm,3472,3473,1.696,1.6,0.84,0.943,confirmed
EA46CA,EA46CA.dspadpcm.bfstm,3474,3477,1.917,1.835,0.562,0.957,confirmed
EA46CB,EA46CB.dspadpcm.bfstm,3475,3478,1.336,1.621,0.676,0.824,confirmed
EA46CC,EA46CC.dspadpcm.bfstm,3476,3479,1.562,1.728,0.676,0.904,confirmed
EA46CD,EA46CD.dspadpcm.bfstm,3477,3480,2.16,2.027,0.444,0.938,low-confidence
EA47CA,EA47CA.dspadpcm.bfstm,3478,3483,1.693,1.771,0.608,0.956,confirmed
EA47CD,EA47CD.dspadpcm.bfstm,3480,3484,2.005,2.197,0.617,0.913,confirmed
EA48CA,EA48CA.dspadpcm.bfstm,3487,3487,1.605,1.792,0.658,0.896,confirmed
EA48CB,EA48CB.dspadpcm.bfstm,3488,3488,1.451,1.963,0.543,0.739,confirmed
EA48CC,EA48CC.dspadpcm.bfstm,3490,3489,1.488,1.941,0.69,0.767,confirmed
EA48CD,EA48CD.dspadpcm.bfstm,3491,3490,1.68,2.133,0.624,0.788,confirmed
EA49CA,EA49CA.dspadpcm.bfstm,3493,3493,0.839,1.067,0.698,0.786,confirmed
EA49CB,EA49CB.dspadpcm.bfstm,3494,3494,0.943,1.408,0.606,0.67,confirmed
EA49CC,EA49CC.dspadpcm.bfstm,3495,3495,0.907,1.344,0.698,0.675,confirmed
EA49CD,EA49CD.dspadpcm.bfstm,3496,3496,1.037,1.152,0.697,0.9,confirmed
EA50CA,EA50CA.dspadpcm.bfstm,3499,3499,0.95,1.408,0.67,0.675,confirmed
EA50CB,EA50CB.dspadpcm.bfstm,3500,3500,1.222,1.472,0.67,0.83,confirmed
EA50CC,EA50CC.dspadpcm.bfstm,3502,3502,0.998,1.536,0.669,0.65,confirmed
EA50CD,EA50CD.dspadpcm.bfstm,3503,3503,1.063,1.579,0.67,0.673,confirmed
EB01CA,EB01CA.dspadpcm.bfstm,3505,3506,1.896,1.792,0.872,0.945,confirmed
EB01CB,EB01CB.dspadpcm.bfstm,3506,3507,1.658,1.856,0.819,0.893,confirmed
EB01CC,EB01CC.dspadpcm.bfstm,3507,3508,1.597,1.621,0.866,0.985,confirmed
EB01CD,EB01CD.dspadpcm.bfstm,3509,3509,2.629,2.027,0.815,0.771,confirmed
EB01SA,EB01SA.dspadpcm.bfstm,3511,3512,2.741,2.795,0.767,0.981,confirmed
EB01SB,EB01SB.dspadpcm.bfstm,3512,3514,3.595,2.731,0.743,0.76,confirmed
EB01SC,EB01SC.dspadpcm.bfstm,3513,3515,2.986,2.475,0.767,0.829,confirmed
EB01SD,EB01SD.dspadpcm.bfstm,3514,3516,2.656,3.029,0.767,0.877,confirmed
EB01SE,EB01SE.dspadpcm.bfstm,3515,3517,3.606,2.965,0.797,0.822,confirmed
EB01SF,EB01SF.dspadpcm.bfstm,3516,3518,3.131,2.688,0.767,0.859,confirmed
EB02CA,EB02CA.dspadpcm.bfstm,3517,3519,3.92,3.584,0.801,0.914,confirmed
EB02CB,EB02CB.dspadpcm.bfstm,3520,3520,3.84,3.904,0.793,0.984,confirmed
EB02CC,EB02CC.dspadpcm.bfstm,3521,3521,3.835,3.648,0.797,0.951,confirmed
EB02CD,EB02CD.dspadpcm.bfstm,3522,3522,3.69,3.477,0.797,0.942,confirmed
EB02SA,EB02SA.dspadpcm.bfstm,3523,3525,1.637,1.984,0.677,0.825,confirmed
EB02SB,EB02SB.dspadpcm.bfstm,3524,3526,1.893,2.155,0.677,0.878,confirmed
EB02SC,EB02SC.dspadpcm.bfstm,3525,3529,1.674,2.283,0.677,0.733,confirmed
EB02SD,EB02SD.dspadpcm.bfstm,3526,3530,1.738,2.155,0.677,0.806,confirmed
EB02SE,EB02SE.dspadpcm.bfstm,3527,3531,2.165,2.325,0.677,0.931,confirmed
EB02SF,EB02SF.dspadpcm.bfstm,3528,3532,1.536,2.475,0.677,0.621,confirmed
EB03CA,EB03CA.dspadpcm.bfstm,3529,3533,2.129,2.112,0.674,0.992,confirmed
EB03CB,EB03CB.dspadpcm.bfstm,3531,3534,2.306,2.347,0.665,0.983,confirmed
EB03CC,EB03CC.dspadpcm.bfstm,3532,3535,1.887,2.283,0.674,0.827,confirmed
EB03CD,EB03CD.dspadpcm.bfstm,3533,3536,2.181,2.133,0.674,0.978,confirmed
EB03SA,EB03SA.dspadpcm.bfstm,3535,3539,2.306,2.027,0.71,0.879,confirmed
EB03SB,EB03SB.dspadpcm.bfstm,3536,3540,2.728,2.283,0.366,0.837,low-confidence
EB03SC,EB03SC.dspadpcm.bfstm,3537,3542,2.589,2.368,0.805,0.915,confirmed
EB03SD,EB03SD.dspadpcm.bfstm,3538,3545,2.545,2.197,0.828,0.863,confirmed
EB03SE,EB03SE.dspadpcm.bfstm,3539,3547,2.68,2.475,0.804,0.924,confirmed
EB03SF,EB03SF.dspadpcm.bfstm,3540,3548,2.581,2.56,0.828,0.992,confirmed
EB04CA,EB04CA.dspadpcm.bfstm,3541,3549,3.194,3.349,0.725,0.954,confirmed
EB04CB,EB04CB.dspadpcm.bfstm,3542,3550,2.938,3.072,0.811,0.956,confirmed
EB04CC,EB04CC.dspadpcm.bfstm,3544,3551,2.763,3.627,0.725,0.762,confirmed
EB04CD,EB04CD.dspadpcm.bfstm,3545,3555,2.933,3.328,0.725,0.881,confirmed
EB04SA,EB04SA.dspadpcm.bfstm,3547,3559,3.023,2.517,0.685,0.833,confirmed
EB04SB,EB04SB.dspadpcm.bfstm,3548,3560,3.274,2.539,0.701,0.776,confirmed
EB04SC,EB04SC.dspadpcm.bfstm,3549,3562,3.432,3.264,0.696,0.951,confirmed
EB04SD,EB04SD.dspadpcm.bfstm,3550,3563,3.407,2.731,0.556,0.802,confirmed
EB04SE,EB04SE.dspadpcm.bfstm,3551,3564,3.419,2.752,0.685,0.805,confirmed
EB04SF,EB04SF.dspadpcm.bfstm,3552,3565,2.781,3.541,0.696,0.785,confirmed
EB05CA,EB05CA.dspadpcm.bfstm,3553,3566,4.09,3.712,0.894,0.908,confirmed
EB05CB,EB05CB.dspadpcm.bfstm,3554,3567,3.632,3.733,0.894,0.973,confirmed
EB05CC,EB05CC.dspadpcm.bfstm,3555,3568,3.317,3.435,0.902,0.966,confirmed
EB05CD,EB05CD.dspadpcm.bfstm,3557,3569,4.555,4.053,0.71,0.89,confirmed
EB05SA,EB05SA.dspadpcm.bfstm,3559,3572,2.645,2.965,0.822,0.892,confirmed
EB05SB,EB05SB.dspadpcm.bfstm,3560,3573,3.002,3.115,0.829,0.964,confirmed
EB05SC,EB05SC.dspadpcm.bfstm,3561,3574,3.172,3.093,0.825,0.975,confirmed
EB05SD,EB05SD.dspadpcm.bfstm,3562,3577,3.179,3.221,0.842,0.987,confirmed
EB05SE,EB05SE.dspadpcm.bfstm,3563,3578,3.445,3.371,0.826,0.979,confirmed
EB05SF,EB05SF.dspadpcm.bfstm,3564,3579,2.762,3.371,0.825,0.819,confirmed
EB06CA,EB06CA.dspadpcm.bfstm,3566,3580,4.032,4.288,0.767,0.94,confirmed
EB06CB,EB06CB.dspadpcm.bfstm,3567,3581,3.733,4.096,0.775,0.911,confirmed
EB06CC,EB06CC.dspadpcm.bfstm,3568,3582,3.36,3.861,0.83,0.87,confirmed
EB06CD,EB06CD.dspadpcm.bfstm,3569,3583,4.037,4.651,0.754,0.868,confirmed
EB06SA,EB06SA.dspadpcm.bfstm,3571,3586,3.221,3.392,0.628,0.95,confirmed
EB06SB,EB06SB.dspadpcm.bfstm,3572,3587,4.623,3.541,0.598,0.766,confirmed
EB06SC,EB06SC.dspadpcm.bfstm,3573,3588,3.008,3.605,0.628,0.834,confirmed
EB06SD,EB06SD.dspadpcm.bfstm,3574,3589,3.098,3.691,0.615,0.839,confirmed
EB06SE,EB06SE.dspadpcm.bfstm,3575,3590,3.41,3.84,0.747,0.888,confirmed
EB06SF,EB06SF.dspadpcm.bfstm,3576,3591,3.061,3.925,0.601,0.78,confirmed
EB07CA,EB07CA.dspadpcm.bfstm,3578,3592,3.69,3.435,0.856,0.931,confirmed
EB07CB,EB07CB.dspadpcm.bfstm,3579,3593,3.384,3.115,0.844,0.921,confirmed
EB07CC,EB07CC.dspadpcm.bfstm,3580,3594,3.211,3.691,0.844,0.87,confirmed
EB07CD,EB07CD.dspadpcm.bfstm,3582,3608,3.161,3.392,0.844,0.932,confirmed
EB07SA,EB07SA.dspadpcm.bfstm,3583,3611,3.077,3.008,0.875,0.978,confirmed
EB07SB,EB07SB.dspadpcm.bfstm,3584,3612,3.339,3.243,0.865,0.971,confirmed
EB07SC,EB07SC.dspadpcm.bfstm,3585,3613,3.141,3.477,0.8,0.903,confirmed
EB07SD,EB07SD.dspadpcm.bfstm,3586,3614,3.055,3.264,0.869,0.936,confirmed
EB07SE,EB07SE.dspadpcm.bfstm,3587,3615,3.493,3.52,0.865,0.992,confirmed
EB07SF,EB07SF.dspadpcm.bfstm,3588,3616,3.237,3.776,0.8,0.857,confirmed
EB08CA,EB08CA.dspadpcm.bfstm,3589,3617,3.458,3.243,0.928,0.938,confirmed
EB08CB,EB08CB.dspadpcm.bfstm,3592,3618,3.467,3.52,0.969,0.985,confirmed
EB08CC,EB08CC.dspadpcm.bfstm,3593,3619,2.757,3.221,0.967,0.856,confirmed
EB08CD,EB08CD.dspadpcm.bfstm,3594,3624,3.733,3.328,0.967,0.892,confirmed
EB08SA,EB08SA.dspadpcm.bfstm,3595,3635,1.064,1.323,0.812,0.804,confirmed
EB08SB,EB08SB.dspadpcm.bfstm,3598,3636,1.536,1.429,0.811,0.93,confirmed
EB08SC,EB08SC.dspadpcm.bfstm,3599,3637,1.316,1.515,0.812,0.869,confirmed
EB08SD,EB08SD.dspadpcm.bfstm,3603,3638,1.29,1.365,0.588,0.945,confirmed
EB08SE,EB08SE.dspadpcm.bfstm,3605,3645,1.588,1.365,0.887,0.86,confirmed
EB08SF,EB08SF.dspadpcm.bfstm,3606,3646,1.522,1.493,0.58,0.981,confirmed
EB09SA,EB09SA.dspadpcm.bfstm,3636,3649,0.823,0.875,,0.941,no-speech-durmatch
EB09SB,EB09SB.dspadpcm.bfstm,3637,3650,0.955,0.96,,0.995,no-speech-durmatch
EB09SC,EB09SC.dspadpcm.bfstm,3650,3657,0.915,0.896,0.593,0.979,confirmed
EB09SD,EB09SD.dspadpcm.bfstm,3657,3658,1.297,1.323,0.285,0.98,no-match
EB09SE,EB09SE.dspadpcm.bfstm,3661,3662,1.216,1.259,,0.966,no-speech-durmatch
EB09SF,EB09SF.dspadpcm.bfstm,3662,3663,1.104,1.259,0.523,0.877,confirmed
EB10SA,EB10SA.dspadpcm.bfstm,3665,3666,2.242,2.261,0.404,0.992,low-confidence
EB10SB,EB10SB.dspadpcm.bfstm,3677,3677,2.768,2.773,0.537,0.998,confirmed
EB10SC,EB10SC.dspadpcm.bfstm,3678,3678,2.282,2.773,0.474,0.823,confirmed
EB10SD,EB10SD.dspadpcm.bfstm,3679,3680,2.493,1.856,0.467,0.744,confirmed
EB10SE,EB10SE.dspadpcm.bfstm,3681,3681,2.429,1.92,0.518,0.79,confirmed
EB10SF,EB10SF.dspadpcm.bfstm,3682,3682,1.989,1.92,0.51,0.965,confirmed
EB11SA,EB11SA.dspadpcm.bfstm,3685,3683,3.466,3.819,0.478,0.908,confirmed
EB11SB,EB11SB.dspadpcm.bfstm,3686,3684,4.618,3.819,0.469,0.827,confirmed
EB11SC,EB11SC.dspadpcm.bfstm,3687,3685,3.128,3.904,0.553,0.801,confirmed
EB11SD,EB11SD.dspadpcm.bfstm,3688,3686,3.632,3.904,0.477,0.93,confirmed
EB11SE,EB11SE.dspadpcm.bfstm,3689,3688,3.616,3.243,0.486,0.897,confirmed
EB11SF,EB11SF.dspadpcm.bfstm,3690,3689,3.205,3.243,0.453,0.988,confirmed
EB12SA,EB12SA.dspadpcm.bfstm,3693,3690,3.885,3.349,0.417,0.862,low-confidence
EB12SB,EB12SB.dspadpcm.bfstm,3698,3693,5.152,1.579,0.663,0.306,no-match
EB12SC,EB12SC.dspadpcm.bfstm,3711,3694,3.707,2.901,0.5,0.783,confirmed
EB12SD,EB12SD.dspadpcm.bfstm,3713,3743,4.078,2.795,0.527,0.685,confirmed
EB12SE,EB12SE.dspadpcm.bfstm,3715,3753,4.053,2.987,0.599,0.737,confirmed
EB12SF,EB12SF.dspadpcm.bfstm,3716,3754,3.943,2.987,0.518,0.758,confirmed
FA01CA,FA01CA.dspadpcm.bfstm,3935,3906,2.164,2.347,0.75,0.922,confirmed
FA01CB,FA01CB.dspadpcm.bfstm,3936,3917,2.221,2.624,0.736,0.846,confirmed
FA01CC,FA01CC.dspadpcm.bfstm,3937,3918,2.245,2.304,0.678,0.974,confirmed
FA01CD,FA01CD.dspadpcm.bfstm,3938,3937,2.224,2.56,0.75,0.869,confirmed
FA01SA,FA01SA.dspadpcm.bfstm,3941,3941,0.532,0.811,0.731,0.656,confirmed
FA01SB,FA01SB.dspadpcm.bfstm,3942,3942,0.737,0.853,0.731,0.864,confirmed
FA01SC,FA01SC.dspadpcm.bfstm,3943,3943,0.897,0.789,0.677,0.88,confirmed
FA01SD,FA01SD.dspadpcm.bfstm,3944,3944,0.799,0.875,0.692,0.913,confirmed
FA01SE,FA01SE.dspadpcm.bfstm,3945,3945,0.824,0.917,0.731,0.899,confirmed
FA01SF,FA01SF.dspadpcm.bfstm,3946,3946,0.801,0.853,0.711,0.939,confirmed
FA02CA,FA02CA.dspadpcm.bfstm,3947,3947,1.699,1.621,0.942,0.954,confirmed
FA02CB,FA02CB.dspadpcm.bfstm,3949,3948,1.456,1.621,0.948,0.898,confirmed
FA02CC,FA02CC.dspadpcm.bfstm,3950,3949,1.689,1.749,0.904,0.966,confirmed
FA02CD,FA02CD.dspadpcm.bfstm,3952,3950,1.703,1.771,0.942,0.962,confirmed
FA02SA,FA02SA.dspadpcm.bfstm,3953,3953,0.599,0.747,0.671,0.802,confirmed
FA02SB,FA02SB.dspadpcm.bfstm,3954,3954,0.642,0.768,0.689,0.836,confirmed
FA02SC,FA02SC.dspadpcm.bfstm,3955,3955,1.005,0.875,0.671,0.871,confirmed
FA02SD,FA02SD.dspadpcm.bfstm,3956,3956,0.903,0.811,0.626,0.898,confirmed
FA02SE,FA02SE.dspadpcm.bfstm,3957,3957,0.931,0.853,0.689,0.916,confirmed
FA02SF,FA02SF.dspadpcm.bfstm,3958,3958,0.821,0.96,0.689,0.855,confirmed
FA03CA,FA03CA.dspadpcm.bfstm,3959,3959,2.133,2.112,0.871,0.99,confirmed
FA03CB,FA03CB.dspadpcm.bfstm,3961,3960,1.631,1.984,0.871,0.822,confirmed
FA03CC,FA03CC.dspadpcm.bfstm,3962,3961,2.052,2.283,0.871,0.899,confirmed
FA03CD,FA03CD.dspadpcm.bfstm,3964,3962,2.127,2.155,0.871,0.987,confirmed
FA03SA,FA03SA.dspadpcm.bfstm,3965,3965,0.992,1.216,0.805,0.816,confirmed
FA03SB,FA03SB.dspadpcm.bfstm,3966,3966,1.158,1.323,0.805,0.875,confirmed
FA03SC,FA03SC.dspadpcm.bfstm,3967,3967,1.164,1.301,0.805,0.895,confirmed
FA03SD,FA03SD.dspadpcm.bfstm,3968,3968,1.029,1.323,0.805,0.778,confirmed
FA03SE,FA03SE.dspadpcm.bfstm,3969,3969,1.237,1.429,0.805,0.866,confirmed
FA03SF,FA03SF.dspadpcm.bfstm,3970,3970,1.094,1.408,0.805,0.777,confirmed
FA04CA,FA04CA.dspadpcm.bfstm,3971,3971,1.008,1.195,0.939,0.844,confirmed
FA04CB,FA04CB.dspadpcm.bfstm,3972,3972,1.044,1.173,0.941,0.89,confirmed
FA04CD,FA04CD.dspadpcm.bfstm,3973,3973,0.909,0.96,0.941,0.947,confirmed
FA04SA,FA04SA.dspadpcm.bfstm,3977,3976,1.136,1.301,0.869,0.873,confirmed
FA04SB,FA04SB.dspadpcm.bfstm,3978,3977,1.112,1.493,0.869,0.745,confirmed
FA04SC,FA04SC.dspadpcm.bfstm,3979,3978,1.213,1.365,0.869,0.889,confirmed
FA04SD,FA04SD.dspadpcm.bfstm,3980,3979,1.177,1.408,0.869,0.836,confirmed
FA04SE,FA04SE.dspadpcm.bfstm,3981,3980,1.218,1.621,0.869,0.751,confirmed
FA04SF,FA04SF.dspadpcm.bfstm,3982,3981,1.355,1.472,0.886,0.921,confirmed
FA05CA,FA05CA.dspadpcm.bfstm,3985,3982,1.226,1.365,0.557,0.898,confirmed
FA05CB,FA05CB.dspadpcm.bfstm,3986,3983,1.653,1.749,0.592,0.945,confirmed
FA05CC,FA05CC.dspadpcm.bfstm,3987,3984,1.116,1.579,0.557,0.707,confirmed
FA05CD,FA05CD.dspadpcm.bfstm,3988,3985,1.062,1.472,0.56,0.721,confirmed
FA05SA,FA05SA.dspadpcm.bfstm,3989,3989,0.46,0.597,,0.771,no-speech-nomatch
FA05SB,FA05SB.dspadpcm.bfstm,3990,3990,0.498,0.683,,0.729,no-speech-nomatch
FA05SC,FA05SC.dspadpcm.bfstm,3991,3991,0.633,0.768,0.624,0.824,confirmed
FA05SD,FA05SD.dspadpcm.bfstm,3992,3992,0.76,0.661,0.715,0.87,confirmed
FA05SE,FA05SE.dspadpcm.bfstm,3993,3993,0.501,0.747,,0.671,no-speech-nomatch
FA05SF,FA05SF.dspadpcm.bfstm,3994,3994,0.511,0.832,0.717,0.614,confirmed
FA06CA,FA06CA.dspadpcm.bfstm,3995,3995,1.198,1.131,0.614,0.944,confirmed
FA06CB,FA06CB.dspadpcm.bfstm,3996,3996,1.317,1.621,0.599,0.812,confirmed
FA06CC,FA06CC.dspadpcm.bfstm,3997,3997,1.087,1.536,0.599,0.708,confirmed
FA06CD,FA06CD.dspadpcm.bfstm,3998,3998,1.162,1.216,0.655,0.956,confirmed
FA06SA,FA06SA.dspadpcm.bfstm,4002,4001,0.89,1.003,0.705,0.887,confirmed
FA06SB,FA06SB.dspadpcm.bfstm,4003,4002,1.148,1.067,0.705,0.929,confirmed
FA06SC,FA06SC.dspadpcm.bfstm,4004,4003,1.069,1.109,0.705,0.964,confirmed
FA06SD,FA06SD.dspadpcm.bfstm,4005,4004,0.957,1.088,0.705,0.88,confirmed
FA06SE,FA06SE.dspadpcm.bfstm,4006,4005,1.139,1.152,0.705,0.989,confirmed
FA06SF,FA06SF.dspadpcm.bfstm,4007,4006,1.18,1.301,0.811,0.907,confirmed
GA01CA,GA01CA.dspadpcm.bfstm,4008,4007,1.003,1.323,0.863,0.758,confirmed
GA01CB,GA01CB.dspadpcm.bfstm,4009,4008,1.043,1.301,0.863,0.802,confirmed
GA01CC,GA01CC.dspadpcm.bfstm,4010,4009,0.919,1.429,0.88,0.643,confirmed
GA01CD,GA01CD.dspadpcm.bfstm,4012,4010,1.21,1.429,0.88,0.847,confirmed
GA01SA,GA01SA.dspadpcm.bfstm,4013,4013,0.611,0.661,0.732,0.924,confirmed
GA01SB,GA01SB.dspadpcm.bfstm,4014,4014,0.992,0.768,,0.774,no-speech-nomatch
GA01SC,GA01SC.dspadpcm.bfstm,4015,4015,0.512,0.789,0.75,0.649,confirmed
GA01SD,GA01SD.dspadpcm.bfstm,4016,4016,0.476,0.704,0.732,0.676,confirmed
GA01SE,GA01SE.dspadpcm.bfstm,4017,4017,0.573,0.853,0.732,0.672,confirmed
GA01SEb,GA01SEb.dspadpcm.bfstm,4018,4018,0.534,0.555,0.856,0.962,confirmed
GA01SF,GA01SF.dspadpcm.bfstm,4019,4019,0.503,0.853,0.75,0.59,confirmed
GA02CA,GA02CA.dspadpcm.bfstm,4020,4020,0.652,0.725,0.515,0.899,confirmed
GA02CB,GA02CB.dspadpcm.bfstm,4021,4021,0.649,0.704,0.574,0.922,confirmed
GA02CC,GA02CC.dspadpcm.bfstm,4022,4022,0.491,0.64,,0.767,no-speech-nomatch
GA02CD,GA02CD.dspadpcm.bfstm,4024,4023,0.748,0.768,0.755,0.974,confirmed
GA02SA,GA02SA.dspadpcm.bfstm,4025,4026,0.722,0.704,,0.975,no-speech-durmatch
GA02SB,GA02SB.dspadpcm.bfstm,4026,4027,0.901,0.917,0.682,0.983,confirmed
GA02SC,GA02SC.dspadpcm.bfstm,4027,4028,0.634,0.917,0.682,0.691,confirmed
GA02SD,GA02SD.dspadpcm.bfstm,4028,4029,0.474,0.917,0.682,0.517,confirmed
GA02SE,GA02SE.dspadpcm.bfstm,4029,4030,0.627,0.981,0.682,0.639,confirmed
GA02SEb,GA02SEb.dspadpcm.bfstm,4031,4031,0.565,0.576,,0.981,no-speech-durmatch
GA02SF,GA02SF.dspadpcm.bfstm,4032,4032,0.537,1.003,0.682,0.535,confirmed
GA03CA,GA03CA.dspadpcm.bfstm,4033,4033,1.499,1.6,0.553,0.937,confirmed
GA03CB,GA03CB.dspadpcm.bfstm,4034,4034,1.502,1.493,0.55,0.994,confirmed
GA03CC,GA03CC.dspadpcm.bfstm,4035,4035,1.155,1.685,0.553,0.685,confirmed
GA03CD,GA03CD.dspadpcm.bfstm,4036,4036,1.094,1.749,0.538,0.626,confirmed
GA03SA,GA03SA.dspadpcm.bfstm,4039,4039,1.443,1.429,0.792,0.99,confirmed
GA03SB,GA03SB.dspadpcm.bfstm,4040,4040,1.476,1.621,,0.911,no-speech-durmatch
GA03SC,GA03SC.dspadpcm.bfstm,4041,4041,1.698,1.365,0.755,0.804,confirmed
GA03SD,GA03SD.dspadpcm.bfstm,4042,4042,1.161,1.557,0.792,0.746,confirmed
GA03SE,GA03SE.dspadpcm.bfstm,4043,4043,1.698,1.749,0.805,0.971,confirmed
GA03SEb,GA03SEb.dspadpcm.bfstm,4044,4044,1.795,1.813,0.667,0.99,confirmed
GA03SF,GA03SF.dspadpcm.bfstm,4045,4045,1.224,1.472,0.644,0.832,confirmed
GA04CA,GA04CA.dspadpcm.bfstm,4046,4046,0.653,0.725,0.839,0.901,confirmed
GA04CB,GA04CB.dspadpcm.bfstm,4047,4047,0.819,0.853,0.814,0.96,confirmed
GA04CC,GA04CC.dspadpcm.bfstm,4048,4048,0.543,0.875,0.814,0.621,confirmed
GA04CD,GA04CD.dspadpcm.bfstm,4049,4049,0.488,0.789,0.839,0.619,confirmed
GA04SA,GA04SA.dspadpcm.bfstm,4050,4052,0.545,0.917,0.753,0.594,confirmed
GA04SB,GA04SB.dspadpcm.bfstm,4051,4053,0.769,0.939,0.737,0.819,confirmed
GA04SC,GA04SC.dspadpcm.bfstm,4053,4054,0.711,0.811,0.714,0.877,confirmed
GA04SD,GA04SD.dspadpcm.bfstm,4054,4055,0.467,0.64,0.808,0.73,confirmed
GA04SE,GA04SE.dspadpcm.bfstm,4056,4057,0.65,0.875,0.868,0.743,confirmed
GA04SEb,GA04SEb.dspadpcm.bfstm,4058,4058,0.645,0.704,0.808,0.916,confirmed
GA04SF,GA04SF.dspadpcm.bfstm,4059,4059,0.584,0.789,0.685,0.74,confirmed
GA05CA,GA05CA.dspadpcm.bfstm,4060,4060,1.045,1.109,0.751,0.942,confirmed
GA05CB,GA05CB.dspadpcm.bfstm,4061,4061,1.248,1.088,0.752,0.872,confirmed
GA05CC,GA05CC.dspadpcm.bfstm,4062,4062,0.843,0.853,0.751,0.988,confirmed
GA05CD,GA05CD.dspadpcm.bfstm,4064,4063,1.117,1.173,0.752,0.952,confirmed
GA05SA,GA05SA.dspadpcm.bfstm,4065,4066,0.718,0.555,0.645,0.773,confirmed
GA05SC,GA05SC.dspadpcm.bfstm,4066,4067,0.616,0.725,0.639,0.85,confirmed
GA05SD,GA05SD.dspadpcm.bfstm,4067,4068,0.571,0.555,0.639,0.972,confirmed
GA05SE,GA05SE.dspadpcm.bfstm,4069,4069,1.137,0.789,0.528,0.694,confirmed
GA05SEb,GA05SEb.dspadpcm.bfstm,4070,4070,0.985,1.003,0.674,0.982,confirmed
GA05SF,GA05SF.dspadpcm.bfstm,4071,4071,0.77,0.619,0.639,0.804,confirmed
GA06CA,GA06CA.dspadpcm.bfstm,4072,4072,0.559,0.896,0.7,0.624,confirmed
GA06CB,GA06CB.dspadpcm.bfstm,4073,4073,0.508,0.832,0.7,0.611,confirmed
GA06CC,GA06CC.dspadpcm.bfstm,4075,4074,0.404,0.981,0.7,0.412,no-match
GA06CD,GA06CD.dspadpcm.bfstm,4076,4075,0.712,0.917,0.73,0.776,confirmed
GA06SA,GA06SA.dspadpcm.bfstm,4078,4078,0.565,0.704,0.549,0.803,confirmed
GA06SB,GA06SB.dspadpcm.bfstm,4079,4079,0.625,0.789,0.549,0.792,confirmed
GA06SC,GA06SC.dspadpcm.bfstm,4080,4080,0.88,0.853,0.549,0.969,confirmed
GA06SD,GA06SD.dspadpcm.bfstm,4081,4081,0.638,0.747,0.565,0.854,confirmed
GA06SE,GA06SE.dspadpcm.bfstm,4082,4082,0.663,0.853,0.387,0.777,low-confidence
GA06SEb,GA06SEb.dspadpcm.bfstm,4083,4083,0.738,0.747,0.566,0.988,confirmed
GA06SF,GA06SF.dspadpcm.bfstm,4084,4084,0.656,0.939,0.549,0.699,confirmed
GA07CA,GA07CA.dspadpcm.bfstm,4085,4085,1.338,1.301,0.827,0.972,confirmed
GA07CB,GA07CB.dspadpcm.bfstm,4087,4086,1.517,1.557,0.827,0.974,confirmed
GA07CC,GA07CC.dspadpcm.bfstm,4088,4087,1.032,1.408,0.389,0.733,low-confidence
GA07CD,GA07CD.dspadpcm.bfstm,4089,4088,1.048,1.579,0.827,0.664,confirmed
GA07SA,GA07SA.dspadpcm.bfstm,4092,4091,1.137,1.195,0.237,0.951,no-match
GA07SB,GA07SB.dspadpcm.bfstm,4094,4092,1.068,1.152,0.592,0.927,confirmed
GA07SC,GA07SC.dspadpcm.bfstm,4095,4093,0.962,1.301,0.502,0.739,confirmed
GA07SD,GA07SD.dspadpcm.bfstm,4096,4094,0.949,0.96,0.698,0.989,confirmed
GA07SE,GA07SE.dspadpcm.bfstm,4097,4095,0.74,1.259,0.592,0.588,confirmed
GA07SEb,GA07SEb.dspadpcm.bfstm,4099,4096,0.945,0.683,0.576,0.723,confirmed
GA07SF,GA07SF.dspadpcm.bfstm,4101,4097,0.878,0.619,0.737,0.705,confirmed
GA08CA,GA08CA.dspadpcm.bfstm,4102,4098,0.785,0.747,0.71,0.952,confirmed
GA08CB,GA08CB.dspadpcm.bfstm,4103,4099,0.84,0.789,0.681,0.939,confirmed
GA08CC,GA08CC.dspadpcm.bfstm,4104,4100,0.793,0.96,0.804,0.826,confirmed
GA08CD,GA08CD.dspadpcm.bfstm,4105,4101,0.667,1.109,0.771,0.601,confirmed
GA08SA,GA08SA.dspadpcm.bfstm,4106,4104,1.094,1.088,0.68,0.995,confirmed
GA08SB,GA08SB.dspadpcm.bfstm,4107,4105,0.84,1.045,,0.804,no-speech-durmatch
GA08SC,GA08SC.dspadpcm.bfstm,4108,4106,0.757,1.216,0.68,0.623,confirmed
GA08SD,GA08SD.dspadpcm.bfstm,4109,4107,0.679,0.747,0.593,0.909,confirmed
GA08SE,GA08SE.dspadpcm.bfstm,4110,4108,0.945,1.195,0.548,0.791,confirmed
GA08SEb,GA08SEb.dspadpcm.bfstm,4111,4109,0.739,0.853,0.644,0.866,confirmed
GA08SF,GA08SF.dspadpcm.bfstm,4112,4111,0.651,1.024,0.634,0.636,confirmed
GA09CA,GA09CA.dspadpcm.bfstm,4113,4112,1.104,1.109,0.617,0.995,confirmed
GA09CB,GA09CB.dspadpcm.bfstm,4115,4113,1.169,1.109,0.608,0.949,confirmed
GA09CC,GA09CC.dspadpcm.bfstm,4116,4114,0.976,1.195,0.617,0.817,confirmed
GA09CD,GA09CD.dspadpcm.bfstm,4117,4115,0.997,0.811,0.303,0.813,low-confidence
GA09SA,GA09SA.dspadpcm.bfstm,4118,4118,0.53,0.789,0.503,0.672,confirmed
GA09SB,GA09SB.dspadpcm.bfstm,4119,4119,1.08,1.067,0.684,0.988,confirmed
GA09SC,GA09SC.dspadpcm.bfstm,4121,4120,0.596,0.853,0.684,0.699,confirmed
GA09SE,GA09SE.dspadpcm.bfstm,4122,4121,0.636,0.789,0.464,0.806,confirmed
GA09SEb,GA09SEb.dspadpcm.bfstm,4123,4122,0.772,1.152,0.629,0.67,confirmed
GA10CA,GA10CA.dspadpcm.bfstm,4124,4123,1.162,1.365,0.592,0.851,confirmed
GA10CB,GA10CB.dspadpcm.bfstm,4125,4124,1.204,1.323,0.592,0.91,confirmed
GA10CC,GA10CC.dspadpcm.bfstm,4126,4125,0.951,1.451,0.63,0.655,confirmed
GA10CD,GA10CD.dspadpcm.bfstm,4127,4126,0.883,1.472,0.592,0.6,confirmed
GA10SA,GA10SA.dspadpcm.bfstm,4128,4130,1.193,1.429,0.473,0.835,confirmed
GA10SB,GA10SB.dspadpcm.bfstm,4130,4131,1.136,1.28,0.913,0.888,confirmed
GA10SC,GA10SC.dspadpcm.bfstm,4133,4132,1.165,1.387,0.896,0.84,confirmed
GA10SD,GA10SD.dspadpcm.bfstm,4134,4133,0.8,1.429,0.885,0.56,confirmed
GA10SE,GA10SE.dspadpcm.bfstm,4135,4134,1.072,1.045,0.53,0.975,confirmed
GA10SEb,GA10SEb.dspadpcm.bfstm,4137,4135,1.024,1.216,0.521,0.842,confirmed
GA10SF,GA10SF.dspadpcm.bfstm,4138,4137,0.915,1.237,0.409,0.74,low-confidence
GA11CA,GA11CA.dspadpcm.bfstm,4139,4138,1.153,1.152,0.514,0.999,confirmed
GA11CB,GA11CB.dspadpcm.bfstm,4140,4139,0.991,1.323,0.517,0.749,confirmed
GA11CC,GA11CC.dspadpcm.bfstm,4142,4140,1.189,1.237,0.517,0.961,confirmed
GA11CD,GA11CD.dspadpcm.bfstm,4143,4141,0.964,0.747,0.763,0.775,confirmed
GA11SA,GA11SA.dspadpcm.bfstm,4144,4144,0.479,0.811,0.923,0.591,confirmed
GA11SB,GA11SB.dspadpcm.bfstm,4145,4145,0.899,0.96,,0.936,no-speech-durmatch
GA11SC,GA11SC.dspadpcm.bfstm,4146,4146,0.426,0.811,0.923,0.525,confirmed
GA11SD,GA11SD.dspadpcm.bfstm,4147,4147,0.351,0.875,0.869,0.401,no-match
GA11SEb,GA11SEb.dspadpcm.bfstm,4148,4148,0.334,0.341,1.0,0.979,confirmed
GA12CA,GA12CA.dspadpcm.bfstm,4149,4149,1.092,1.045,0.617,0.957,confirmed
GA12CB,GA12CB.dspadpcm.bfstm,4150,4150,1.2,1.365,0.475,0.879,confirmed
GA12CC,GA12CC.dspadpcm.bfstm,4151,4151,1.045,1.387,0.496,0.753,confirmed
GA12CD,GA12CD.dspadpcm.bfstm,4152,4152,1.037,1.365,0.475,0.76,confirmed
GA12SA,GA12SA.dspadpcm.bfstm,4153,4156,0.616,1.493,0.476,0.413,no-match
GA12SB,GA12SB.dspadpcm.bfstm,4154,4157,0.921,1.515,0.509,0.608,confirmed
GA12SC,GA12SC.dspadpcm.bfstm,4155,4158,0.741,1.493,0.476,0.496,no-match
GA12SE,GA12SE.dspadpcm.bfstm,4156,4159,0.769,0.811,0.565,0.948,confirmed
GA12SEb,GA12SEb.dspadpcm.bfstm,4157,4160,0.798,1.003,0.72,0.796,confirmed
GA12SF,GA12SF.dspadpcm.bfstm,4158,4161,0.728,1.024,0.72,0.711,confirmed
GA13SA,GA13SA.dspadpcm.bfstm,4159,4162,1.107,0.875,,0.79,no-speech-nomatch
GA13SB,GA13SB.dspadpcm.bfstm,4160,4163,1.171,1.088,0.641,0.929,confirmed
GA13SC,GA13SC.dspadpcm.bfstm,4161,4164,1.01,0.811,0.818,0.803,confirmed
GA13SE,GA13SE.dspadpcm.bfstm,4162,4165,0.752,1.109,0.703,0.678,confirmed
GA13SEb,GA13SEb.dspadpcm.bfstm,4170,4166,1.069,1.045,0.886,0.978,confirmed
GA13SF,GA13SF.dspadpcm.bfstm,4171,4167,1.28,1.067,0.886,0.834,confirmed
GA14SA,GA14SA.dspadpcm.bfstm,4172,4168,1.242,0.981,,0.79,no-speech-nomatch
GA14SB,GA14SB.dspadpcm.bfstm,4173,4169,1.186,1.131,0.917,0.954,confirmed
GA14SC,GA14SC.dspadpcm.bfstm,4174,4170,0.99,1.152,,0.859,no-speech-durmatch
GA14SD,GA14SD.dspadpcm.bfstm,4175,4171,1.036,0.96,,0.927,no-speech-durmatch
GA14SEb,GA14SEb.dspadpcm.bfstm,4176,4172,0.942,1.067,,0.883,no-speech-durmatch
GA14SF,GA14SF.dspadpcm.bfstm,4177,4173,1.452,1.259,,0.867,no-speech-durmatch
GA15SA,GA15SA.dspadpcm.bfstm,4178,4174,0.85,1.813,0.839,0.469,no-match
GA15SB,GA15SB.dspadpcm.bfstm,4179,4175,0.834,2.005,0.839,0.416,no-match
GA15SC,GA15SC.dspadpcm.bfstm,4180,4176,1.034,1.365,0.762,0.758,confirmed
GA15SD,GA15SD.dspadpcm.bfstm,4181,4177,0.928,1.963,0.839,0.473,no-match
GA15SE,GA15SE.dspadpcm.bfstm,4182,4178,0.919,1.024,0.896,0.897,confirmed
GA15SEb,GA15SEb.dspadpcm.bfstm,4183,4179,1.014,2.176,0.839,0.466,no-match
GA15SF,GA15SF.dspadpcm.bfstm,4184,4180,0.944,1.707,0.513,0.553,confirmed
GA16SA,GA16SA.dspadpcm.bfstm,4185,4181,1.541,2.197,0.599,0.701,confirmed
GA16SB,GA16SB.dspadpcm.bfstm,4186,4182,1.108,2.112,0.517,0.525,confirmed
GA16SC,GA16SC.dspadpcm.bfstm,4187,4184,1.61,1.856,0.563,0.867,confirmed
GA16SD,GA16SD.dspadpcm.bfstm,4188,4186,1.197,2.368,0.672,0.505,confirmed
GA16SE,GA16SE.dspadpcm.bfstm,4189,4187,1.381,1.451,0.731,0.952,confirmed
GA16SEb,GA16SEb.dspadpcm.bfstm,4190,4189,1.432,2.283,0.672,0.627,confirmed
GA16SF,GA16SF.dspadpcm.bfstm,4191,4190,1.657,0.981,0.39,0.592,no-match
GA17SA,GA17SA.dspadpcm.bfstm,4192,4191,0.977,1.173,,0.833,no-speech-durmatch
GA17SB,GA17SB.dspadpcm.bfstm,4193,4192,1.397,1.109,0.513,0.794,confirmed
GA17SC,GA17SC.dspadpcm.bfstm,4194,4193,1.045,1.067,0.513,0.979,confirmed
GA17SD,GA17SD.dspadpcm.bfstm,4195,4194,0.674,1.259,0.513,0.535,confirmed
GA17SE,GA17SE.dspadpcm.bfstm,4196,4196,1.051,1.195,0.815,0.879,confirmed
GA17SEb,GA17SEb.dspadpcm.bfstm,4197,4197,1.18,1.195,0.513,0.987,confirmed
GA17SF,GA17SF.dspadpcm.bfstm,4198,4198,0.977,0.96,0.451,0.983,confirmed
GA18SA,GA18SA.dspadpcm.bfstm,4199,4199,0.476,0.917,0.189,0.519,no-match
GA18SB,GA18SB.dspadpcm.bfstm,4200,4200,0.439,0.917,0.538,0.479,no-match
GA18SC,GA18SC.dspadpcm.bfstm,4201,4201,0.671,1.045,0.441,0.642,low-confidence
GA18SD,GA18SD.dspadpcm.bfstm,4202,4202,0.487,1.003,0.381,0.486,no-match
GA18SEb,GA18SEb.dspadpcm.bfstm,4203,4203,0.447,0.469,0.929,0.953,confirmed
GA19SA,GA19SA.dspadpcm.bfstm,4204,4204,0.874,1.003,0.649,0.871,confirmed
GA19SB,GA19SB.dspadpcm.bfstm,4205,4205,1.032,1.301,0.651,0.793,confirmed
GA19SC,GA19SC.dspadpcm.bfstm,4206,4206,1.146,1.344,0.783,0.853,confirmed
GA19SD,GA19SD.dspadpcm.bfstm,4207,4207,1.189,1.323,0.742,0.899,confirmed
GA19SE,GA19SE.dspadpcm.bfstm,4208,4208,0.948,1.429,0.817,0.663,confirmed
GA19SEb,GA19SEb.dspadpcm.bfstm,4209,4209,1.003,1.451,0.845,0.691,confirmed
GA19SF,GA19SF.dspadpcm.bfstm,4211,4210,0.968,1.451,0.818,0.667,confirmed
GA20SA,GA20SA.dspadpcm.bfstm,4212,4211,1.192,1.685,0.814,0.707,confirmed
GA20SB,GA20SB.dspadpcm.bfstm,4213,4212,1.293,1.557,0.806,0.83,confirmed
GA20SC,GA20SC.dspadpcm.bfstm,4214,4213,1.443,2.133,0.791,0.677,confirmed
GA20SD,GA20SD.dspadpcm.bfstm,4215,4214,1.33,1.813,0.799,0.734,confirmed
GA20SE,GA20SE.dspadpcm.bfstm,4216,4215,1.277,1.685,0.832,0.758,confirmed
GA20SEb,GA20SEb.dspadpcm.bfstm,4217,4216,1.399,1.408,0.767,0.994,confirmed
GA20SF,GA20SF.dspadpcm.bfstm,4218,4217,1.38,2.304,0.858,0.599,confirmed
GA21SA,GA21SA.dspadpcm.bfstm,4219,4219,0.717,0.896,0.51,0.8,confirmed
GA21SB,GA21SB.dspadpcm.bfstm,4220,4220,0.709,0.896,,0.791,no-speech-nomatch
GA21SC,GA21SC.dspadpcm.bfstm,4221,4221,1.081,1.131,0.879,0.956,confirmed
GA21SD,GA21SD.dspadpcm.bfstm,4222,4222,0.93,0.96,0.63,0.969,confirmed
GA21SE,GA21SE.dspadpcm.bfstm,4223,4223,0.733,0.981,0.879,0.747,confirmed
GA21SEb,GA21SEb.dspadpcm.bfstm,4224,4224,0.901,0.917,0.415,0.983,low-confidence
GA21SF,GA21SF.dspadpcm.bfstm,4225,4225,0.985,1.237,0.806,0.796,confirmed
GA22SA,GA22SA.dspadpcm.bfstm,4226,4226,2.331,1.899,0.521,0.815,confirmed
GA22SB,GA22SB.dspadpcm.bfstm,4227,4227,1.727,1.899,,0.909,no-speech-durmatch
GA22SC,GA22SC.dspadpcm.bfstm,4228,4228,1.84,2.005,0.637,0.918,confirmed
GA22SD,GA22SD.dspadpcm.bfstm,4229,4229,1.866,2.069,0.545,0.902,confirmed
GA22SE,GA22SE.dspadpcm.bfstm,4230,4230,1.832,2.048,0.529,0.895,confirmed
GA22SEb,GA22SEb.dspadpcm.bfstm,4231,4231,2.12,2.133,0.758,0.994,confirmed
GA22SF,GA22SF.dspadpcm.bfstm,4232,4232,2.08,2.176,0.529,0.956,confirmed
GA23SA,GA23SA.dspadpcm.bfstm,4233,4233,1.416,1.109,0.736,0.783,confirmed
GA23SB,GA23SB.dspadpcm.bfstm,4234,4234,1.093,1.301,0.738,0.84,confirmed
GA23SC,GA23SC.dspadpcm.bfstm,4235,4235,0.965,1.152,0.738,0.838,confirmed
GA23SD,GA23SD.dspadpcm.bfstm,4236,4236,0.96,1.216,0.744,0.789,confirmed
GA23SE,GA23SE.dspadpcm.bfstm,4237,4237,1.034,1.408,0.679,0.734,confirmed
GA23SEb,GA23SEb.dspadpcm.bfstm,4238,4238,1.149,1.173,0.921,0.98,confirmed
GA23SF,GA23SF.dspadpcm.bfstm,4239,4239,1.053,1.237,0.679,0.851,confirmed
GA24SA,GA24SA.dspadpcm.bfstm,4240,4240,2.939,2.965,0.62,0.991,confirmed
GA24SB,GA24SB.dspadpcm.bfstm,4241,4241,3.356,2.688,0.627,0.801,confirmed
GA24SC,GA24SC.dspadpcm.bfstm,4242,4242,3.168,2.752,0.574,0.869,confirmed
GA24SD,GA24SD.dspadpcm.bfstm,4243,4243,2.853,3.221,0.705,0.886,confirmed
GA24SE,GA24SE.dspadpcm.bfstm,4244,4244,3.067,2.923,0.69,0.953,confirmed
GA24SEb,GA24SEb.dspadpcm.bfstm,4245,4245,3.614,3.627,0.543,0.996,confirmed
GA24SF,GA24SF.dspadpcm.bfstm,4246,4246,3.147,2.987,0.705,0.949,confirmed
GA25SA,GA25SA.dspadpcm.bfstm,4247,4247,0.941,0.896,0.665,0.952,confirmed
GA25SB,GA25SB.dspadpcm.bfstm,4248,4248,1.089,0.939,0.673,0.862,confirmed
GA25SC,GA25SC.dspadpcm.bfstm,4249,4249,1.031,0.917,0.673,0.889,confirmed
GA25SD,GA25SD.dspadpcm.bfstm,4251,4250,0.933,1.003,0.673,0.93,confirmed
GA25SE,GA25SE.dspadpcm.bfstm,4252,4251,0.974,1.003,0.673,0.971,confirmed
GA25SF,GA25SF.dspadpcm.bfstm,4253,4252,1.002,1.323,0.659,0.757,confirmed
GA26SA,GA26SA.dspadpcm.bfstm,4254,4253,0.841,1.323,0.588,0.636,confirmed
GA26SB,GA26SB.dspadpcm.bfstm,4255,4254,0.881,1.152,0.554,0.765,confirmed
GA26SC,GA26SC.dspadpcm.bfstm,4256,4255,0.98,1.451,0.655,0.675,confirmed
GA26SD,GA26SD.dspadpcm.bfstm,4257,4256,0.778,1.451,0.639,0.536,confirmed
GA26SE,GA26SE.dspadpcm.bfstm,4258,4258,0.892,1.259,0.526,0.708,confirmed
GA26SF,GA26SF.dspadpcm.bfstm,4259,4259,0.769,1.195,0.546,0.644,confirmed
GA27SA,GA27SA.dspadpcm.bfstm,4260,4260,0.861,1.067,0.506,0.807,confirmed
GA27SB,GA27SB.dspadpcm.bfstm,4261,4261,0.885,1.173,0.497,0.754,confirmed
GA27SC,GA27SC.dspadpcm.bfstm,4262,4262,1.295,1.301,0.528,0.995,confirmed
GA27SD,GA27SD.dspadpcm.bfstm,4263,4263,0.864,1.152,0.524,0.75,confirmed
GA27SE,GA27SE.dspadpcm.bfstm,4264,4264,1.022,1.28,0.524,0.798,confirmed
GA27SF,GA27SF.dspadpcm.bfstm,4265,4265,1.013,1.237,0.483,0.819,confirmed
GA28SA,GA28SA.dspadpcm.bfstm,4266,4266,1.024,1.195,0.454,0.857,confirmed
GA28SB,GA28SB.dspadpcm.bfstm,4267,4267,1.309,1.259,0.466,0.962,confirmed
GA28SC,GA28SC.dspadpcm.bfstm,4268,4268,1.134,1.344,0.466,0.844,confirmed
GA28SD,GA28SD.dspadpcm.bfstm,4269,4269,0.989,1.301,0.539,0.76,confirmed
GA28SE,GA28SE.dspadpcm.bfstm,4271,4270,1.236,1.216,0.479,0.984,confirmed
GA28SF,GA28SF.dspadpcm.bfstm,4272,4271,0.917,1.323,0.588,0.693,confirmed
GB01CA,GB01CA.dspadpcm.bfstm,4273,4272,1.56,1.344,0.788,0.862,confirmed
GB01CB,GB01CB.dspadpcm.bfstm,4274,4273,1.285,1.323,0.86,0.971,confirmed
GB01CC,GB01CC.dspadpcm.bfstm,4275,4274,1.362,1.429,0.783,0.953,confirmed
GB01CD,GB01CD.dspadpcm.bfstm,4276,4275,1.418,1.451,0.788,0.977,confirmed
GB01SA,GB01SA.dspadpcm.bfstm,4277,4278,2.426,2.795,0.817,0.868,confirmed
GB01SB,GB01SB.dspadpcm.bfstm,4278,4279,3.008,2.965,0.821,0.986,confirmed
GB01SC,GB01SC.dspadpcm.bfstm,4279,4280,2.659,3.264,0.797,0.815,confirmed
GB01SD,GB01SD.dspadpcm.bfstm,4280,4281,2.434,3.029,0.817,0.804,confirmed
GB01SE,GB01SE.dspadpcm.bfstm,4281,4282,2.793,3.221,0.821,0.867,confirmed
GB01SF,GB01SF.dspadpcm.bfstm,4282,4283,2.186,3.563,0.808,0.614,confirmed
GB02CA,GB02CA.dspadpcm.bfstm,4283,4284,2.016,1.92,0.628,0.952,confirmed
GB02CB,GB02CB.dspadpcm.bfstm,4284,4285,1.597,1.771,0.628,0.902,confirmed
GB02CC,GB02CC.dspadpcm.bfstm,4285,4286,1.902,1.899,0.605,0.998,confirmed
GB02CD,GB02CD.dspadpcm.bfstm,4287,4287,1.681,1.92,0.605,0.876,confirmed
GB02SA,GB02SA.dspadpcm.bfstm,4289,4290,1.279,1.6,0.627,0.799,confirmed
GB02SB,GB02SB.dspadpcm.bfstm,4290,4291,1.209,1.429,0.644,0.846,confirmed
GB02SC,GB02SC.dspadpcm.bfstm,4291,4292,1.154,1.536,0.644,0.751,confirmed
GB02SD,GB02SD.dspadpcm.bfstm,4292,4293,1.142,1.749,0.644,0.653,confirmed
GB02SE,GB02SE.dspadpcm.bfstm,4293,4294,1.129,1.557,0.644,0.725,confirmed
GB02SF,GB02SF.dspadpcm.bfstm,4294,4295,1.3,1.664,0.489,0.781,confirmed
GB03CA,GB03CA.dspadpcm.bfstm,4295,4296,2.06,1.792,0.724,0.87,confirmed
GB03CB,GB03CB.dspadpcm.bfstm,4296,4297,1.741,1.728,0.643,0.993,confirmed
GB03CC,GB03CC.dspadpcm.bfstm,4299,4298,1.903,1.877,0.751,0.986,confirmed
GB03CD,GB03CD.dspadpcm.bfstm,4300,4299,2.205,1.941,0.724,0.88,confirmed
GB03SA,GB03SA.dspadpcm.bfstm,4301,4302,1.512,1.856,0.934,0.815,confirmed
GB03SB,GB03SB.dspadpcm.bfstm,4302,4303,2.206,1.835,0.934,0.832,confirmed
GB03SC,GB03SC.dspadpcm.bfstm,4303,4304,1.688,2.219,0.933,0.761,confirmed
GB03SD,GB03SD.dspadpcm.bfstm,4304,4305,1.588,2.027,0.934,0.783,confirmed
GB03SE,GB03SE.dspadpcm.bfstm,4305,4306,1.552,2.005,0.934,0.774,confirmed
GB03SF,GB03SF.dspadpcm.bfstm,4306,4308,1.506,2.411,0.933,0.625,confirmed
HA01CA,HA01CA.dspadpcm.bfstm,4309,4309,0.522,0.491,,0.941,no-speech-durmatch
HA01CB,HA01CB.dspadpcm.bfstm,4310,4310,0.857,0.768,,0.896,no-speech-durmatch
HA01CC,HA01CC.dspadpcm.bfstm,4311,4311,0.636,0.875,,0.727,no-speech-nomatch
HA01CD,HA01CD.dspadpcm.bfstm,4312,4312,0.513,0.533,,0.962,no-speech-durmatch
HA01SA,HA01SA.dspadpcm.bfstm,4315,4315,0.6,0.725,,0.828,no-speech-durmatch
HA01SB,HA01SB.dspadpcm.bfstm,4318,4319,0.362,0.789,,0.459,no-speech-nomatch
HA01SC,HA01SC.dspadpcm.bfstm,4319,4320,0.55,0.533,,0.969,no-speech-durmatch
HA01SD,HA01SD.dspadpcm.bfstm,4320,4321,0.493,0.683,0.833,0.722,confirmed
HA01SE,HA01SE.dspadpcm.bfstm,4321,4322,0.484,0.512,,0.945,no-speech-durmatch
HA01SF,HA01SF.dspadpcm.bfstm,4322,4323,0.607,0.576,,0.949,no-speech-durmatch
HA02CA,HA02CA.dspadpcm.bfstm,4323,4324,0.472,0.725,,0.651,no-speech-nomatch
HA02CB,HA02CB.dspadpcm.bfstm,4324,4325,0.363,0.555,,0.654,no-speech-nomatch
HA02CC,HA02CC.dspadpcm.bfstm,4325,4326,0.316,0.661,,0.478,no-speech-nomatch
HA02CD,HA02CD.dspadpcm.bfstm,4326,4327,0.374,0.555,,0.674,no-speech-nomatch
HA02SA,HA02SA.dspadpcm.bfstm,4327,4330,0.418,0.427,,0.979,no-speech-durmatch
HA02SB,HA02SB.dspadpcm.bfstm,4329,4331,0.552,0.597,,0.925,no-speech-durmatch
HA02SC,HA02SC.dspadpcm.bfstm,4330,4333,0.328,0.448,,0.732,no-speech-nomatch
HA02SD,HA02SD.dspadpcm.bfstm,4332,4334,0.531,0.469,0.576,0.883,confirmed
HA02SF,HA02SF.dspadpcm.bfstm,4333,4335,0.467,0.405,0.748,0.867,confirmed
HA03CA,HA03CA.dspadpcm.bfstm,4335,4336,0.432,0.512,,0.844,no-speech-durmatch
HA03CB,HA03CB.dspadpcm.bfstm,4336,4337,0.691,0.448,0.716,0.648,confirmed
HA03CC,HA03CC.dspadpcm.bfstm,4337,4338,0.373,0.832,,0.448,no-speech-nomatch
HA03CD,HA03CD.dspadpcm.bfstm,4338,4339,0.432,0.704,,0.614,no-speech-nomatch
HA03SA,HA03SA.dspadpcm.bfstm,4339,4342,0.55,0.64,,0.859,no-speech-durmatch
HA03SB,HA03SB.dspadpcm.bfstm,4342,4343,0.283,0.683,,0.414,no-speech-nomatch
HA03SD,HA03SD.dspadpcm.bfstm,4343,4344,0.284,0.32,,0.888,no-speech-durmatch
HA03SE,HA03SE.dspadpcm.bfstm,4344,4345,0.342,0.277,,0.81,no-speech-durmatch
HA03SF,HA03SF.dspadpcm.bfstm,4345,4346,0.438,0.32,0.853,0.731,confirmed
HA04CB,HA04CB.dspadpcm.bfstm,4346,4347,0.356,0.363,,0.981,no-speech-durmatch
HA04CC,HA04CC.dspadpcm.bfstm,4348,4348,0.361,0.363,0.742,0.994,confirmed
HA04CD,HA04CD.dspadpcm.bfstm,4349,4349,0.213,0.32,,0.666,no-speech-nomatch
HA04SA,HA04SA.dspadpcm.bfstm,4350,4350,0.357,0.384,,0.93,no-speech-durmatch
HA04SC,HA04SC.dspadpcm.bfstm,4351,4351,0.338,0.363,0.707,0.931,confirmed
HA04SD,HA04SD.dspadpcm.bfstm,4352,4352,0.331,0.341,,0.971,no-speech-durmatch
HA04SF,HA04SF.dspadpcm.bfstm,4354,4353,0.315,0.384,0.433,0.82,low-confidence
HA05CA,HA05CA.dspadpcm.bfstm,4357,4354,0.418,0.555,,0.753,no-speech-nomatch
HA05CB,HA05CB.dspadpcm.bfstm,4358,4355,0.586,0.725,,0.808,no-speech-durmatch
HA05CC,HA05CC.dspadpcm.bfstm,4360,4356,0.517,0.619,,0.835,no-speech-durmatch
HA05CD,HA05CD.dspadpcm.bfstm,4361,4357,0.525,0.597,,0.879,no-speech-durmatch
HA05SA,HA05SA.dspadpcm.bfstm,4362,4360,0.373,0.427,,0.874,no-speech-durmatch
HA05SB,HA05SB.dspadpcm.bfstm,4363,4361,0.351,0.512,,0.686,no-speech-nomatch
HA05SC,HA05SC.dspadpcm.bfstm,4365,4362,0.414,0.469,,0.883,no-speech-durmatch
HA05SD,HA05SD.dspadpcm.bfstm,4367,4363,0.248,0.448,,0.554,no-speech-nomatch
HA05SE,HA05SE.dspadpcm.bfstm,4368,4364,0.576,0.427,,0.741,no-speech-nomatch
HA05SF,HA05SF.dspadpcm.bfstm,4369,4365,0.444,0.448,0.58,0.991,confirmed
HA06CA,HA06CA.dspadpcm.bfstm,4370,4367,0.277,0.491,,0.564,no-speech-nomatch
HA06CB,HA06CB.dspadpcm.bfstm,4371,4368,0.339,0.469,0.747,0.723,confirmed
HA06CC,HA06CC.dspadpcm.bfstm,4372,4369,0.38,0.491,,0.774,no-speech-nomatch
HA06CD,HA06CD.dspadpcm.bfstm,4373,4370,0.267,0.384,,0.695,no-speech-nomatch
HA06SA,HA06SA.dspadpcm.bfstm,4374,4373,0.345,0.491,,0.703,no-speech-nomatch
HA06SB,HA06SB.dspadpcm.bfstm,4375,4374,0.42,0.427,0.741,0.984,confirmed
HA06SC,HA06SC.dspadpcm.bfstm,4376,4375,0.27,0.427,,0.632,no-speech-nomatch
HA06SD,HA06SD.dspadpcm.bfstm,4377,4376,0.489,0.533,,0.917,no-speech-durmatch
HA06SE,HA06SE.dspadpcm.bfstm,4378,4377,0.335,0.448,0.542,0.748,confirmed
HA06SF,HA06SF.dspadpcm.bfstm,4379,4378,0.336,0.789,,0.426,no-speech-nomatch
HA07CA,HA07CA.dspadpcm.bfstm,4380,4379,0.976,0.96,0.646,0.984,confirmed
HA07CB,HA07CB.dspadpcm.bfstm,4381,4380,0.631,0.555,,0.88,no-speech-durmatch
HA07CC,HA07CC.dspadpcm.bfstm,4382,4381,0.596,0.853,,0.699,no-speech-nomatch
HA07CD,HA07CD.dspadpcm.bfstm,4383,4382,0.683,1.045,0.841,0.654,confirmed
HA07SA,HA07SA.dspadpcm.bfstm,4384,4385,0.449,0.597,,0.752,no-speech-nomatch
HA07SB,HA07SB.dspadpcm.bfstm,4385,4386,0.491,0.875,,0.561,no-speech-nomatch
HA07SC,HA07SC.dspadpcm.bfstm,4386,4387,0.567,0.555,,0.979,no-speech-durmatch
HA07SD,HA07SD.dspadpcm.bfstm,4387,4388,0.582,0.576,,0.99,no-speech-durmatch
HA07SE,HA07SE.dspadpcm.bfstm,4388,4389,0.756,0.96,,0.788,no-speech-nomatch
HA07SF,HA07SF.dspadpcm.bfstm,4389,4390,0.836,0.619,,0.74,no-speech-nomatch
HA08CA,HA08CA.dspadpcm.bfstm,4390,4391,0.517,0.619,,0.835,no-speech-durmatch
HA08CB,HA08CB.dspadpcm.bfstm,4391,4392,0.497,0.533,,0.932,no-speech-durmatch
HA08CC,HA08CC.dspadpcm.bfstm,4392,4393,0.546,0.555,,0.984,no-speech-durmatch
HA08CD,HA08CD.dspadpcm.bfstm,4394,4394,0.501,0.576,,0.87,no-speech-durmatch
HA08SA,HA08SA.dspadpcm.bfstm,4395,4397,0.341,0.597,,0.571,no-speech-nomatch
HA08SB,HA08SB.dspadpcm.bfstm,4397,4398,0.5,0.576,,0.868,no-speech-durmatch
HA08SC,HA08SC.dspadpcm.bfstm,4398,4399,0.361,0.427,0.855,0.845,confirmed
HA08SD,HA08SD.dspadpcm.bfstm,4399,4400,0.541,0.469,0.584,0.867,confirmed
HA08SE,HA08SE.dspadpcm.bfstm,4401,4401,0.497,0.469,0.722,0.944,confirmed
HA08SF,HA08SF.dspadpcm.bfstm,4402,4402,0.716,0.512,0.627,0.715,confirmed
HA09CA,HA09CA.dspadpcm.bfstm,4403,4403,1.21,1.195,,0.988,no-speech-durmatch
HA09CB,HA09CB.dspadpcm.bfstm,4404,4404,1.12,1.173,,0.955,no-speech-durmatch
HA09CC,HA09CC.dspadpcm.bfstm,4405,4405,0.816,1.365,,0.598,no-speech-nomatch
HA09CD,HA09CD.dspadpcm.bfstm,4406,4406,0.948,1.301,,0.729,no-speech-nomatch
HA09SA,HA09SA.dspadpcm.bfstm,4407,4409,1.177,1.28,,0.92,no-speech-durmatch
HA09SB,HA09SB.dspadpcm.bfstm,4408,4410,1.179,1.493,,0.79,no-speech-nomatch
HA09SC,HA09SC.dspadpcm.bfstm,4409,4411,0.838,1.451,,0.578,no-speech-nomatch
HA09SD,HA09SD.dspadpcm.bfstm,4410,4412,0.846,1.045,,0.81,no-speech-durmatch
HA09SF,HA09SF.dspadpcm.bfstm,4413,4413,1.051,1.131,,0.929,no-speech-durmatch
HA10CA,HA10CA.dspadpcm.bfstm,4415,4415,0.671,0.896,,0.749,no-speech-nomatch
HA10CB,HA10CB.dspadpcm.bfstm,4416,4416,0.677,0.853,0.603,0.794,confirmed
HA10CC,HA10CC.dspadpcm.bfstm,4419,4417,0.892,0.917,0.918,0.973,confirmed
HA10CD,HA10CD.dspadpcm.bfstm,4421,4418,0.562,0.789,,0.712,no-speech-nomatch
HA10SA,HA10SA.dspadpcm.bfstm,4424,4421,0.709,0.853,,0.831,no-speech-durmatch
HA10SB,HA10SB.dspadpcm.bfstm,4427,4422,0.525,0.789,,0.665,no-speech-nomatch
HA10SD,HA10SD.dspadpcm.bfstm,4428,4423,0.623,0.939,0.678,0.663,confirmed
HA10SF,HA10SF.dspadpcm.bfstm,4429,4424,0.688,0.597,0.638,0.868,confirmed
HA11CA,HA11CA.dspadpcm.bfstm,4430,4425,0.962,0.853,0.941,0.887,confirmed
HA11CB,HA11CB.dspadpcm.bfstm,4431,4426,1.154,1.003,0.819,0.869,confirmed
HA11CD,HA11CD.dspadpcm.bfstm,4432,4427,0.585,0.64,0.952,0.914,confirmed
HA11SA,HA11SA.dspadpcm.bfstm,4433,4430,1.012,0.747,0.836,0.738,confirmed
HA11SAb,HA11SAb.dspadpcm.bfstm,4434,4431,0.787,0.811,0.673,0.97,confirmed
HA11SB,HA11SB.dspadpcm.bfstm,4435,4432,0.669,0.939,0.755,0.712,confirmed
HA11SC,HA11SC.dspadpcm.bfstm,4436,4433,0.772,1.152,0.63,0.67,confirmed
HA11SD,HA11SD.dspadpcm.bfstm,4437,4434,0.554,0.811,0.456,0.683,confirmed
HA11SE,HA11SE.dspadpcm.bfstm,4438,4435,1.052,1.024,0.568,0.973,confirmed
HA11SF,HA11SF.dspadpcm.bfstm,4439,4436,1.408,1.259,0.864,0.894,confirmed
HA12CA,HA12CA.dspadpcm.bfstm,4440,4437,0.724,0.427,0.952,0.59,confirmed
HA12CB,HA12CB.dspadpcm.bfstm,4441,4438,0.996,0.939,0.827,0.943,confirmed
HA12CC,HA12CC.dspadpcm.bfstm,4442,4441,0.909,0.512,0.851,0.563,confirmed
HA12CD,HA12CD.dspadpcm.bfstm,4443,4442,0.444,0.469,0.952,0.947,confirmed
HA12SA,HA12SA.dspadpcm.bfstm,4444,4445,0.509,1.024,0.952,0.497,no-match
HA12SB,HA12SB.dspadpcm.bfstm,4445,4446,0.749,0.555,0.851,0.741,confirmed
HA12SC,HA12SC.dspadpcm.bfstm,4446,4447,0.708,0.619,0.803,0.874,confirmed
HA12SD,HA12SD.dspadpcm.bfstm,4447,4448,1.251,0.64,0.952,0.512,confirmed
HA12SE,HA12SE.dspadpcm.bfstm,4448,4449,0.728,0.939,0.643,0.775,confirmed
HA12SF,HA12SF.dspadpcm.bfstm,4449,4450,0.538,0.683,0.494,0.788,confirmed
HA13CA,HA13CA.dspadpcm.bfstm,4450,4451,0.958,0.683,0.847,0.713,confirmed
HA13CB,HA13CB.dspadpcm.bfstm,4459,4453,1.56,1.003,0.889,0.643,confirmed
HA13CC,HA13CC.dspadpcm.bfstm,4461,4454,1.944,1.557,0.236,0.801,no-match
HA13CD,HA13CD.dspadpcm.bfstm,4462,4455,1.201,1.451,0.414,0.828,low-confidence
HA13SA,HA13SA.dspadpcm.bfstm,4463,4458,1.493,1.536,0.293,0.972,no-match
HA13SAb,HA13SAb.dspadpcm.bfstm,4465,4459,0.992,1.024,0.42,0.969,low-confidence
HA13SB,HA13SB.dspadpcm.bfstm,4466,4460,1.304,1.301,0.551,0.998,confirmed
HA13SC,HA13SC.dspadpcm.bfstm,4467,4461,1.077,1.472,0.495,0.732,confirmed
HA13SD,HA13SD.dspadpcm.bfstm,4468,4462,0.788,1.109,0.404,0.711,low-confidence
HA13SE,HA13SE.dspadpcm.bfstm,4469,4463,1.947,1.408,0.196,0.723,no-match
HA13SF,HA13SF.dspadpcm.bfstm,4470,4464,1.901,1.6,0.3,0.842,low-confidence
HA14CA,HA14CA.dspadpcm.bfstm,4471,4465,0.831,1.131,0.512,0.735,confirmed
HA14CB,HA14CB.dspadpcm.bfstm,4472,4466,0.782,1.195,0.334,0.654,low-confidence
HA14CC,HA14CC.dspadpcm.bfstm,4473,4467,1.568,1.237,0.334,0.789,low-confidence
HA14CD,HA14CD.dspadpcm.bfstm,4474,4468,0.708,1.237,0.303,0.572,no-match
HA14SA,HA14SA.dspadpcm.bfstm,4475,4471,0.801,1.28,0.475,0.626,confirmed
HA14SB,HA14SB.dspadpcm.bfstm,4476,4472,0.665,1.344,0.483,0.495,no-match
HA14SC,HA14SC.dspadpcm.bfstm,4477,4473,0.721,1.045,0.698,0.69,confirmed
HA14SD,HA14SD.dspadpcm.bfstm,4478,4474,0.931,1.301,0.641,0.716,confirmed
HA14SE,HA14SE.dspadpcm.bfstm,4479,4475,0.692,1.771,0.463,0.391,no-match
HA14SF,HA14SF.dspadpcm.bfstm,4480,4476,0.688,1.152,0.473,0.597,confirmed
HA15CA,HA15CA.dspadpcm.bfstm,4481,4477,0.64,1.408,0.753,0.455,no-match
HA15CB,HA15CB.dspadpcm.bfstm,4482,4478,0.933,1.92,0.49,0.486,no-match
HA15CC,HA15CC.dspadpcm.bfstm,4483,4479,1.635,1.365,0.649,0.835,confirmed
HA15CD,HA15CD.dspadpcm.bfstm,4484,4480,0.779,0.96,0.488,0.811,confirmed
HA15SA,HA15SA.dspadpcm.bfstm,4485,4483,1.341,1.237,0.603,0.922,confirmed
HA15SAb,HA15SAb.dspadpcm.bfstm,4486,4484,0.953,1.387,0.603,0.687,confirmed
HA15SB,HA15SB.dspadpcm.bfstm,4487,4485,0.96,1.493,0.753,0.643,confirmed
HA15SC,HA15SC.dspadpcm.bfstm,4488,4486,0.713,1.344,0.525,0.531,confirmed
HA15SE,HA15SE.dspadpcm.bfstm,4489,4487,1.195,1.493,0.603,0.8,confirmed
HA15SF,HA15SF.dspadpcm.bfstm,4491,4488,1.091,1.003,,0.919,no-speech-durmatch
HA16CA,HA16CA.dspadpcm.bfstm,4493,4490,0.653,0.96,0.471,0.68,confirmed
HA16CB,HA16CB.dspadpcm.bfstm,4496,4491,1.047,1.152,0.753,0.909,confirmed
HA16CC,HA16CC.dspadpcm.bfstm,4498,4492,1.312,1.259,0.438,0.96,low-confidence
HA16CD,HA16CD.dspadpcm.bfstm,4499,4493,0.553,1.237,0.753,0.447,no-match
HA16SA,HA16SA.dspadpcm.bfstm,4500,4496,0.873,1.152,0.396,0.758,low-confidence
HA16SD,HA16SD.dspadpcm.bfstm,4501,4497,1.101,1.365,0.361,0.807,low-confidence
HA16SE,HA16SE.dspadpcm.bfstm,4502,4498,1.016,1.067,0.525,0.952,confirmed
HA17CA,HA17CA.dspadpcm.bfstm,4503,4499,0.798,0.832,,0.959,no-speech-durmatch
HA17CB,HA17CB.dspadpcm.bfstm,4504,4500,0.819,0.981,0.695,0.835,confirmed
HA17CD,HA17CD.dspadpcm.bfstm,4505,4501,1.24,1.152,0.611,0.929,confirmed
HA17SA,HA17SA.dspadpcm.bfstm,4506,4504,0.971,0.896,0.528,0.923,confirmed
HA17SAb,HA17SAb.dspadpcm.bfstm,4507,4505,1.208,1.067,0.562,0.883,confirmed
HA17SB,HA17SB.dspadpcm.bfstm,4508,4506,0.942,0.896,0.427,0.951,low-confidence
HA17SC,HA17SC.dspadpcm.bfstm,4510,4507,0.941,0.725,0.646,0.77,confirmed
HA17SD,HA17SD.dspadpcm.bfstm,4511,4508,0.874,0.789,0.638,0.903,confirmed
HA17SF,HA17SF.dspadpcm.bfstm,4512,4509,1.232,0.96,0.638,0.779,confirmed
HA18CA,HA18CA.dspadpcm.bfstm,4513,4510,0.817,0.789,0.572,0.966,confirmed
HA18CB,HA18CB.dspadpcm.bfstm,4514,4511,0.782,0.853,0.605,0.917,confirmed
HA18CC,HA18CC.dspadpcm.bfstm,4515,4512,1.397,1.024,0.595,0.733,confirmed
HA18CD,HA18CD.dspadpcm.bfstm,4516,4513,0.79,0.853,0.674,0.926,confirmed
HA18SA,HA18SA.dspadpcm.bfstm,4518,4516,0.789,1.109,0.524,0.711,confirmed
HA18SB,HA18SB.dspadpcm.bfstm,4519,4517,0.702,0.939,0.688,0.748,confirmed
HA18SC,HA18SC.dspadpcm.bfstm,4520,4518,1.025,1.195,0.529,0.858,confirmed
HA18SD,HA18SD.dspadpcm.bfstm,4521,4519,0.991,0.747,0.579,0.754,confirmed
HA18SE,HA18SE.dspadpcm.bfstm,4522,4520,1.067,0.747,0.638,0.7,confirmed
HA18SF,HA18SF.dspadpcm.bfstm,4523,4521,0.809,0.683,0.579,0.844,confirmed
HA19SA,HA19SA.dspadpcm.bfstm,4524,4522,0.823,0.811,0.552,0.985,confirmed
HA19SAb,HA19SAb.dspadpcm.bfstm,4525,4523,0.803,0.811,0.508,0.99,confirmed
HA19SB,HA19SB.dspadpcm.bfstm,4526,4524,0.759,0.725,0.519,0.955,confirmed
HA19SC,HA19SC.dspadpcm.bfstm,4527,4525,0.865,1.643,0.791,0.526,confirmed
HA19SD,HA19SD.dspadpcm.bfstm,4528,4526,0.901,0.811,,0.9,no-speech-durmatch
HA19SE,HA19SE.dspadpcm.bfstm,4529,4527,1.341,1.536,0.707,0.873,confirmed
HA19SF,HA19SF.dspadpcm.bfstm,4531,4529,1.339,1.792,0.643,0.747,confirmed
HA20SB,HA20SB.dspadpcm.bfstm,4532,4530,0.733,1.664,0.71,0.441,no-match
HA20SC,HA20SC.dspadpcm.bfstm,4533,4532,0.893,0.896,0.606,0.997,confirmed
HA20SD,HA20SD.dspadpcm.bfstm,4534,4533,0.854,2.155,0.643,0.396,no-match
HA20SE,HA20SE.dspadpcm.bfstm,4535,4535,1.065,1.259,0.71,0.846,confirmed
HA20SF,HA20SF.dspadpcm.bfstm,4536,4538,0.871,1.813,0.71,0.48,no-match
HA21SA,HA21SA.dspadpcm.bfstm,4538,4540,0.937,1.365,0.552,0.686,confirmed
HA21SAb,HA21SAb.dspadpcm.bfstm,4539,4541,0.893,1.963,0.487,0.455,no-match
HA21SC,HA21SC.dspadpcm.bfstm,4541,4542,0.773,0.917,0.768,0.843,confirmed
HA21SD,HA21SD.dspadpcm.bfstm,4542,4543,0.76,0.917,,0.829,no-speech-durmatch
HA21SE,HA21SE.dspadpcm.bfstm,4544,4544,1.302,1.216,,0.934,no-speech-durmatch
HA21SF,HA21SF.dspadpcm.bfstm,4545,4545,0.873,0.981,0.769,0.89,confirmed
HA22SA,HA22SA.dspadpcm.bfstm,4547,4547,0.637,0.64,0.531,0.995,confirmed
HA22SB,HA22SB.dspadpcm.bfstm,4548,4548,0.615,0.704,0.768,0.874,confirmed
HA22SC,HA22SC.dspadpcm.bfstm,4549,4549,0.973,1.024,0.503,0.95,confirmed
HA22SD,HA22SD.dspadpcm.bfstm,4550,4550,0.743,0.683,0.768,0.919,confirmed
HA22SE,HA22SE.dspadpcm.bfstm,4551,4551,0.979,0.768,0.824,0.784,confirmed
HA22SF,HA22SF.dspadpcm.bfstm,4552,4552,0.865,1.109,0.659,0.78,confirmed
HA23SA,HA23SA.dspadpcm.bfstm,4553,4553,1.122,1.515,0.606,0.741,confirmed
HA23SAb,HA23SAb.dspadpcm.bfstm,4554,4554,1.017,1.024,0.527,0.993,confirmed
HA23SB,HA23SB.dspadpcm.bfstm,4555,4555,0.739,1.365,0.626,0.541,confirmed
HA23SC,HA23SC.dspadpcm.bfstm,4556,4556,0.924,1.493,0.576,0.619,confirmed
HA23SD,HA23SD.dspadpcm.bfstm,4557,4557,1.072,1.643,0.606,0.652,confirmed
HA23SE,HA23SE.dspadpcm.bfstm,4558,4558,1.64,1.493,0.542,0.91,confirmed
HA23SF,HA23SF.dspadpcm.bfstm,4559,4559,1.736,1.621,0.579,0.934,confirmed
HA24SA,HA24SA.dspadpcm.bfstm,4560,4560,0.916,1.301,0.606,0.704,confirmed
HA24SB,HA24SB.dspadpcm.bfstm,4561,4561,0.961,1.429,0.652,0.672,confirmed
HA24SC,HA24SC.dspadpcm.bfstm,4562,4562,1.115,1.323,0.606,0.843,confirmed
HA24SD,HA24SD.dspadpcm.bfstm,4563,4563,0.762,1.408,0.606,0.541,confirmed
HA24SE,HA24SE.dspadpcm.bfstm,4564,4564,1.005,1.557,0.606,0.645,confirmed
HA24SF,HA24SF.dspadpcm.bfstm,4565,4565,0.999,1.429,0.606,0.699,confirmed
HA25SA,HA25SA.dspadpcm.bfstm,4567,4566,1.923,1.963,0.668,0.98,confirmed
HA25SAb,HA25SAb.dspadpcm.bfstm,4568,4567,1.947,1.941,0.743,0.997,confirmed
HA25SB,HA25SB.dspadpcm.bfstm,4569,4568,1.461,2.581,,0.566,no-speech-nomatch
HA25SC,HA25SC.dspadpcm.bfstm,4570,4570,1.493,2.112,0.546,0.707,confirmed
HA25SD,HA25SD.dspadpcm.bfstm,4571,4571,1.378,2.112,0.757,0.652,confirmed
HA25SE,HA25SE.dspadpcm.bfstm,4572,4572,2.613,2.795,0.338,0.935,low-confidence
HA25SF,HA25SF.dspadpcm.bfstm,4573,4573,1.725,1.429,0.608,0.828,confirmed
HA26SA,HA26SA.dspadpcm.bfstm,4574,4574,1.134,1.408,0.594,0.805,confirmed
HA26SB,HA26SB.dspadpcm.bfstm,4575,4575,1.237,1.451,,0.853,no-speech-durmatch
HA26SC,HA26SC.dspadpcm.bfstm,4576,4576,1.377,1.557,0.594,0.884,confirmed
HA26SD,HA26SD.dspadpcm.bfstm,4577,4577,1.386,1.515,0.757,0.915,confirmed
HA26SE,HA26SE.dspadpcm.bfstm,4578,4578,2.106,1.579,0.587,0.75,confirmed
HA27SA,HA27SA.dspadpcm.bfstm,4579,4579,1.06,1.6,0.495,0.662,confirmed
HA27SAb,HA27SAb.dspadpcm.bfstm,4580,4580,1.674,1.685,0.289,0.993,no-match
HA27SB,HA27SB.dspadpcm.bfstm,4581,4581,1.018,1.301,0.703,0.782,confirmed
HA27SC,HA27SC.dspadpcm.bfstm,4582,4582,0.981,1.472,0.349,0.666,low-confidence
HA27SD,HA27SD.dspadpcm.bfstm,4583,4583,1.249,1.728,0.828,0.723,confirmed
HA27SE,HA27SE.dspadpcm.bfstm,4584,4584,1.278,1.408,0.504,0.908,confirmed
HA27SF,HA27SF.dspadpcm.bfstm,4585,4585,1.575,1.6,0.703,0.984,confirmed
HA28SA,HA28SA.dspadpcm.bfstm,4586,4586,0.966,1.131,0.75,0.854,confirmed
HA28SB,HA28SB.dspadpcm.bfstm,4587,4587,0.742,1.067,0.367,0.695,low-confidence
HA28SC,HA28SC.dspadpcm.bfstm,4588,4588,1.115,1.28,0.239,0.871,no-match
HA28SD,HA28SD.dspadpcm.bfstm,4589,4589,1.279,1.237,0.284,0.967,no-match
HA28SE,HA28SE.dspadpcm.bfstm,4590,4590,1.148,1.152,0.703,0.997,confirmed
HA28SF,HA28SF.dspadpcm.bfstm,4591,4591,0.825,1.408,0.292,0.586,no-match
HB01CA,HB01CA.dspadpcm.bfstm,4592,4592,2.794,2.944,,0.949,no-speech-durmatch
HB01CB,HB01CB.dspadpcm.bfstm,4594,4594,3.776,2.987,,0.791,no-speech-nomatch
HB01CC,HB01CC.dspadpcm.bfstm,4595,4595,2.677,3.2,,0.837,no-speech-durmatch
HB01CD,HB01CD.dspadpcm.bfstm,4596,4596,2.52,2.389,,0.948,no-speech-durmatch
HB01SA,HB01SA.dspadpcm.bfstm,4598,4599,2.699,2.965,,0.91,no-speech-durmatch
HB01SB,HB01SB.dspadpcm.bfstm,4599,4600,2.349,2.133,,0.908,no-speech-durmatch
HB01SC,HB01SC.dspadpcm.bfstm,4601,4601,3.169,3.221,,0.984,no-speech-durmatch
HB01SD,HB01SD.dspadpcm.bfstm,4602,4602,1.592,2.325,,0.685,no-speech-nomatch
HB01SE,HB01SE.dspadpcm.bfstm,4603,4603,3.141,2.901,,0.924,no-speech-durmatch
HB01SF,HB01SF.dspadpcm.bfstm,4605,4604,1.069,1.003,,0.938,no-speech-durmatch
HB02CA,HB02CA.dspadpcm.bfstm,4608,4605,1.129,1.088,,0.964,no-speech-durmatch
HB02CB,HB02CB.dspadpcm.bfstm,4610,4606,0.843,1.088,,0.775,no-speech-nomatch
HB02CC,HB02CC.dspadpcm.bfstm,4611,4607,0.724,0.981,,0.738,no-speech-nomatch
HB02CD,HB02CD.dspadpcm.bfstm,4612,4608,0.995,1.024,,0.972,no-speech-durmatch
HB02SA,HB02SA.dspadpcm.bfstm,4613,4611,0.789,1.195,,0.66,no-speech-nomatch
HB02SB,HB02SB.dspadpcm.bfstm,4614,4612,0.879,1.067,,0.824,no-speech-durmatch
HB02SC,HB02SC.dspadpcm.bfstm,4615,4613,1.094,1.131,,0.967,no-speech-durmatch
HB02SD,HB02SD.dspadpcm.bfstm,4616,4614,0.771,1.536,0.461,0.502,confirmed
HB02SE,HB02SE.dspadpcm.bfstm,4617,4615,0.857,1.387,,0.618,no-speech-nomatch
IA01CA,IA01CA.dspadpcm.bfstm,4618,4616,1.584,1.515,0.548,0.956,confirmed
IA01CB,IA01CB.dspadpcm.bfstm,4619,4617,1.622,1.664,0.682,0.975,confirmed
IA01CC,IA01CC.dspadpcm.bfstm,4620,4618,1.832,1.515,0.707,0.827,confirmed
IA01CD,IA01CD.dspadpcm.bfstm,4621,4619,1.295,1.643,0.548,0.788,confirmed
IA01SA,IA01SA.dspadpcm.bfstm,4622,4622,0.671,0.768,0.732,0.874,confirmed
IA01SB,IA01SB.dspadpcm.bfstm,4623,4623,1.394,0.981,0.756,0.704,confirmed
IA01SC,IA01SC.dspadpcm.bfstm,4624,4624,0.884,0.661,0.732,0.748,confirmed
IA01SD,IA01SD.dspadpcm.bfstm,4625,4625,0.756,0.832,0.816,0.909,confirmed
IA01SE,IA01SE.dspadpcm.bfstm,4626,4626,0.761,1.067,0.24,0.713,no-match
IA01SF,IA01SF.dspadpcm.bfstm,4627,4627,0.669,0.725,0.816,0.923,confirmed
IA02CA,IA02CA.dspadpcm.bfstm,4628,4628,1.304,1.536,0.603,0.849,confirmed
IA02CB,IA02CB.dspadpcm.bfstm,4629,4629,1.171,1.664,0.603,0.704,confirmed
IA02CC,IA02CC.dspadpcm.bfstm,4630,4630,1.435,1.621,0.651,0.885,confirmed
IA02CD,IA02CD.dspadpcm.bfstm,4631,4631,0.885,1.664,0.603,0.532,confirmed
IA02SA,IA02SA.dspadpcm.bfstm,4634,4634,0.78,1.024,0.732,0.762,confirmed
IA02SB,IA02SB.dspadpcm.bfstm,4635,4635,1.035,1.067,0.732,0.97,confirmed
IA02SC,IA02SC.dspadpcm.bfstm,4636,4636,1.005,0.811,0.732,0.807,confirmed
IA02SD,IA02SD.dspadpcm.bfstm,4637,4637,0.898,1.109,0.833,0.81,confirmed
IA02SE,IA02SE.dspadpcm.bfstm,4638,4638,0.867,1.152,0.441,0.753,low-confidence
IA02SF,IA02SF.dspadpcm.bfstm,4639,4639,0.788,0.875,0.833,0.901,confirmed
IA03CA,IA03CA.dspadpcm.bfstm,4640,4640,2.592,2.155,0.85,0.831,confirmed
IA03CB,IA03CB.dspadpcm.bfstm,4641,4641,2.023,2.048,0.842,0.988,confirmed
IA03CC,IA03CC.dspadpcm.bfstm,4643,4642,2.251,2.325,0.83,0.968,confirmed
IA03CD,IA03CD.dspadpcm.bfstm,4644,4643,2.458,2.219,0.842,0.903,confirmed
IA03SA,IA03SA.dspadpcm.bfstm,4646,4646,1.432,1.493,0.743,0.959,confirmed
IA03SB,IA03SB.dspadpcm.bfstm,4647,4647,1.805,1.685,0.763,0.934,confirmed
IA03SC,IA03SC.dspadpcm.bfstm,4648,4648,1.413,1.621,0.743,0.872,confirmed
IA03SD,IA03SD.dspadpcm.bfstm,4649,4649,1.491,1.621,0.763,0.92,confirmed
IA03SE,IA03SE.dspadpcm.bfstm,4650,4650,1.552,1.835,0.743,0.846,confirmed
IA03SF,IA03SF.dspadpcm.bfstm,4651,4651,1.595,1.749,0.763,0.912,confirmed
IA04CA,IA04CA.dspadpcm.bfstm,4653,4652,0.938,0.981,0.949,0.956,confirmed
IA04CB,IA04CB.dspadpcm.bfstm,4654,4653,1.065,1.195,0.947,0.891,confirmed
IA04CC,IA04CC.dspadpcm.bfstm,4656,4654,0.955,1.067,0.947,0.895,confirmed
IA04CD,IA04CD.dspadpcm.bfstm,4657,4655,0.962,1.28,0.961,0.752,confirmed
IA04SA,IA04SA.dspadpcm.bfstm,4658,4658,0.937,1.387,0.706,0.676,confirmed
IA04SB,IA04SB.dspadpcm.bfstm,4659,4659,1.237,1.301,0.706,0.951,confirmed
IA04SC,IA04SC.dspadpcm.bfstm,4660,4660,0.997,1.515,0.269,0.658,no-match
IA04SD,IA04SD.dspadpcm.bfstm,4661,4661,1.072,1.515,0.706,0.708,confirmed
IA04SE,IA04SE.dspadpcm.bfstm,4662,4662,1.078,1.408,0.426,0.766,low-confidence
IA04SF,IA04SF.dspadpcm.bfstm,4664,4663,0.882,1.493,0.343,0.591,no-match
IA05CA,IA05CA.dspadpcm.bfstm,4666,4664,1.456,1.408,0.689,0.967,confirmed
IA05CB,IA05CB.dspadpcm.bfstm,4667,4665,1.642,1.621,0.674,0.987,confirmed
IA05CC,IA05CC.dspadpcm.bfstm,4668,4666,2.035,1.728,0.657,0.849,confirmed
IA05CD,IA05CD.dspadpcm.bfstm,4669,4667,1.346,1.536,0.659,0.876,confirmed
IA05SA,IA05SA.dspadpcm.bfstm,4670,4670,2.331,2.219,0.647,0.952,confirmed
IA05SB,IA05SB.dspadpcm.bfstm,4671,4671,2.693,2.752,0.647,0.979,confirmed
IA05SC,IA05SC.dspadpcm.bfstm,4672,4672,2.128,2.603,0.527,0.818,confirmed
IA05SD,IA05SD.dspadpcm.bfstm,4673,4673,2.427,2.411,0.656,0.993,confirmed
IA05SE,IA05SE.dspadpcm.bfstm,4674,4674,2.621,2.987,0.647,0.877,confirmed
IA05SF,IA05SF.dspadpcm.bfstm,4675,4675,1.861,2.816,0.647,0.661,confirmed
IA06CA,IA06CA.dspadpcm.bfstm,4676,4676,2.13,2.325,0.883,0.916,confirmed
IA06CB,IA06CB.dspadpcm.bfstm,4677,4677,2.04,2.197,0.845,0.929,confirmed
IA06CC,IA06CC.dspadpcm.bfstm,4678,4678,1.96,1.877,0.845,0.958,confirmed
IA06CD,IA06CD.dspadpcm.bfstm,4681,4679,2.008,2.027,0.845,0.991,confirmed
IA06SA,IA06SA.dspadpcm.bfstm,4682,4682,1.108,1.365,0.619,0.812,confirmed
IA06SB,IA06SB.dspadpcm.bfstm,4683,4683,1.824,1.451,0.636,0.796,confirmed
IA06SC,IA06SC.dspadpcm.bfstm,4684,4684,1.437,1.536,0.54,0.936,confirmed
IA06SD,IA06SD.dspadpcm.bfstm,4685,4685,1.148,1.472,0.619,0.78,confirmed
IA06SE,IA06SE.dspadpcm.bfstm,4686,4686,1.768,1.579,0.619,0.893,confirmed
IA06SF,IA06SF.dspadpcm.bfstm,4687,4687,1.387,1.664,0.54,0.834,confirmed
IA07CA,IA07CA.dspadpcm.bfstm,4688,4688,2.57,2.667,0.818,0.964,confirmed
IA07CB,IA07CB.dspadpcm.bfstm,4691,4689,3.141,2.88,0.814,0.917,confirmed
IA07CC,IA07CC.dspadpcm.bfstm,4692,4690,3.285,2.667,0.818,0.812,confirmed
IA07CD,IA07CD.dspadpcm.bfstm,4693,4691,2.451,2.581,0.819,0.95,confirmed
IA07SA,IA07SA.dspadpcm.bfstm,4694,4694,1.845,1.515,0.632,0.821,confirmed
IA07SB,IA07SB.dspadpcm.bfstm,4695,4695,1.749,2.347,0.455,0.745,confirmed
IA07SC,IA07SC.dspadpcm.bfstm,4696,4696,1.576,1.856,0.535,0.849,confirmed
IA07SD,IA07SD.dspadpcm.bfstm,4697,4697,1.427,1.643,0.632,0.869,confirmed
IA07SE,IA07SE.dspadpcm.bfstm,4698,4698,1.882,2.539,0.332,0.741,low-confidence
IA07SF,IA07SF.dspadpcm.bfstm,4699,4699,1.224,2.027,0.535,0.604,confirmed
IA08CA,IA08CA.dspadpcm.bfstm,4702,4700,4.341,3.861,0.706,0.889,confirmed
IA08CB,IA08CB.dspadpcm.bfstm,4703,4701,3.552,3.883,0.507,0.915,confirmed
IA08CC,IA08CC.dspadpcm.bfstm,4704,4702,4.064,4.501,0.706,0.903,confirmed
IA08CD,IA08CD.dspadpcm.bfstm,4705,4703,3.572,4.203,0.706,0.85,confirmed
IA08SA,IA08SA.dspadpcm.bfstm,4706,4706,0.918,0.811,,0.883,no-speech-durmatch
IA08SB,IA08SB.dspadpcm.bfstm,4707,4707,0.654,1.088,,0.601,no-speech-nomatch
IA08SC,IA08SC.dspadpcm.bfstm,4708,4708,1.095,1.259,,0.87,no-speech-durmatch
IA08SD,IA08SD.dspadpcm.bfstm,4709,4709,0.819,0.896,,0.914,no-speech-durmatch
IA08SF,IA08SF.dspadpcm.bfstm,4710,4710,1.082,1.195,,0.905,no-speech-durmatch
IA09CA,IA09CA.dspadpcm.bfstm,4712,4712,1.829,1.493,0.799,0.816,confirmed
IA09CB,IA09CB.dspadpcm.bfstm,4713,4713,2.08,1.536,0.81,0.738,confirmed
IA09CC,IA09CC.dspadpcm.bfstm,4715,4714,2.661,1.621,0.751,0.609,confirmed
IA09CD,IA09CD.dspadpcm.bfstm,4716,4715,1.757,1.664,0.782,0.947,confirmed
IA09SA,IA09SA.dspadpcm.bfstm,4717,4718,1.627,1.493,0.607,0.918,confirmed
IA09SB,IA09SB.dspadpcm.bfstm,4718,4719,1.576,1.664,,0.947,no-speech-durmatch
IA09SC,IA09SC.dspadpcm.bfstm,4719,4720,1.356,1.771,0.801,0.766,confirmed
IA09SD,IA09SD.dspadpcm.bfstm,4720,4721,1.23,1.707,0.61,0.721,confirmed
IA09SE,IA09SE.dspadpcm.bfstm,4722,4722,1.967,1.92,0.796,0.976,confirmed
IA09SF,IA09SF.dspadpcm.bfstm,4723,4723,1.327,1.835,0.836,0.723,confirmed
IA10CA,IA10CA.dspadpcm.bfstm,4724,4724,3.819,3.2,0.688,0.838,confirmed
IA10CB,IA10CB.dspadpcm.bfstm,4725,4725,3.029,2.923,0.778,0.965,confirmed
IA10CC,IA10CC.dspadpcm.bfstm,4726,4726,3.285,3.179,0.688,0.968,confirmed
IA10CD,IA10CD.dspadpcm.bfstm,4728,4727,3.107,3.179,0.688,0.977,confirmed
IA10SA,IA10SA.dspadpcm.bfstm,4730,4730,1.632,1.579,0.78,0.968,confirmed
IA10SB,IA10SB.dspadpcm.bfstm,4731,4731,1.915,1.6,0.741,0.836,confirmed
IA10SC,IA10SC.dspadpcm.bfstm,4732,4732,1.698,1.216,0.831,0.716,confirmed
IA10SD,IA10SD.dspadpcm.bfstm,4733,4733,1.663,1.707,0.687,0.974,confirmed
IA10SE,IA10SE.dspadpcm.bfstm,4734,4734,1.813,1.728,0.819,0.953,confirmed
IA10SF,IA10SF.dspadpcm.bfstm,4735,4735,1.389,1.323,0.811,0.952,confirmed
IA11CA,IA11CA.dspadpcm.bfstm,4736,4736,3.701,3.712,0.562,0.997,confirmed
IA11CB,IA11CB.dspadpcm.bfstm,4737,4737,3.328,3.563,0.674,0.934,confirmed
IA11CC,IA11CC.dspadpcm.bfstm,4739,4738,3.269,4.032,0.59,0.811,confirmed
IA11CD,IA11CD.dspadpcm.bfstm,4740,4739,3.289,3.883,0.59,0.847,confirmed
IA11SA,IA11SA.dspadpcm.bfstm,4742,4742,0.474,0.576,0.953,0.823,confirmed
IA11SB,IA11SB.dspadpcm.bfstm,4744,4743,1.096,0.853,,0.778,no-speech-nomatch
IA11SC,IA11SC.dspadpcm.bfstm,4745,4744,0.67,0.619,,0.924,no-speech-durmatch
IA11SD,IA11SD.dspadpcm.bfstm,4746,4745,0.682,0.811,0.951,0.841,confirmed
IA11SE,IA11SE.dspadpcm.bfstm,4747,4746,0.731,0.939,0.944,0.778,confirmed
IA11SF,IA11SF.dspadpcm.bfstm,4748,4747,0.481,1.749,,0.275,no-speech-nomatch
IA12CA,IA12CA.dspadpcm.bfstm,4749,4748,1.946,2.048,0.733,0.95,confirmed
IA12CB,IA12CB.dspadpcm.bfstm,4751,4749,1.915,1.92,0.731,0.997,confirmed
IA12CC,IA12CC.dspadpcm.bfstm,4752,4750,2.627,2.219,0.733,0.845,confirmed
IA12CD,IA12CD.dspadpcm.bfstm,4753,4751,2.274,2.325,0.731,0.978,confirmed
IA12SA,IA12SA.dspadpcm.bfstm,4754,4754,1.143,1.429,0.628,0.8,confirmed
IA12SB,IA12SB.dspadpcm.bfstm,4755,4755,1.525,1.749,,0.872,no-speech-durmatch
IA12SC,IA12SC.dspadpcm.bfstm,4756,4756,1.395,1.195,0.582,0.857,confirmed
IA12SD,IA12SD.dspadpcm.bfstm,4757,4757,1.2,1.557,0.628,0.771,confirmed
IA12SE,IA12SE.dspadpcm.bfstm,4758,4758,1.603,1.899,0.368,0.844,low-confidence
IA12SF,IA12SF.dspadpcm.bfstm,4759,4759,1.309,1.301,0.628,0.994,confirmed
IA13CA,IA13CA.dspadpcm.bfstm,4761,4760,4.047,3.691,0.696,0.912,confirmed
IA13CB,IA13CB.dspadpcm.bfstm,4762,4761,3.835,3.605,0.745,0.94,confirmed
IA13CC,IA13CC.dspadpcm.bfstm,4763,4762,3.37,3.968,0.76,0.849,confirmed
IA13CD,IA13CD.dspadpcm.bfstm,4764,4763,3.76,4.011,0.729,0.937,confirmed
IA13SA,IA13SA.dspadpcm.bfstm,4766,4766,0.946,1.237,0.674,0.765,confirmed
IA13SB,IA13SB.dspadpcm.bfstm,4767,4767,1.266,1.749,0.629,0.724,confirmed
IA13SC,IA13SC.dspadpcm.bfstm,4768,4768,1.147,1.557,0.629,0.737,confirmed
IA13SD,IA13SD.dspadpcm.bfstm,4769,4769,1.034,1.344,0.629,0.769,confirmed
IA13SE,IA13SE.dspadpcm.bfstm,4770,4770,1.347,1.899,0.674,0.709,confirmed
IA13SF,IA13SF.dspadpcm.bfstm,4771,4771,1.048,1.707,0.674,0.614,confirmed
IA14SA,IA14SA.dspadpcm.bfstm,4772,4772,1.624,2.048,0.622,0.793,confirmed
IA14SB,IA14SB.dspadpcm.bfstm,4773,4773,2.436,2.773,0.575,0.878,confirmed
IA14SC,IA14SC.dspadpcm.bfstm,4774,4774,2.024,2.709,0.617,0.747,confirmed
IA14SD,IA14SD.dspadpcm.bfstm,4775,4775,1.722,2.219,0.622,0.776,confirmed
IA14SE,IA14SE.dspadpcm.bfstm,4776,4776,2.107,3.029,0.614,0.696,confirmed
IA14SF,IA14SF.dspadpcm.bfstm,4777,4777,2.173,2.944,0.617,0.738,confirmed
IA15SA,IA15SA.dspadpcm.bfstm,4778,4778,1.366,1.792,0.825,0.762,confirmed
IA15SB,IA15SB.dspadpcm.bfstm,4779,4779,2.178,1.941,0.505,0.891,confirmed
IA15SC,IA15SC.dspadpcm.bfstm,4780,4780,1.57,1.387,0.663,0.883,confirmed
IA15SD,IA15SD.dspadpcm.bfstm,4781,4781,1.589,1.941,0.825,0.819,confirmed
IA15SE,IA15SE.dspadpcm.bfstm,4782,4782,2.128,2.112,0.753,0.992,confirmed
IA15SF,IA15SF.dspadpcm.bfstm,4783,4783,1.645,1.493,0.652,0.908,confirmed
IA16SA,IA16SA.dspadpcm.bfstm,4784,4784,1.714,2.048,0.834,0.837,confirmed
IA16SB,IA16SB.dspadpcm.bfstm,4785,4785,2.277,1.941,0.613,0.852,confirmed
IA16SC,IA16SC.dspadpcm.bfstm,4786,4786,1.783,1.899,0.688,0.939,confirmed
IA16SD,IA16SD.dspadpcm.bfstm,4787,4787,2.058,2.219,0.843,0.927,confirmed
IA16SE,IA16SE.dspadpcm.bfstm,4788,4788,1.896,2.112,0.823,0.898,confirmed
IA16SF,IA16SF.dspadpcm.bfstm,4789,4789,1.952,2.069,0.748,0.943,confirmed
IA17SB,IA17SB.dspadpcm.bfstm,4790,4790,0.885,0.917,0.823,0.965,confirmed
IA17SC,IA17SC.dspadpcm.bfstm,4791,4791,1.017,1.28,0.497,0.795,confirmed
IA17SD,IA17SD.dspadpcm.bfstm,4792,4792,1.119,1.152,0.743,0.971,confirmed
IA17SE,IA17SE.dspadpcm.bfstm,4793,4793,0.976,1.003,0.812,0.973,confirmed
IA17SF,IA17SF.dspadpcm.bfstm,4795,4794,0.976,1.259,0.812,0.775,confirmed
IA18SA,IA18SA.dspadpcm.bfstm,4796,4795,1.454,1.835,0.599,0.792,confirmed
IA18SB,IA18SB.dspadpcm.bfstm,4797,4796,1.677,2.048,0.527,0.819,confirmed
IA18SC,IA18SC.dspadpcm.bfstm,4798,4797,1.485,2.283,0.564,0.65,confirmed
IA18SD,IA18SD.dspadpcm.bfstm,4799,4798,1.412,2.005,0.564,0.704,confirmed
IA18SE,IA18SE.dspadpcm.bfstm,4800,4799,1.322,2.219,0.516,0.596,confirmed
IA18SF,IA18SF.dspadpcm.bfstm,4801,4800,1.747,2.475,0.564,0.706,confirmed
IA19SA,IA19SA.dspadpcm.bfstm,4802,4802,2.241,2.283,0.733,0.982,confirmed
IA19SB,IA19SB.dspadpcm.bfstm,4803,4803,3.77,2.261,0.733,0.6,confirmed
IA19SC,IA19SC.dspadpcm.bfstm,4804,4805,2.553,2.133,0.733,0.835,confirmed
IA19SD,IA19SD.dspadpcm.bfstm,4805,4806,2.39,2.475,0.692,0.966,confirmed
IA19SE,IA19SE.dspadpcm.bfstm,4806,4807,2.209,2.453,0.69,0.901,confirmed
IA19SF,IA19SF.dspadpcm.bfstm,4807,4808,2.141,2.325,0.733,0.921,confirmed
IA20SA,IA20SA.dspadpcm.bfstm,4808,4809,1.368,1.685,0.686,0.812,confirmed
IA20SB,IA20SB.dspadpcm.bfstm,4809,4810,3.205,1.664,0.646,0.519,confirmed
IA20SC,IA20SC.dspadpcm.bfstm,4810,4811,1.595,2.389,0.658,0.668,confirmed
IA20SD,IA20SD.dspadpcm.bfstm,4811,4812,1.489,1.835,0.686,0.811,confirmed
IA20SE,IA20SE.dspadpcm.bfstm,4812,4815,1.783,1.792,0.686,0.995,confirmed
IA20SF,IA20SF.dspadpcm.bfstm,4813,4816,1.77,2.581,0.686,0.686,confirmed
IA21SA,IA21SA.dspadpcm.bfstm,4814,4817,1.067,1.195,0.292,0.893,no-match
IA21SB,IA21SB.dspadpcm.bfstm,4815,4818,1.088,1.771,,0.614,no-speech-nomatch
IA21SC,IA21SC.dspadpcm.bfstm,4816,4820,0.851,1.963,0.264,0.434,no-match
IA21SD,IA21SD.dspadpcm.bfstm,4817,4821,1.187,1.301,0.299,0.912,no-match
IA21SE,IA21SE.dspadpcm.bfstm,4818,4822,1.016,1.92,0.292,0.529,no-match
IA22SA,IA22SA.dspadpcm.bfstm,4819,4823,0.935,2.133,0.673,0.438,no-match
IA22SD,IA22SD.dspadpcm.bfstm,4820,4824,1.19,0.96,0.709,0.807,confirmed
IA22SE,IA22SE.dspadpcm.bfstm,4822,4825,0.759,1.024,,0.741,no-speech-nomatch
IA23SA,IA23SA.dspadpcm.bfstm,4826,4826,3.84,4.416,0.861,0.87,confirmed
IA23SB,IA23SB.dspadpcm.bfstm,4827,4827,4.619,4.416,0.865,0.956,confirmed
IA23SC,IA23SC.dspadpcm.bfstm,4828,4828,3.504,3.904,0.814,0.898,confirmed
IA23SD,IA23SD.dspadpcm.bfstm,4829,4829,3.818,4.779,0.873,0.799,confirmed
IA23SE,IA23SE.dspadpcm.bfstm,4830,4830,4.73,4.779,0.86,0.99,confirmed
IA23SF,IA23SF.dspadpcm.bfstm,4831,4831,3.908,4.224,0.86,0.925,confirmed
IA24SA,IA24SA.dspadpcm.bfstm,4832,4832,2.189,1.067,0.952,0.487,no-match
IA24SB,IA24SB.dspadpcm.bfstm,4833,4833,2.08,2.048,0.952,0.985,confirmed
IA24SC,IA24SC.dspadpcm.bfstm,4834,4834,1.976,1.707,0.861,0.864,confirmed
IA24SD,IA24SD.dspadpcm.bfstm,4835,4835,1.778,1.152,0.952,0.648,confirmed
IA24SE,IA24SE.dspadpcm.bfstm,4836,4836,2.709,2.24,0.952,0.827,confirmed
IA24SF,IA24SF.dspadpcm.bfstm,4837,4837,1.845,1.856,0.934,0.994,confirmed
IA25SA,IA25SA.dspadpcm.bfstm,4838,4838,2.093,2.176,0.879,0.962,confirmed
IA25SB,IA25SB.dspadpcm.bfstm,4839,4839,2.427,2.347,0.879,0.967,confirmed
IA25SC,IA25SC.dspadpcm.bfstm,4840,4840,1.395,2.24,0.653,0.623,confirmed
IA25SD,IA25SD.dspadpcm.bfstm,4841,4841,1.739,2.347,0.879,0.741,confirmed
IA25SE,IA25SE.dspadpcm.bfstm,4842,4842,2.427,2.539,0.879,0.956,confirmed
IA25SF,IA25SF.dspadpcm.bfstm,4843,4843,1.645,2.432,0.85,0.676,confirmed
IA26SA,IA26SA.dspadpcm.bfstm,4844,4844,2.731,3.2,0.756,0.853,confirmed
IA26SB,IA26SB.dspadpcm.bfstm,4845,4845,3.834,3.307,0.75,0.863,confirmed
IA26SC,IA26SC.dspadpcm.bfstm,4846,4846,2.672,2.944,0.781,0.908,confirmed
IA26SD,IA26SD.dspadpcm.bfstm,4847,4847,3.099,3.477,0.781,0.891,confirmed
IA26SE,IA26SE.dspadpcm.bfstm,4848,4848,3.066,3.605,0.755,0.85,confirmed
IA26SF,IA26SF.dspadpcm.bfstm,4849,4849,3.264,3.179,0.75,0.974,confirmed
IA27SA,IA27SA.dspadpcm.bfstm,4850,4850,3.439,3.605,0.902,0.954,confirmed
IA27SB,IA27SB.dspadpcm.bfstm,4851,4851,5.157,4.587,0.936,0.889,confirmed
IA27SC,IA27SC.dspadpcm.bfstm,4852,4852,3.744,3.776,0.907,0.992,confirmed
IA27SD,IA27SD.dspadpcm.bfstm,4853,4853,4.149,3.925,0.901,0.946,confirmed
IA27SE,IA27SE.dspadpcm.bfstm,4854,4854,5.109,4.992,0.929,0.977,confirmed
IA27SF,IA27SF.dspadpcm.bfstm,4855,4855,4.511,4.096,0.91,0.908,confirmed
IA28SA,IA28SA.dspadpcm.bfstm,4857,4857,2.886,2.837,0.739,0.983,confirmed
IA28SC,IA28SC.dspadpcm.bfstm,4858,4858,2.49,2.539,0.667,0.981,confirmed
IA28SD,IA28SD.dspadpcm.bfstm,4859,4859,2.664,2.453,0.7,0.921,confirmed
IA28SE,IA28SE.dspadpcm.bfstm,4860,4860,4.043,3.072,0.739,0.76,confirmed
IA28SF,IA28SF.dspadpcm.bfstm,4861,4861,3.053,2.752,0.732,0.901,confirmed
IB01CA,IB01CA.dspadpcm.bfstm,4862,4862,4.794,3.904,0.632,0.814,confirmed
IB01CB,IB01CB.dspadpcm.bfstm,4863,4863,3.754,3.627,0.632,0.966,confirmed
IB01CC,IB01CC.dspadpcm.bfstm,4865,4864,4.293,4.245,0.627,0.989,confirmed
IB01CD,IB01CD.dspadpcm.bfstm,4867,4865,3.824,3.797,0.627,0.993,confirmed
IB01SA,IB01SA.dspadpcm.bfstm,4868,4868,2.773,2.987,0.918,0.928,confirmed
IB01SB,IB01SB.dspadpcm.bfstm,4869,4869,2.501,2.795,0.883,0.895,confirmed
IB01SC,IB01SC.dspadpcm.bfstm,4870,4870,2.347,2.816,0.889,0.833,confirmed
IB01SE,IB01SE.dspadpcm.bfstm,4872,4871,3.064,3.029,0.823,0.989,confirmed
IB01SF,IB01SF.dspadpcm.bfstm,4873,4872,2.045,3.072,0.889,0.666,confirmed
IB02CA,IB02CA.dspadpcm.bfstm,4875,4873,3.38,3.285,0.672,0.972,confirmed
IB02CB,IB02CB.dspadpcm.bfstm,4876,4874,2.582,3.179,0.672,0.812,confirmed
IB02CC,IB02CC.dspadpcm.bfstm,4877,4875,3.744,3.456,0.648,0.923,confirmed
IB02CD,IB02CD.dspadpcm.bfstm,4878,4876,2.803,3.563,0.672,0.787,confirmed
IB02SA,IB02SA.dspadpcm.bfstm,4880,4879,2.88,2.752,0.797,0.956,confirmed
IB02SB,IB02SB.dspadpcm.bfstm,4881,4880,2.864,2.517,0.779,0.879,confirmed
IB02SC,IB02SC.dspadpcm.bfstm,4882,4881,2.457,2.816,0.791,0.873,confirmed
IB02SD,IB02SD.dspadpcm.bfstm,4883,4882,2.373,2.987,0.803,0.794,confirmed
IB02SE,IB02SE.dspadpcm.bfstm,4884,4883,3.008,2.731,0.791,0.908,confirmed
IB02SF,IB02SF.dspadpcm.bfstm,4885,4884,2.298,3.051,0.789,0.753,confirmed
IB03CA,IB03CA.dspadpcm.bfstm,4886,4886,5.067,4.437,0.844,0.876,confirmed
IB03CB,IB03CB.dspadpcm.bfstm,4887,4887,4.178,3.563,0.864,0.853,confirmed
IB03CC,IB03CC.dspadpcm.bfstm,4889,4888,5.36,4.821,0.84,0.899,confirmed
IB03CD,IB03CD.dspadpcm.bfstm,4890,4889,3.76,3.883,0.886,0.968,confirmed
IB03SA,IB03SA.dspadpcm.bfstm,4892,4892,5.142,4.757,0.817,0.925,confirmed
IB03SB,IB03SB.dspadpcm.bfstm,4893,4893,4.992,4.288,0.736,0.859,confirmed
IB03SC,IB03SC.dspadpcm.bfstm,4894,4894,4.244,4.288,0.797,0.99,confirmed
IB03SD,IB03SD.dspadpcm.bfstm,4895,4895,4.589,5.163,0.817,0.889,confirmed
IB03SE,IB03SE.dspadpcm.bfstm,4896,4896,5.018,4.672,0.841,0.931,confirmed
IB03SF,IB03SF.dspadpcm.bfstm,4897,4897,4.245,4.651,0.788,0.913,confirmed
IB04SA,IB04SA.dspadpcm.bfstm,4898,4898,3.586,3.349,0.711,0.934,confirmed
IB04SB,IB04SB.dspadpcm.bfstm,4899,4899,4.155,2.965,0.751,0.714,confirmed
IB04SC,IB04SC.dspadpcm.bfstm,4900,4900,3.351,3.157,0.725,0.942,confirmed
IB04SD,IB04SD.dspadpcm.bfstm,4901,4901,3.804,3.648,0.669,0.959,confirmed
IB04SE,IB04SE.dspadpcm.bfstm,4902,4902,3.969,3.221,0.711,0.812,confirmed
IB04SF,IB04SF.dspadpcm.bfstm,4903,4903,3.334,3.413,0.698,0.977,confirmed
JA01SA,JA01SA.dspadpcm.bfstm,4904,4904,0.864,1.216,0.389,0.711,low-confidence
JA01SB,JA01SB.dspadpcm.bfstm,4905,4905,1.124,1.323,0.754,0.85,confirmed
JA01SC,JA01SC.dspadpcm.bfstm,4906,4907,0.965,1.643,0.704,0.587,confirmed
JA01SD,JA01SD.dspadpcm.bfstm,4907,4908,1.271,1.323,0.754,0.961,confirmed
JA01SE,JA01SE.dspadpcm.bfstm,4908,4910,1.197,1.451,0.754,0.825,confirmed
JA01SF,JA01SF.dspadpcm.bfstm,4909,4911,1.295,1.792,0.754,0.723,confirmed
JA02SA,JA02SA.dspadpcm.bfstm,4911,4912,1.284,1.387,,0.926,no-speech-durmatch
JA02SB,JA02SB.dspadpcm.bfstm,4913,4913,0.956,1.109,,0.862,no-speech-durmatch
JA02SD,JA02SD.dspadpcm.bfstm,4914,4914,0.697,1.515,0.953,0.46,no-match
JA02SF,JA02SF.dspadpcm.bfstm,4915,4915,0.682,1.685,0.3,0.405,no-match
JA03SA,JA03SA.dspadpcm.bfstm,4916,4916,2.4,2.645,0.779,0.907,confirmed
JA03SB,JA03SB.dspadpcm.bfstm,4917,4917,2.768,2.795,0.763,0.99,confirmed
JA03SC,JA03SC.dspadpcm.bfstm,4918,4918,2.703,2.987,0.716,0.905,confirmed
JA03SD,JA03SD.dspadpcm.bfstm,4919,4919,2.468,2.859,0.727,0.863,confirmed
JA03SE,JA03SE.dspadpcm.bfstm,4920,4920,2.551,3.029,0.715,0.842,confirmed
JA03SF,JA03SF.dspadpcm.bfstm,4921,4921,2.293,3.243,0.765,0.707,confirmed
JA04SA,JA04SA.dspadpcm.bfstm,4922,4922,1.963,2.24,0.789,0.876,confirmed
JA04SB,JA04SB.dspadpcm.bfstm,4923,4923,2.411,2.24,0.789,0.929,confirmed
JA04SC,JA04SC.dspadpcm.bfstm,4924,4924,1.78,2.197,0.789,0.81,confirmed
JA04SD,JA04SD.dspadpcm.bfstm,4925,4925,2.089,2.432,0.789,0.859,confirmed
JA04SE,JA04SE.dspadpcm.bfstm,4926,4926,2.032,2.432,0.764,0.836,confirmed
JA04SF,JA04SF.dspadpcm.bfstm,4927,4927,2.239,2.389,0.789,0.937,confirmed
JA05SA,JA05SA.dspadpcm.bfstm,4928,4928,2.331,2.069,0.42,0.888,low-confidence
JA05SB,JA05SB.dspadpcm.bfstm,4929,4929,2.441,2.389,0.435,0.979,low-confidence
JA05SC,JA05SC.dspadpcm.bfstm,4930,4930,2.31,2.176,0.578,0.942,confirmed
JA05SD,JA05SD.dspadpcm.bfstm,4931,4931,2.482,2.261,0.703,0.911,confirmed
JA05SE,JA05SE.dspadpcm.bfstm,4932,4932,2.384,2.603,0.714,0.916,confirmed
JA05SF,JA05SF.dspadpcm.bfstm,4933,4933,2.213,2.347,0.379,0.943,low-confidence
JA06SA,JA06SA.dspadpcm.bfstm,4934,4934,2.315,2.304,0.856,0.995,confirmed
JA06SB,JA06SB.dspadpcm.bfstm,4935,4935,2.764,2.453,0.596,0.887,confirmed
JA06SC,JA06SC.dspadpcm.bfstm,4936,4936,2.797,2.176,0.738,0.778,confirmed
JA06SD,JA06SD.dspadpcm.bfstm,4937,4937,2.634,2.496,0.835,0.948,confirmed
JA06SE,JA06SE.dspadpcm.bfstm,4938,4938,2.693,2.667,0.852,0.99,confirmed
JA06SF,JA06SF.dspadpcm.bfstm,4939,4939,3.232,2.347,0.736,0.726,confirmed
JA07SA,JA07SA.dspadpcm.bfstm,4940,4940,2.837,2.944,0.887,0.964,confirmed
JA07SB,JA07SB.dspadpcm.bfstm,4941,4941,2.957,2.944,0.887,0.996,confirmed
JA07SC,JA07SC.dspadpcm.bfstm,4942,4942,3.456,2.453,0.772,0.71,confirmed
JA07SD,JA07SD.dspadpcm.bfstm,4943,4943,3.008,3.2,0.887,0.94,confirmed
JA07SE,JA07SE.dspadpcm.bfstm,4944,4944,3.943,3.2,0.887,0.812,confirmed
JA07SF,JA07SF.dspadpcm.bfstm,4945,4945,2.57,2.667,0.88,0.964,confirmed
JA08SA,JA08SA.dspadpcm.bfstm,4946,4946,2.894,2.816,0.732,0.973,confirmed
JA08SB,JA08SB.dspadpcm.bfstm,4947,4947,2.981,3.179,0.804,0.938,confirmed
JA08SC,JA08SC.dspadpcm.bfstm,4948,4948,2.945,2.88,0.784,0.978,confirmed
JA08SD,JA08SD.dspadpcm.bfstm,4949,4949,3.088,3.051,0.842,0.988,confirmed
JA08SE,JA08SE.dspadpcm.bfstm,4950,4950,2.805,3.456,0.804,0.812,confirmed
JA08SF,JA08SF.dspadpcm.bfstm,4951,4951,2.757,3.136,0.831,0.879,confirmed
JA09SA,JA09SA.dspadpcm.bfstm,4952,4952,1.08,1.344,0.758,0.804,confirmed
JA09SB,JA09SB.dspadpcm.bfstm,4953,4953,1.417,1.472,0.789,0.963,confirmed
JA09SC,JA09SC.dspadpcm.bfstm,4954,4954,1.205,1.579,0.71,0.763,confirmed
JA09SD,JA09SD.dspadpcm.bfstm,4955,4955,1.02,1.472,0.758,0.693,confirmed
JA09SE,JA09SE.dspadpcm.bfstm,4956,4956,1.152,1.6,0.758,0.72,confirmed
JA09SF,JA09SF.dspadpcm.bfstm,4957,4957,1.147,1.707,0.758,0.672,confirmed
JA10SA,JA10SA.dspadpcm.bfstm,4958,4958,2.636,2.859,0.789,0.922,confirmed
JA10SB,JA10SB.dspadpcm.bfstm,4959,4959,2.973,3.371,0.743,0.882,confirmed
JA10SC,JA10SC.dspadpcm.bfstm,4960,4960,2.816,2.923,0.742,0.963,confirmed
JA10SD,JA10SD.dspadpcm.bfstm,4961,4961,2.176,3.115,0.776,0.699,confirmed
JA10SE,JA10SE.dspadpcm.bfstm,4962,4962,3.685,3.669,0.774,0.996,confirmed
JA10SF,JA10SF.dspadpcm.bfstm,4963,4963,2.115,3.179,0.611,0.665,confirmed
JA11SA,JA11SA.dspadpcm.bfstm,4964,4964,2.22,2.475,0.807,0.897,confirmed
JA11SB,JA11SB.dspadpcm.bfstm,4965,4965,2.815,3.2,0.767,0.88,confirmed
JA11SC,JA11SC.dspadpcm.bfstm,4966,4966,2.372,2.731,0.771,0.869,confirmed
JA11SD,JA11SD.dspadpcm.bfstm,4967,4967,2.181,2.688,0.807,0.811,confirmed
JA11SE,JA11SE.dspadpcm.bfstm,4968,4968,2.485,3.477,0.774,0.715,confirmed
JA11SF,JA11SF.dspadpcm.bfstm,4969,4969,2.108,2.944,0.823,0.716,confirmed
JA12SA,JA12SA.dspadpcm.bfstm,4970,4970,4.318,3.989,0.79,0.924,confirmed
JA12SB,JA12SB.dspadpcm.bfstm,4971,4971,3.925,4.928,0.79,0.796,confirmed
JA12SC,JA12SC.dspadpcm.bfstm,4972,4972,3.869,3.648,0.797,0.943,confirmed
JA12SD,JA12SD.dspadpcm.bfstm,4973,4973,4.212,4.331,0.796,0.973,confirmed
JA12SE,JA12SE.dspadpcm.bfstm,4974,4974,4.261,5.333,0.789,0.799,confirmed
JA12SF,JA12SF.dspadpcm.bfstm,4975,4975,4.211,3.947,0.79,0.937,confirmed
JA13SA,JA13SA.dspadpcm.bfstm,4976,4976,2.783,2.837,0.748,0.981,confirmed
JA13SB,JA13SB.dspadpcm.bfstm,4977,4977,3.088,2.901,0.708,0.939,confirmed
JA13SC,JA13SC.dspadpcm.bfstm,4978,4978,2.647,2.923,0.654,0.906,confirmed
JA13SD,JA13SD.dspadpcm.bfstm,4979,4979,2.584,3.072,0.748,0.841,confirmed
JA13SE,JA13SE.dspadpcm.bfstm,4980,4980,2.843,3.157,0.693,0.901,confirmed
JA13SF,JA13SF.dspadpcm.bfstm,4981,4981,2.592,3.179,0.738,0.815,confirmed
KA01CA,KA01CA.dspadpcm.bfstm,4982,4982,1.851,2.112,0.645,0.876,confirmed
KA01CB,KA01CB.dspadpcm.bfstm,4983,4983,1.666,2.24,0.645,0.744,confirmed
KA01CC,KA01CC.dspadpcm.bfstm,4984,4984,1.525,2.325,0.645,0.656,confirmed
KA01CD,KA01CD.dspadpcm.bfstm,4985,4985,1.671,2.304,0.645,0.725,confirmed
KA01SA,KA01SA.dspadpcm.bfstm,4986,4988,0.992,2.432,0.603,0.408,no-match
KA01SB,KA01SB.dspadpcm.bfstm,4987,4989,1.003,2.517,0.534,0.398,no-match
KA01SC,KA01SC.dspadpcm.bfstm,4988,4990,1.2,0.917,0.443,0.764,low-confidence
KA01SD,KA01SD.dspadpcm.bfstm,4990,4991,0.853,0.853,0.526,1.0,confirmed
KA01SE,KA01SE.dspadpcm.bfstm,4991,4992,1.148,1.003,0.493,0.874,confirmed
KA01SF,KA01SF.dspadpcm.bfstm,4993,4993,1.198,0.917,0.526,0.765,confirmed
KA02CA,KA02CA.dspadpcm.bfstm,4994,4994,1.743,1.835,0.736,0.95,confirmed
KA02CB,KA02CB.dspadpcm.bfstm,4995,4995,1.515,2.005,0.745,0.756,confirmed
KA02CC,KA02CC.dspadpcm.bfstm,4996,4996,1.658,2.197,0.745,0.755,confirmed
KA02CD,KA02CD.dspadpcm.bfstm,4997,4997,1.816,1.984,0.745,0.915,confirmed
KA02SA,KA02SA.dspadpcm.bfstm,5000,5000,1.839,1.835,0.548,0.998,confirmed
KA02SB,KA02SB.dspadpcm.bfstm,5003,5001,2.048,1.984,0.564,0.969,confirmed
KA02SC,KA02SC.dspadpcm.bfstm,5004,5002,1.824,1.899,0.564,0.961,confirmed
KA02SD,KA02SD.dspadpcm.bfstm,5005,5003,1.893,1.899,0.564,0.997,confirmed
KA02SE,KA02SE.dspadpcm.bfstm,5006,5004,2.07,2.027,0.706,0.979,confirmed
KA02SF,KA02SF.dspadpcm.bfstm,5007,5005,1.705,2.304,0.516,0.74,confirmed
KA03CA,KA03CA.dspadpcm.bfstm,5008,5006,2.528,2.005,0.732,0.793,confirmed
KA03CB,KA03CB.dspadpcm.bfstm,5009,5007,2.641,2.197,0.684,0.832,confirmed
KA03CC,KA03CC.dspadpcm.bfstm,5010,5008,2.87,2.517,0.702,0.877,confirmed
KA03CD,KA03CD.dspadpcm.bfstm,5011,5009,2.091,2.176,0.732,0.961,confirmed
KA03SA,KA03SA.dspadpcm.bfstm,5012,5012,1.035,1.429,0.583,0.724,confirmed
KA03SB,KA03SB.dspadpcm.bfstm,5013,5013,1.19,1.237,0.583,0.962,confirmed
KA03SC,KA03SC.dspadpcm.bfstm,5014,5014,1.249,1.451,0.659,0.861,confirmed
KA03SD,KA03SD.dspadpcm.bfstm,5015,5015,1.014,1.557,0.659,0.651,confirmed
KA03SE,KA03SE.dspadpcm.bfstm,5016,5016,1.424,1.344,0.659,0.944,confirmed
KA03SF,KA03SF.dspadpcm.bfstm,5017,5017,1.301,1.579,0.583,0.824,confirmed
KA04CA,KA04CA.dspadpcm.bfstm,5018,5018,4.139,3.328,0.533,0.804,confirmed
KA04CB,KA04CB.dspadpcm.bfstm,5019,5019,2.86,3.755,0.826,0.762,confirmed
KA04CC,KA04CC.dspadpcm.bfstm,5020,5020,2.655,3.584,0.862,0.741,confirmed
KA04CD,KA04CD.dspadpcm.bfstm,5021,5021,3.616,3.605,0.611,0.997,confirmed
KA04SA,KA04SA.dspadpcm.bfstm,5024,5024,2.147,1.877,0.784,0.874,confirmed
KA04SB,KA04SB.dspadpcm.bfstm,5025,5025,1.83,1.963,0.688,0.932,confirmed
KA04SC,KA04SC.dspadpcm.bfstm,5026,5026,1.715,2.048,0.707,0.837,confirmed
KA04SD,KA04SD.dspadpcm.bfstm,5027,5027,1.542,2.027,0.722,0.761,confirmed
KA04SE,KA04SE.dspadpcm.bfstm,5028,5028,1.681,2.133,0.696,0.788,confirmed
KA04SF,KA04SF.dspadpcm.bfstm,5029,5029,1.496,2.219,0.696,0.674,confirmed
KA05CA,KA05CA.dspadpcm.bfstm,5030,5030,1.696,1.877,0.858,0.904,confirmed
KA05CB,KA05CB.dspadpcm.bfstm,5031,5031,1.753,1.515,0.868,0.864,confirmed
KA05CC,KA05CC.dspadpcm.bfstm,5032,5032,1.163,2.027,0.858,0.574,confirmed
KA05CD,KA05CD.dspadpcm.bfstm,5034,5033,1.68,1.643,0.834,0.978,confirmed
KA05SA,KA05SA.dspadpcm.bfstm,5036,5036,1.047,1.216,0.446,0.861,low-confidence
KA05SB,KA05SB.dspadpcm.bfstm,5037,5037,1.158,1.365,0.46,0.848,confirmed
KA05SC,KA05SC.dspadpcm.bfstm,5038,5038,1.195,1.557,0.46,0.768,confirmed
KA05SD,KA05SD.dspadpcm.bfstm,5039,5039,1.003,1.323,0.465,0.758,confirmed
KA05SE,KA05SE.dspadpcm.bfstm,5040,5040,1.515,1.472,0.415,0.972,low-confidence
KA05SF,KA05SF.dspadpcm.bfstm,5041,5041,1.12,1.707,0.46,0.656,confirmed
KA06CA,KA06CA.dspadpcm.bfstm,5042,5042,2.168,2.368,0.707,0.916,confirmed
KA06CB,KA06CB.dspadpcm.bfstm,5043,5043,2.224,2.368,0.707,0.939,confirmed
KA06CC,KA06CC.dspadpcm.bfstm,5045,5044,1.744,2.581,0.707,0.676,confirmed
KA06CD,KA06CD.dspadpcm.bfstm,5046,5045,2.416,2.56,0.728,0.944,confirmed
KA06SA,KA06SA.dspadpcm.bfstm,5048,5048,0.971,1.408,0.642,0.69,confirmed
KA06SB,KA06SB.dspadpcm.bfstm,5049,5049,1.174,1.365,0.631,0.86,confirmed
KA06SC,KA06SC.dspadpcm.bfstm,5050,5050,1.324,1.728,0.65,0.766,confirmed
KA06SD,KA06SD.dspadpcm.bfstm,5051,5051,1.036,1.536,0.642,0.674,confirmed
KA06SE,KA06SE.dspadpcm.bfstm,5052,5052,1.368,1.472,0.642,0.929,confirmed
KA06SF,KA06SF.dspadpcm.bfstm,5053,5053,1.366,1.877,0.604,0.728,confirmed
KA07CA,KA07CA.dspadpcm.bfstm,5054,5054,3.573,2.752,0.891,0.77,confirmed
KA07CB,KA07CB.dspadpcm.bfstm,5055,5055,5.153,2.667,0.874,0.518,confirmed
KA07CC,KA07CC.dspadpcm.bfstm,5057,5056,4.455,2.987,0.865,0.67,confirmed
KA07CD,KA07CD.dspadpcm.bfstm,5058,5057,3.208,2.88,0.83,0.898,confirmed
KA07SA,KA07SA.dspadpcm.bfstm,5060,5060,0.776,1.024,0.552,0.758,confirmed
KA07SB,KA07SB.dspadpcm.bfstm,5061,5061,0.779,1.131,0.552,0.689,confirmed
KA07SC,KA07SC.dspadpcm.bfstm,5062,5062,1.014,1.28,0.839,0.792,confirmed
KA07SD,KA07SD.dspadpcm.bfstm,5063,5063,0.873,1.109,0.552,0.787,confirmed
KA07SE,KA07SE.dspadpcm.bfstm,5064,5064,1.239,1.216,0.552,0.981,confirmed
KA07SF,KA07SF.dspadpcm.bfstm,5065,5065,1.019,1.387,0.562,0.735,confirmed
KA08SA,KA08SA.dspadpcm.bfstm,5066,5066,0.811,0.96,0.847,0.845,confirmed
KA08SB,KA08SB.dspadpcm.bfstm,5067,5067,1.276,1.173,0.481,0.919,confirmed
KA08SC,KA08SC.dspadpcm.bfstm,5068,5068,1.036,1.365,0.481,0.759,confirmed
KA08SD,KA08SD.dspadpcm.bfstm,5069,5069,0.925,1.024,0.847,0.903,confirmed
KA08SE,KA08SE.dspadpcm.bfstm,5070,5070,1.195,1.28,0.847,0.934,confirmed
KA08SF,KA08SF.dspadpcm.bfstm,5071,5071,1.024,1.472,0.614,0.696,confirmed
KA09SA,KA09SA.dspadpcm.bfstm,5072,5072,0.816,1.067,0.638,0.765,confirmed
KA09SB,KA09SB.dspadpcm.bfstm,5073,5073,1.032,1.195,0.638,0.864,confirmed
KA09SC,KA09SC.dspadpcm.bfstm,5074,5074,1.11,1.579,0.638,0.703,confirmed
KA09SD,KA09SD.dspadpcm.bfstm,5075,5075,0.864,1.152,0.638,0.75,confirmed
KA09SE,KA09SE.dspadpcm.bfstm,5076,5076,1.31,1.301,0.63,0.993,confirmed
KA09SF,KA09SF.dspadpcm.bfstm,5077,5077,0.816,1.707,0.56,0.478,no-match
KA10SA,KA10SA.dspadpcm.bfstm,5078,5078,0.858,1.237,0.55,0.694,confirmed
KA10SB,KA10SB.dspadpcm.bfstm,5079,5079,1.038,1.216,,0.854,no-speech-durmatch
KA10SC,KA10SC.dspadpcm.bfstm,5080,5080,1.068,1.429,0.477,0.747,confirmed
KA10SD,KA10SD.dspadpcm.bfstm,5081,5081,0.982,1.344,0.585,0.731,confirmed
KA10SE,KA10SE.dspadpcm.bfstm,5082,5082,1.357,1.323,0.556,0.975,confirmed
KA10SF,KA10SF.dspadpcm.bfstm,5083,5083,1.025,1.536,0.316,0.667,low-confidence
KA11SA,KA11SA.dspadpcm.bfstm,5084,5084,2.88,2.005,0.74,0.696,confirmed
KA11SB,KA11SB.dspadpcm.bfstm,5085,5085,3.276,2.197,0.743,0.671,confirmed
KA11SC,KA11SC.dspadpcm.bfstm,5086,5086,2.997,1.92,0.738,0.641,confirmed
KA11SD,KA11SD.dspadpcm.bfstm,5087,5087,2.943,2.176,0.743,0.739,confirmed
KA11SE,KA11SE.dspadpcm.bfstm,5088,5088,2.983,2.389,0.756,0.801,confirmed
KA11SF,KA11SF.dspadpcm.bfstm,5089,5089,2.533,2.091,0.743,0.826,confirmed
KA12SA,KA12SA.dspadpcm.bfstm,5090,5090,1.739,1.877,0.698,0.926,confirmed
KA12SB,KA12SB.dspadpcm.bfstm,5091,5091,2.006,2.027,0.519,0.99,confirmed
KA12SC,KA12SC.dspadpcm.bfstm,5092,5092,2.027,2.261,0.698,0.897,confirmed
KA12SD,KA12SD.dspadpcm.bfstm,5093,5093,1.872,2.048,0.698,0.914,confirmed
KA12SE,KA12SE.dspadpcm.bfstm,5094,5094,2.142,2.197,0.698,0.975,confirmed
KA12SF,KA12SF.dspadpcm.bfstm,5095,5095,1.729,2.453,0.698,0.705,confirmed
KA13SA,KA13SA.dspadpcm.bfstm,5096,5096,2.175,1.728,0.704,0.794,confirmed
KA13SB,KA13SB.dspadpcm.bfstm,5097,5097,1.991,1.685,0.701,0.846,confirmed
KA13SC,KA13SC.dspadpcm.bfstm,5098,5098,2.134,1.621,0.675,0.76,confirmed
KA13SD,KA13SD.dspadpcm.bfstm,5099,5099,2.198,1.877,0.669,0.854,confirmed
KA13SE,KA13SE.dspadpcm.bfstm,5100,5100,2.107,1.835,0.675,0.871,confirmed
KA13SF,KA13SF.dspadpcm.bfstm,5101,5101,1.857,1.771,0.705,0.954,confirmed
KB01CA,KB01CA.dspadpcm.bfstm,5102,5102,2.048,2.347,0.78,0.873,confirmed
KB01CB,KB01CB.dspadpcm.bfstm,5103,5103,1.757,2.005,0.784,0.876,confirmed
KB01CC,KB01CC.dspadpcm.bfstm,5105,5104,1.807,2.539,0.838,0.712,confirmed
KB01CD,KB01CD.dspadpcm.bfstm,5106,5105,1.722,2.176,0.784,0.791,confirmed
KB01SA,KB01SA.dspadpcm.bfstm,5108,5108,1.131,1.728,0.789,0.655,confirmed
KB01SB,KB01SB.dspadpcm.bfstm,5109,5109,1.59,1.451,0.767,0.913,confirmed
KB01SC,KB01SC.dspadpcm.bfstm,5110,5110,1.552,1.749,0.767,0.887,confirmed
KB01SD,KB01SD.dspadpcm.bfstm,5111,5111,1.175,1.877,0.767,0.626,confirmed
KB01SE,KB01SE.dspadpcm.bfstm,5112,5112,1.49,1.579,0.822,0.944,confirmed
KB01SF,KB01SF.dspadpcm.bfstm,5113,5113,1.558,1.92,0.822,0.811,confirmed
KB02CA,KB02CA.dspadpcm.bfstm,5114,5114,2.499,2.965,0.905,0.843,confirmed
KB02CAb,KB02CAb.dspadpcm.bfstm,5115,5115,2.454,2.475,0.868,0.992,confirmed
KB02CB,KB02CB.dspadpcm.bfstm,5116,5116,2.668,2.88,0.866,0.926,confirmed
KB02CC,KB02CC.dspadpcm.bfstm,5118,5117,2.752,3.221,0.909,0.854,confirmed
KB02CD,KB02CD.dspadpcm.bfstm,5119,5118,2.604,3.136,0.866,0.83,confirmed
KB02SA,KB02SA.dspadpcm.bfstm,5121,5121,1.643,1.707,0.735,0.963,confirmed
KB02SB,KB02SB.dspadpcm.bfstm,5122,5122,1.778,1.835,0.692,0.969,confirmed
KB02SC,KB02SC.dspadpcm.bfstm,5123,5123,1.498,2.389,0.739,0.627,confirmed
KB02SD,KB02SD.dspadpcm.bfstm,5124,5124,1.544,1.835,0.735,0.841,confirmed
KB02SE,KB02SE.dspadpcm.bfstm,5125,5125,1.633,1.984,0.698,0.823,confirmed
KB02SF,KB02SF.dspadpcm.bfstm,5126,5126,1.504,2.603,0.692,0.578,confirmed
KB03CA,KB03CA.dspadpcm.bfstm,5127,5127,2.853,3.008,0.724,0.948,confirmed
KB03CB,KB03CB.dspadpcm.bfstm,5128,5128,2.2,2.283,0.788,0.964,confirmed
KB03CC,KB03CC.dspadpcm.bfstm,5130,5130,3.095,3.264,0.668,0.948,confirmed
KB03CD,KB03CD.dspadpcm.bfstm,5131,5131,2.23,2.475,0.761,0.901,confirmed
KB03SA,KB03SA.dspadpcm.bfstm,5134,5134,1.082,1.259,0.512,0.859,confirmed
KB03SB,KB03SB.dspadpcm.bfstm,5135,5135,1.476,1.792,0.824,0.824,confirmed
KB03SC,KB03SC.dspadpcm.bfstm,5136,5136,1.358,1.792,0.741,0.758,confirmed
KB03SD,KB03SD.dspadpcm.bfstm,5137,5137,1.2,1.365,0.505,0.879,confirmed
KB03SE,KB03SE.dspadpcm.bfstm,5138,5138,1.73,1.941,0.824,0.891,confirmed
KB04CA,KB04CA.dspadpcm.bfstm,5139,5139,2.593,2.496,0.849,0.963,confirmed
KB04CB,KB04CB.dspadpcm.bfstm,5140,5140,2.933,2.688,0.78,0.916,confirmed
KB04CC,KB04CC.dspadpcm.bfstm,5141,5141,3.436,3.179,0.857,0.925,confirmed
KB04CD,KB04CD.dspadpcm.bfstm,5142,5142,2.502,2.709,0.771,0.924,confirmed
KB04SA,KB04SA.dspadpcm.bfstm,5145,5145,2.498,2.048,0.909,0.82,confirmed
KB04SB,KB04SB.dspadpcm.bfstm,5146,5146,2.952,2.176,0.816,0.737,confirmed
KB04SC,KB04SC.dspadpcm.bfstm,5147,5147,2.545,2.88,0.887,0.884,confirmed
KB04SD,KB04SD.dspadpcm.bfstm,5148,5148,2.052,2.219,0.816,0.925,confirmed
KB04SE,KB04SE.dspadpcm.bfstm,5149,5149,2.275,2.368,0.816,0.961,confirmed
KB04SF,KB04SF.dspadpcm.bfstm,5150,5150,2.058,3.136,0.859,0.656,confirmed
KB05CA,KB05CA.dspadpcm.bfstm,5151,5151,3.412,2.88,0.874,0.844,confirmed
KB05CB,KB05CB.dspadpcm.bfstm,5153,5152,3.132,3.285,0.871,0.953,confirmed
KB05CC,KB05CC.dspadpcm.bfstm,5154,5153,3.633,3.136,0.878,0.863,confirmed
KB05CD,KB05CD.dspadpcm.bfstm,5155,5154,3.029,2.795,0.88,0.923,confirmed
KB05SA,KB05SA.dspadpcm.bfstm,5157,5157,1.209,1.387,0.833,0.872,confirmed
KB05SB,KB05SB.dspadpcm.bfstm,5158,5158,1.152,1.237,0.68,0.931,confirmed
KB05SC,KB05SC.dspadpcm.bfstm,5159,5159,0.851,1.579,0.833,0.539,confirmed
KB05SD,KB05SD.dspadpcm.bfstm,5160,5160,0.924,1.493,0.833,0.619,confirmed
KB05SE,KB05SE.dspadpcm.bfstm,5161,5161,1.195,1.344,0.68,0.889,confirmed
KB05SF,KB05SF.dspadpcm.bfstm,5162,5162,1.042,1.707,0.833,0.61,confirmed
LA01CA,LA01CA.dspadpcm.bfstm,5163,5163,2.195,1.728,0.743,0.787,confirmed
LA01CAb,LA01CAb.dspadpcm.bfstm,5164,5164,1.917,1.941,0.709,0.988,confirmed
LA01CB,LA01CB.dspadpcm.bfstm,5165,5165,2.085,1.877,0.743,0.9,confirmed
LA01CC,LA01CC.dspadpcm.bfstm,5166,5166,1.51,1.728,0.681,0.874,confirmed
LA01CD,LA01CD.dspadpcm.bfstm,5167,5167,1.795,1.877,0.54,0.956,confirmed
LA01SA,LA01SA.dspadpcm.bfstm,5170,5170,1.561,1.643,0.702,0.95,confirmed
LA01SB,LA01SB.dspadpcm.bfstm,5171,5171,2.485,1.877,0.751,0.755,confirmed
LA01SC,LA01SC.dspadpcm.bfstm,5172,5172,2.006,1.813,0.78,0.904,confirmed
LA01SD,LA01SD.dspadpcm.bfstm,5173,5173,1.535,1.792,0.78,0.857,confirmed
LA01SE,LA01SE.dspadpcm.bfstm,5174,5174,2.367,2.048,0.737,0.865,confirmed
LA01SF,LA01SF.dspadpcm.bfstm,5175,5175,1.946,1.963,0.78,0.991,confirmed
LA02CA,LA02CA.dspadpcm.bfstm,5177,5176,0.96,0.981,0.75,0.979,confirmed
LA02CB,LA02CB.dspadpcm.bfstm,5178,5177,0.8,1.237,0.526,0.647,confirmed
LA02CC,LA02CC.dspadpcm.bfstm,5179,5178,0.881,1.28,0.388,0.688,low-confidence
LA02CD,LA02CD.dspadpcm.bfstm,5180,5179,0.982,1.067,0.488,0.92,confirmed
LA02SA,LA02SA.dspadpcm.bfstm,5181,5182,0.84,1.344,0.662,0.625,confirmed
LA02SB,LA02SB.dspadpcm.bfstm,5182,5183,0.777,1.024,0.72,0.759,confirmed
LA02SC,LA02SC.dspadpcm.bfstm,5183,5184,0.958,0.981,0.606,0.977,confirmed
LA02SD,LA02SD.dspadpcm.bfstm,5184,5185,0.78,1.195,0.72,0.653,confirmed
LA02SE,LA02SE.dspadpcm.bfstm,5185,5186,1.147,1.109,0.523,0.967,confirmed
LA02SF,LA02SF.dspadpcm.bfstm,5186,5187,0.857,1.067,0.72,0.803,confirmed
LA03CA,LA03CA.dspadpcm.bfstm,5188,5188,1.784,1.707,0.666,0.957,confirmed
LA03CB,LA03CB.dspadpcm.bfstm,5189,5189,1.53,1.899,0.666,0.806,confirmed
LA03CC,LA03CC.dspadpcm.bfstm,5190,5190,1.749,1.856,0.666,0.942,confirmed
LA03CD,LA03CD.dspadpcm.bfstm,5191,5191,1.485,1.856,0.666,0.8,confirmed
LA03SA,LA03SA.dspadpcm.bfstm,5194,5194,0.637,0.917,0.824,0.695,confirmed
LA03SB,LA03SB.dspadpcm.bfstm,5195,5195,0.966,1.067,0.561,0.905,confirmed
LA03SC,LA03SC.dspadpcm.bfstm,5197,5196,0.79,1.003,0.626,0.788,confirmed
LA03SD,LA03SD.dspadpcm.bfstm,5198,5197,0.626,1.152,0.47,0.543,confirmed
LA03SE,LA03SE.dspadpcm.bfstm,5200,5198,0.997,1.088,0.464,0.916,confirmed
LA03SF,LA03SF.dspadpcm.bfstm,5201,5199,0.916,0.853,0.657,0.931,confirmed
LA04CA,LA04CA.dspadpcm.bfstm,5202,5200,0.791,1.173,0.732,0.674,confirmed
LA04CB,LA04CB.dspadpcm.bfstm,5203,5201,0.719,1.173,0.732,0.613,confirmed
LA04CC,LA04CC.dspadpcm.bfstm,5204,5202,0.673,0.939,0.732,0.717,confirmed
LA04CD,LA04CD.dspadpcm.bfstm,5205,5203,0.683,1.259,0.732,0.542,confirmed
LA04SA,LA04SA.dspadpcm.bfstm,5206,5206,1.671,1.685,0.666,0.992,confirmed
LA04SB,LA04SB.dspadpcm.bfstm,5207,5207,1.667,2.133,0.729,0.782,confirmed
LA04SC,LA04SC.dspadpcm.bfstm,5208,5208,1.905,1.707,0.729,0.896,confirmed
LA04SD,LA04SD.dspadpcm.bfstm,5209,5209,1.589,1.813,0.666,0.876,confirmed
LA04SE,LA04SE.dspadpcm.bfstm,5210,5210,2.128,2.325,0.551,0.915,confirmed
LA04SF,LA04SF.dspadpcm.bfstm,5211,5211,1.547,1.856,0.666,0.834,confirmed
LA05CA,LA05CA.dspadpcm.bfstm,5212,5212,1.852,1.813,0.685,0.979,confirmed
LA05CB,LA05CB.dspadpcm.bfstm,5213,5213,1.65,1.792,0.696,0.921,confirmed
LA05CC,LA05CC.dspadpcm.bfstm,5214,5214,1.77,1.792,0.685,0.988,confirmed
LA05CD,LA05CD.dspadpcm.bfstm,5216,5215,1.667,1.941,0.696,0.859,confirmed
LA05SA,LA05SA.dspadpcm.bfstm,5218,5218,0.672,0.811,0.74,0.829,confirmed
LA05SB,LA05SB.dspadpcm.bfstm,5219,5219,0.695,0.853,,0.815,no-speech-durmatch
LA05SC,LA05SC.dspadpcm.bfstm,5220,5220,0.775,1.067,0.74,0.726,confirmed
LA05SD,LA05SD.dspadpcm.bfstm,5221,5221,0.635,0.875,0.74,0.726,confirmed
LA05SE,LA05SE.dspadpcm.bfstm,5222,5222,1.062,0.917,0.732,0.863,confirmed
LA05SF,LA05SF.dspadpcm.bfstm,5223,5223,0.756,1.173,0.74,0.645,confirmed
LA06CA,LA06CA.dspadpcm.bfstm,5224,5224,1.677,1.664,0.663,0.992,confirmed
LA06CB,LA06CB.dspadpcm.bfstm,5225,5225,1.683,1.621,0.663,0.963,confirmed
LA06CC,LA06CC.dspadpcm.bfstm,5226,5226,1.707,1.856,0.634,0.92,confirmed
LA06CD,LA06CD.dspadpcm.bfstm,5227,5227,1.842,1.813,0.669,0.984,confirmed
LA06SA,LA06SA.dspadpcm.bfstm,5228,5230,1.467,1.771,0.685,0.828,confirmed
LA06SB,LA06SB.dspadpcm.bfstm,5229,5231,2.197,2.027,0.696,0.923,confirmed
LA06SC,LA06SC.dspadpcm.bfstm,5230,5232,1.781,1.451,0.685,0.815,confirmed
LA06SD,LA06SD.dspadpcm.bfstm,5231,5233,1.425,1.579,0.72,0.902,confirmed
LA06SE,LA06SE.dspadpcm.bfstm,5232,5234,2.296,1.664,0.676,0.725,confirmed
LA06SF,LA06SF.dspadpcm.bfstm,5234,5235,1.716,1.707,0.696,0.995,confirmed
LA07CA,LA07CA.dspadpcm.bfstm,5235,5236,1.854,1.813,0.717,0.978,confirmed
LA07CB,LA07CB.dspadpcm.bfstm,5236,5237,1.745,1.728,0.686,0.99,confirmed
LA07CC,LA07CC.dspadpcm.bfstm,5237,5238,1.974,1.984,0.634,0.995,confirmed
LA07CD,LA07CD.dspadpcm.bfstm,5239,5239,1.729,1.877,0.693,0.921,confirmed
LA07SA,LA07SA.dspadpcm.bfstm,5242,5242,0.62,0.725,0.816,0.855,confirmed
LA07SC,LA07SC.dspadpcm.bfstm,5243,5243,0.568,0.683,0.628,0.832,confirmed
LA07SD,LA07SD.dspadpcm.bfstm,5244,5244,0.616,0.875,0.639,0.704,confirmed
LA07SE,LA07SE.dspadpcm.bfstm,5245,5245,0.662,0.789,0.793,0.839,confirmed
LA07SF,LA07SF.dspadpcm.bfstm,5246,5246,0.684,0.725,0.574,0.943,confirmed
LA08CA,LA08CA.dspadpcm.bfstm,5248,5247,0.647,1.045,0.788,0.619,confirmed
LA08CB,LA08CB.dspadpcm.bfstm,5249,5248,0.651,1.045,0.573,0.623,confirmed
LA08CC,LA08CC.dspadpcm.bfstm,5251,5249,0.689,1.131,0.619,0.609,confirmed
LA08CD,LA08CD.dspadpcm.bfstm,5252,5250,0.741,1.152,0.623,0.643,confirmed
LA08SA,LA08SA.dspadpcm.bfstm,5253,5253,1.675,1.387,0.627,0.828,confirmed
LA08SB,LA08SB.dspadpcm.bfstm,5254,5254,1.649,1.493,0.587,0.905,confirmed
LA08SC,LA08SC.dspadpcm.bfstm,5255,5255,1.835,1.472,0.686,0.802,confirmed
LA08SD,LA08SD.dspadpcm.bfstm,5256,5256,1.462,1.365,0.686,0.934,confirmed
LA08SE,LA08SE.dspadpcm.bfstm,5257,5257,2.049,1.621,0.686,0.791,confirmed
LA08SF,LA08SF.dspadpcm.bfstm,5258,5258,1.728,1.6,0.686,0.926,confirmed
LA09CA,LA09CA.dspadpcm.bfstm,5260,5260,0.748,0.683,0.663,0.913,confirmed
LA09CB,LA09CB.dspadpcm.bfstm,5261,5261,0.598,0.768,0.663,0.779,confirmed
LA09CC,LA09CC.dspadpcm.bfstm,5263,5262,0.77,0.747,0.663,0.97,confirmed
LA09CD,LA09CD.dspadpcm.bfstm,5264,5263,0.844,0.832,0.663,0.986,confirmed
LA09SA,LA09SA.dspadpcm.bfstm,5266,5266,1.704,1.899,0.685,0.897,confirmed
LA09SB,LA09SB.dspadpcm.bfstm,5267,5267,2.363,2.24,0.705,0.948,confirmed
LA09SC,LA09SC.dspadpcm.bfstm,5268,5268,1.884,1.771,0.688,0.94,confirmed
LA09SD,LA09SD.dspadpcm.bfstm,5269,5269,1.704,2.048,0.685,0.832,confirmed
LA09SE,LA09SE.dspadpcm.bfstm,5270,5270,2.368,2.432,0.685,0.974,confirmed
LA09SF,LA09SF.dspadpcm.bfstm,5271,5271,1.662,1.941,0.685,0.856,confirmed
LA10CA,LA10CA.dspadpcm.bfstm,5273,5272,1.802,1.835,0.649,0.982,confirmed
LA10CB,LA10CB.dspadpcm.bfstm,5275,5273,1.533,1.707,0.669,0.898,confirmed
LA10CC,LA10CC.dspadpcm.bfstm,5276,5274,1.506,2.005,0.669,0.751,confirmed
LA10CD,LA10CD.dspadpcm.bfstm,5277,5275,1.741,1.749,0.516,0.995,confirmed
LA10SA,LA10SA.dspadpcm.bfstm,5278,5278,0.722,1.024,0.668,0.705,confirmed
LA10SB,LA10SB.dspadpcm.bfstm,5279,5279,0.731,0.896,0.813,0.816,confirmed
LA10SC,LA10SC.dspadpcm.bfstm,5280,5280,0.914,1.259,0.627,0.726,confirmed
LA10SE,LA10SE.dspadpcm.bfstm,5281,5281,1.142,1.109,0.813,0.971,confirmed
LA10SF,LA10SF.dspadpcm.bfstm,5282,5282,0.919,0.96,,0.957,no-speech-durmatch
LA11CA,LA11CA.dspadpcm.bfstm,5283,5283,1.329,1.365,0.644,0.974,confirmed
LA11CB,LA11CB.dspadpcm.bfstm,5284,5284,1.021,1.451,,0.704,no-speech-nomatch
LA11CC,LA11CC.dspadpcm.bfstm,5285,5286,1.509,1.792,0.703,0.842,confirmed
LA11CD,LA11CD.dspadpcm.bfstm,5286,5287,1.207,1.515,0.68,0.797,confirmed
LA11SA,LA11SA.dspadpcm.bfstm,5290,5290,0.685,0.64,0.663,0.934,confirmed
LA11SB,LA11SB.dspadpcm.bfstm,5291,5291,0.624,0.725,0.684,0.861,confirmed
LA11SC,LA11SC.dspadpcm.bfstm,5292,5292,0.674,0.747,0.684,0.902,confirmed
LA11SD,LA11SD.dspadpcm.bfstm,5293,5293,0.614,0.683,0.663,0.899,confirmed
LA11SE,LA11SE.dspadpcm.bfstm,5294,5294,0.982,0.789,0.684,0.803,confirmed
LA11SF,LA11SF.dspadpcm.bfstm,5295,5295,0.726,0.939,0.684,0.773,confirmed
LA12CA,LA12CA.dspadpcm.bfstm,5296,5296,2.289,2.283,0.7,0.997,confirmed
LA12CB,LA12CB.dspadpcm.bfstm,5297,5297,2.353,2.283,0.682,0.97,confirmed
LA12CC,LA12CC.dspadpcm.bfstm,5298,5298,2.136,2.133,0.668,0.999,confirmed
LA12CD,LA12CD.dspadpcm.bfstm,5301,5299,2.357,2.325,0.501,0.986,confirmed
LA12SA,LA12SA.dspadpcm.bfstm,5302,5302,1.15,1.365,0.534,0.842,confirmed
LA12SB,LA12SB.dspadpcm.bfstm,5303,5303,1.65,1.493,,0.905,no-speech-durmatch
LA12SC,LA12SC.dspadpcm.bfstm,5304,5304,1.602,2.005,0.374,0.799,low-confidence
LA12SD,LA12SD.dspadpcm.bfstm,5305,5305,1.805,1.493,0.766,0.827,confirmed
LA12SE,LA12SE.dspadpcm.bfstm,5306,5306,1.944,1.621,0.791,0.834,confirmed
LA12SF,LA12SF.dspadpcm.bfstm,5307,5307,1.566,2.176,0.529,0.72,confirmed
LA13CA,LA13CA.dspadpcm.bfstm,5309,5308,0.885,0.917,0.634,0.965,confirmed
LA13CB,LA13CB.dspadpcm.bfstm,5310,5309,0.907,1.003,0.876,0.904,confirmed
LA13CC,LA13CC.dspadpcm.bfstm,5311,5310,0.778,0.96,0.822,0.81,confirmed
LA13CD,LA13CD.dspadpcm.bfstm,5312,5311,0.859,0.981,,0.876,no-speech-durmatch
LA13SA,LA13SA.dspadpcm.bfstm,5313,5314,1.542,1.088,0.634,0.706,confirmed
LA13SB,LA13SB.dspadpcm.bfstm,5314,5315,1.579,1.323,0.669,0.838,confirmed
LA13SC,LA13SC.dspadpcm.bfstm,5315,5316,1.899,1.429,0.669,0.753,confirmed
LA13SD,LA13SD.dspadpcm.bfstm,5316,5317,1.574,1.323,0.476,0.841,confirmed
LA13SE,LA13SE.dspadpcm.bfstm,5317,5318,2.136,1.451,0.691,0.679,confirmed
LA13SF,LA13SF.dspadpcm.bfstm,5318,5319,1.813,1.557,0.669,0.859,confirmed
LA14CA,LA14CA.dspadpcm.bfstm,5320,5320,0.598,0.832,0.815,0.719,confirmed
LA14CB,LA14CB.dspadpcm.bfstm,5321,5321,0.524,0.64,0.629,0.819,confirmed
LA14CC,LA14CC.dspadpcm.bfstm,5322,5322,0.539,0.789,0.822,0.683,confirmed
LA14CD,LA14CD.dspadpcm.bfstm,5325,5323,0.695,0.853,0.862,0.815,confirmed
LA14SA,LA14SA.dspadpcm.bfstm,5326,5326,1.425,1.685,0.423,0.846,low-confidence
LA14SB,LA14SB.dspadpcm.bfstm,5327,5327,1.208,1.664,0.693,0.726,confirmed
LA14SC,LA14SC.dspadpcm.bfstm,5328,5328,1.293,1.387,0.703,0.932,confirmed
LA14SD,LA14SD.dspadpcm.bfstm,5329,5329,1.137,1.835,0.72,0.62,confirmed
LA14SE,LA14SE.dspadpcm.bfstm,5330,5330,1.588,1.792,0.442,0.886,low-confidence
LA14SF,LA14SF.dspadpcm.bfstm,5331,5331,1.365,1.515,,0.901,no-speech-durmatch
LA15CA,LA15CA.dspadpcm.bfstm,5333,5332,2.155,2.176,0.406,0.99,low-confidence
LA15CB,LA15CB.dspadpcm.bfstm,5334,5333,2.368,2.475,0.385,0.957,low-confidence
LA15CC,LA15CC.dspadpcm.bfstm,5335,5334,2.007,2.453,0.385,0.818,low-confidence
LA15CD,LA15CD.dspadpcm.bfstm,5336,5335,1.819,2.368,0.382,0.768,low-confidence
LA15SA,LA15SA.dspadpcm.bfstm,5338,5338,1.942,2.048,0.668,0.948,confirmed
LA15SB,LA15SB.dspadpcm.bfstm,5339,5339,2.094,2.24,0.668,0.935,confirmed
LA15SC,LA15SC.dspadpcm.bfstm,5340,5340,2.377,2.155,0.668,0.907,confirmed
LA15SD,LA15SD.dspadpcm.bfstm,5341,5341,2.116,2.24,0.668,0.945,confirmed
LA15SE,LA15SE.dspadpcm.bfstm,5342,5342,2.637,2.432,0.45,0.922,low-confidence
LA15SF,LA15SF.dspadpcm.bfstm,5343,5343,2.31,2.325,0.668,0.994,confirmed
LA16CA,LA16CA.dspadpcm.bfstm,5344,5344,1.451,1.429,0.53,0.985,confirmed
LA16CB,LA16CB.dspadpcm.bfstm,5345,5345,1.213,1.067,0.571,0.88,confirmed
LA16CC,LA16CC.dspadpcm.bfstm,5347,5346,1.565,1.557,0.53,0.995,confirmed
LA16CD,LA16CD.dspadpcm.bfstm,5348,5347,1.254,1.173,0.554,0.935,confirmed
LA16SA,LA16SA.dspadpcm.bfstm,5349,5350,1.885,1.856,0.529,0.985,confirmed
LA16SB,LA16SB.dspadpcm.bfstm,5350,5351,1.99,2.027,0.385,0.982,low-confidence
LA16SC,LA16SC.dspadpcm.bfstm,5351,5352,2.166,2.112,0.382,0.975,low-confidence
LA16SD,LA16SD.dspadpcm.bfstm,5352,5353,1.712,2.048,0.382,0.836,low-confidence
LA16SE,LA16SE.dspadpcm.bfstm,5353,5354,2.453,2.197,0.382,0.896,low-confidence
LA16SF,LA16SF.dspadpcm.bfstm,5354,5355,2.123,2.304,0.382,0.921,low-confidence
LA17SA,LA17SA.dspadpcm.bfstm,5355,5356,0.987,2.219,0.295,0.445,no-match
LA17SB,LA17SB.dspadpcm.bfstm,5356,5357,0.955,1.045,0.533,0.914,confirmed
LA17SC,LA17SC.dspadpcm.bfstm,5357,5358,0.886,1.131,0.603,0.783,confirmed
LA17SD,LA17SD.dspadpcm.bfstm,5359,5359,1.023,1.131,0.427,0.905,low-confidence
LA17SE,LA17SE.dspadpcm.bfstm,5360,5360,1.245,1.237,0.557,0.994,confirmed
LA17SF,LA17SF.dspadpcm.bfstm,5361,5361,1.011,1.152,0.438,0.878,low-confidence
LA18SA,LA18SA.dspadpcm.bfstm,5362,5362,1.653,1.109,0.497,0.671,confirmed
LA18SB,LA18SB.dspadpcm.bfstm,5363,5363,1.57,1.621,0.518,0.969,confirmed
LA18SC,LA18SC.dspadpcm.bfstm,5364,5364,1.321,1.301,0.53,0.985,confirmed
LA18SD,LA18SD.dspadpcm.bfstm,5365,5365,1.205,1.195,0.509,0.992,confirmed
LA18SE,LA18SE.dspadpcm.bfstm,5366,5366,1.447,1.771,0.53,0.817,confirmed
LA18SF,LA18SF.dspadpcm.bfstm,5367,5367,1.441,1.408,0.53,0.977,confirmed
MA01CA,MA01CA.dspadpcm.bfstm,5369,5368,0.715,0.853,0.59,0.838,confirmed
MA01CB,MA01CB.dspadpcm.bfstm,5370,5369,0.758,1.024,0.696,0.74,confirmed
MA01CC,MA01CC.dspadpcm.bfstm,5371,5370,0.62,0.96,0.658,0.646,confirmed
MA01CD,MA01CD.dspadpcm.bfstm,5372,5371,0.674,0.917,0.658,0.735,confirmed
MA01SA,MA01SA.dspadpcm.bfstm,5373,5374,0.784,1.109,0.572,0.707,confirmed
MA01SB,MA01SB.dspadpcm.bfstm,5374,5375,0.664,1.216,0.582,0.546,confirmed
MA01SC,MA01SC.dspadpcm.bfstm,5375,5376,0.795,1.003,0.616,0.793,confirmed
MA01SD,MA01SD.dspadpcm.bfstm,5377,5377,0.732,1.323,0.606,0.553,confirmed
MA01SE,MA01SE.dspadpcm.bfstm,5378,5378,0.889,1.088,0.605,0.817,confirmed
MA01SF,MA01SF.dspadpcm.bfstm,5380,5380,0.781,0.832,0.572,0.939,confirmed
MA02CA,MA02CA.dspadpcm.bfstm,5381,5381,0.758,0.704,0.671,0.929,confirmed
MA02CB,MA02CB.dspadpcm.bfstm,5382,5382,0.845,0.896,0.671,0.943,confirmed
MA02CC,MA02CC.dspadpcm.bfstm,5383,5383,0.813,0.896,0.671,0.907,confirmed
MA02CD,MA02CD.dspadpcm.bfstm,5384,5384,0.787,0.768,0.671,0.976,confirmed
MA02SA,MA02SA.dspadpcm.bfstm,5386,5387,0.576,0.896,,0.643,no-speech-nomatch
MA02SC,MA02SC.dspadpcm.bfstm,5387,5388,0.686,0.811,0.677,0.846,confirmed
MA02SD,MA02SD.dspadpcm.bfstm,5388,5389,0.567,0.96,0.376,0.591,no-match
MA02SE,MA02SE.dspadpcm.bfstm,5389,5390,0.751,0.96,0.677,0.782,confirmed
MA02SF,MA02SF.dspadpcm.bfstm,5390,5391,0.574,0.875,0.393,0.656,low-confidence
MA03CA,MA03CA.dspadpcm.bfstm,5392,5392,1.208,1.472,0.762,0.821,confirmed
MA03CB,MA03CB.dspadpcm.bfstm,5393,5393,1.212,1.429,0.762,0.848,confirmed
MA03CC,MA03CC.dspadpcm.bfstm,5395,5394,1.009,1.6,0.762,0.631,confirmed
MA03CD,MA03CD.dspadpcm.bfstm,5396,5395,1.057,1.557,0.762,0.679,confirmed
MA03SA,MA03SA.dspadpcm.bfstm,5398,5398,0.679,0.747,0.658,0.909,confirmed
MA03SB,MA03SB.dspadpcm.bfstm,5399,5399,0.801,0.789,0.658,0.985,confirmed
MA03SC,MA03SC.dspadpcm.bfstm,5400,5400,0.669,0.917,0.696,0.73,confirmed
MA03SD,MA03SD.dspadpcm.bfstm,5401,5401,0.654,0.811,0.658,0.806,confirmed
MA03SE,MA03SE.dspadpcm.bfstm,5403,5402,0.936,0.981,0.59,0.954,confirmed
MA04CA,MA04CA.dspadpcm.bfstm,5404,5403,0.888,1.579,0.711,0.562,confirmed
MA04CB,MA04CB.dspadpcm.bfstm,5405,5404,0.827,1.429,0.76,0.579,confirmed
MA04CC,MA04CC.dspadpcm.bfstm,5406,5405,0.849,1.771,0.774,0.479,no-match
MA04CD,MA04CD.dspadpcm.bfstm,5408,5407,0.944,1.557,0.76,0.606,confirmed
MA04SA,MA04SA.dspadpcm.bfstm,5410,5410,0.673,0.96,0.605,0.701,confirmed
MA04SB,MA04SB.dspadpcm.bfstm,5411,5411,0.68,0.981,0.7,0.693,confirmed
MA04SC,MA04SC.dspadpcm.bfstm,5412,5412,0.656,0.896,0.605,0.732,confirmed
MA04SD,MA04SD.dspadpcm.bfstm,5413,5413,0.696,1.045,0.635,0.666,confirmed
MA04SE,MA04SE.dspadpcm.bfstm,5414,5414,1.036,1.067,0.7,0.971,confirmed
MA04SF,MA04SF.dspadpcm.bfstm,5415,5415,0.729,0.96,0.635,0.759,confirmed
MA05CA,MA05CA.dspadpcm.bfstm,5416,5416,2.152,2.048,0.543,0.952,confirmed
MA05CB,MA05CB.dspadpcm.bfstm,5417,5417,2.101,2.091,0.535,0.995,confirmed
MA05CC,MA05CC.dspadpcm.bfstm,5419,5418,2.059,2.219,0.543,0.928,confirmed
MA05CD,MA05CD.dspadpcm.bfstm,5420,5419,1.966,2.261,0.528,0.87,confirmed
MA05SA,MA05SA.dspadpcm.bfstm,5422,5422,1.093,1.173,0.715,0.932,confirmed
MA05SB,MA05SB.dspadpcm.bfstm,5423,5423,1.019,1.152,0.715,0.885,confirmed
MA05SC,MA05SC.dspadpcm.bfstm,5424,5424,1.04,1.28,0.772,0.812,confirmed
MA05SD,MA05SD.dspadpcm.bfstm,5425,5425,1.021,1.28,0.814,0.798,confirmed
MA05SE,MA05SE.dspadpcm.bfstm,5426,5426,1.28,1.237,0.714,0.966,confirmed
MA05SF,MA05SF.dspadpcm.bfstm,5427,5427,1.072,1.387,0.814,0.773,confirmed
MA06CA,MA06CA.dspadpcm.bfstm,5428,5428,2.022,2.005,0.733,0.992,confirmed
MA06CB,MA06CB.dspadpcm.bfstm,5429,5429,1.979,1.856,0.733,0.938,confirmed
MA06CC,MA06CC.dspadpcm.bfstm,5430,5430,2.424,2.176,0.753,0.898,confirmed
MA06CD,MA06CD.dspadpcm.bfstm,5432,5431,1.915,2.005,0.733,0.955,confirmed
MA06SA,MA06SA.dspadpcm.bfstm,5434,5434,0.875,1.237,0.822,0.707,confirmed
MA06SB,MA06SB.dspadpcm.bfstm,5435,5435,0.8,1.088,0.822,0.735,confirmed
MA06SC,MA06SC.dspadpcm.bfstm,5436,5436,0.756,1.301,0.771,0.581,confirmed
MA06SD,MA06SD.dspadpcm.bfstm,5437,5437,0.748,1.323,0.688,0.565,confirmed
MA06SE,MA06SE.dspadpcm.bfstm,5438,5438,1.173,1.195,0.516,0.982,confirmed
MA06SF,MA06SF.dspadpcm.bfstm,5439,5439,0.795,1.408,0.764,0.565,confirmed
MA07CA,MA07CA.dspadpcm.bfstm,5440,5440,6.208,5.653,0.875,0.911,confirmed
MA07CB,MA07CB.dspadpcm.bfstm,5441,5441,6.846,4.779,0.879,0.698,confirmed
MA07CC,MA07CC.dspadpcm.bfstm,5443,5442,6.785,6.123,0.879,0.902,confirmed
MA07CD,MA07CD.dspadpcm.bfstm,5444,5443,6.261,5.184,0.879,0.828,confirmed
MA07SA,MA07SA.dspadpcm.bfstm,5446,5446,1.939,2.005,0.682,0.967,confirmed
MA07SB,MA07SB.dspadpcm.bfstm,5447,5447,2.293,1.728,0.682,0.754,confirmed
MA07SC,MA07SC.dspadpcm.bfstm,5448,5448,2.045,2.112,0.682,0.968,confirmed
MA07SD,MA07SD.dspadpcm.bfstm,5449,5449,2.318,2.176,0.682,0.939,confirmed
MA07SE,MA07SE.dspadpcm.bfstm,5450,5450,2.354,1.877,0.69,0.797,confirmed
MA07SF,MA07SF.dspadpcm.bfstm,5451,5451,1.873,2.304,0.682,0.813,confirmed
MA08CA,MA08CA.dspadpcm.bfstm,5452,5452,3.9,3.029,0.738,0.777,confirmed
MA08CB,MA08CB.dspadpcm.bfstm,5453,5453,4.203,2.603,0.738,0.619,confirmed
MA08CC,MA08CC.dspadpcm.bfstm,5454,5454,4.254,2.581,0.723,0.607,confirmed
MA08CD,MA08CD.dspadpcm.bfstm,5455,5455,4.155,3.285,0.738,0.791,confirmed
MA08SA,MA08SA.dspadpcm.bfstm,5456,5458,2.196,2.837,0.715,0.774,confirmed
MA08SB,MA08SB.dspadpcm.bfstm,5457,5459,2.432,2.795,0.715,0.87,confirmed
MA08SC,MA08SC.dspadpcm.bfstm,5459,5460,2.211,2.069,0.589,0.936,confirmed
MA08SD,MA08SD.dspadpcm.bfstm,5460,5461,2.229,2.112,0.589,0.948,confirmed
MA08SE,MA08SE.dspadpcm.bfstm,5461,5462,2.476,2.581,0.589,0.959,confirmed
MA08SF,MA08SF.dspadpcm.bfstm,5462,5463,2.003,2.261,0.589,0.886,confirmed
MA09CA,MA09CA.dspadpcm.bfstm,5464,5464,3.909,3.499,0.63,0.895,confirmed
MA09CB,MA09CB.dspadpcm.bfstm,5467,5465,3.987,3.797,0.612,0.952,confirmed
MA09CC,MA09CC.dspadpcm.bfstm,5468,5466,4.502,3.243,0.629,0.72,confirmed
MA09CD,MA09CD.dspadpcm.bfstm,5469,5467,4.028,2.88,0.629,0.715,confirmed
MA09SA,MA09SA.dspadpcm.bfstm,5470,5470,2.096,2.005,0.715,0.957,confirmed
MA09SB,MA09SB.dspadpcm.bfstm,5471,5471,1.968,1.984,0.785,0.992,confirmed
MA09SC,MA09SC.dspadpcm.bfstm,5472,5472,1.92,1.963,0.805,0.978,confirmed
MA09SD,MA09SD.dspadpcm.bfstm,5473,5473,2.02,2.176,0.729,0.928,confirmed
MA09SE,MA09SE.dspadpcm.bfstm,5474,5474,1.997,2.155,0.785,0.927,confirmed
MA09SF,MA09SF.dspadpcm.bfstm,5475,5475,1.8,2.133,0.729,0.844,confirmed
MA10CA,MA10CA.dspadpcm.bfstm,5476,5476,3.323,2.667,0.591,0.803,confirmed
MA10CB,MA10CB.dspadpcm.bfstm,5479,5477,3.391,2.901,0.601,0.855,confirmed
MA10CC,MA10CC.dspadpcm.bfstm,5480,5478,3.963,2.581,0.601,0.651,confirmed
MA10CD,MA10CD.dspadpcm.bfstm,5481,5479,3.746,2.453,0.601,0.655,confirmed
MA10SA,MA10SA.dspadpcm.bfstm,5482,5482,0.711,0.896,0.654,0.794,confirmed
MA10SB,MA10SB.dspadpcm.bfstm,5483,5483,1.057,0.875,0.654,0.828,confirmed
MA10SC,MA10SC.dspadpcm.bfstm,5484,5484,0.738,0.981,0.58,0.752,confirmed
MA10SD,MA10SD.dspadpcm.bfstm,5485,5485,0.656,0.96,0.63,0.683,confirmed
MA10SE,MA10SE.dspadpcm.bfstm,5486,5486,0.924,0.939,0.654,0.984,confirmed
MA10SF,MA10SF.dspadpcm.bfstm,5487,5487,0.757,1.067,0.58,0.709,confirmed
MA11CA,MA11CA.dspadpcm.bfstm,5488,5488,3.307,3.307,0.762,1.0,confirmed
MA11CB,MA11CB.dspadpcm.bfstm,5491,5489,3.617,3.584,0.762,0.991,confirmed
MA11CC,MA11CC.dspadpcm.bfstm,5492,5490,3.403,3.435,0.762,0.991,confirmed
MA11CD,MA11CD.dspadpcm.bfstm,5493,5491,3.352,3.669,0.762,0.914,confirmed
MA11SA,MA11SA.dspadpcm.bfstm,5494,5494,2.091,2.027,0.551,0.969,confirmed
MA11SB,MA11SB.dspadpcm.bfstm,5495,5495,2.238,2.155,0.63,0.963,confirmed
MA11SC,MA11SC.dspadpcm.bfstm,5496,5496,2.327,2.048,0.551,0.88,confirmed
MA11SD,MA11SD.dspadpcm.bfstm,5497,5497,2.047,2.197,0.551,0.932,confirmed
MA11SE,MA11SE.dspadpcm.bfstm,5498,5498,2.479,2.347,0.63,0.947,confirmed
MA11SF,MA11SF.dspadpcm.bfstm,5499,5499,2.027,2.219,0.609,0.913,confirmed
MA12CA,MA12CA.dspadpcm.bfstm,5500,5500,1.333,1.109,0.758,0.832,confirmed
MA12CB,MA12CB.dspadpcm.bfstm,5502,5501,1.357,1.003,0.758,0.739,confirmed
MA12CC,MA12CC.dspadpcm.bfstm,5503,5502,1.19,1.195,0.851,0.996,confirmed
MA12CD,MA12CD.dspadpcm.bfstm,5504,5503,1.177,0.96,0.851,0.816,confirmed
MA12SA,MA12SA.dspadpcm.bfstm,5505,5506,1.116,1.088,0.604,0.975,confirmed
MA12SB,MA12SB.dspadpcm.bfstm,5506,5507,0.856,0.917,0.578,0.933,confirmed
MA12SC,MA12SC.dspadpcm.bfstm,5507,5508,0.616,0.939,0.578,0.656,confirmed
MA12SD,MA12SD.dspadpcm.bfstm,5508,5509,0.868,0.939,0.578,0.924,confirmed
MA12SE,MA12SE.dspadpcm.bfstm,5509,5510,0.763,1.003,0.578,0.761,confirmed
MA12SF,MA12SF.dspadpcm.bfstm,5510,5511,0.659,1.024,0.556,0.644,confirmed
MA13CA,MA13CA.dspadpcm.bfstm,5513,5512,3.819,3.861,0.865,0.989,confirmed
MA13CB,MA13CB.dspadpcm.bfstm,5515,5513,4.7,4.224,0.868,0.899,confirmed
MA13CC,MA13CC.dspadpcm.bfstm,5516,5514,4.055,4.181,0.865,0.97,confirmed
MA13CD,MA13CD.dspadpcm.bfstm,5517,5515,4.148,3.797,0.871,0.915,confirmed
MA13SA,MA13SA.dspadpcm.bfstm,5518,5518,2.227,2.112,0.732,0.948,confirmed
MA13SB,MA13SB.dspadpcm.bfstm,5519,5519,1.668,2.069,0.732,0.806,confirmed
MA13SC,MA13SC.dspadpcm.bfstm,5520,5520,1.872,1.963,0.732,0.954,confirmed
MA13SD,MA13SD.dspadpcm.bfstm,5521,5521,2.026,2.283,0.732,0.887,confirmed
MA13SE,MA13SE.dspadpcm.bfstm,5522,5522,2.058,2.24,0.732,0.919,confirmed
MA13SF,MA13SF.dspadpcm.bfstm,5523,5523,1.909,2.133,0.732,0.895,confirmed
MA14CA,MA14CA.dspadpcm.bfstm,5524,5524,3.456,3.264,0.785,0.944,confirmed
MA14CB,MA14CB.dspadpcm.bfstm,5526,5525,3.945,3.008,0.726,0.762,confirmed
MA14CC,MA14CC.dspadpcm.bfstm,5527,5526,3.781,3.563,0.793,0.942,confirmed
MA14CD,MA14CD.dspadpcm.bfstm,5529,5527,3.01,3.264,0.704,0.922,confirmed
MA14SA,MA14SA.dspadpcm.bfstm,5530,5530,3.194,2.688,0.764,0.842,confirmed
MA14SB,MA14SB.dspadpcm.bfstm,5531,5531,3.115,2.688,0.774,0.863,confirmed
MA14SC,MA14SC.dspadpcm.bfstm,5532,5532,2.507,2.624,0.764,0.955,confirmed
MA14SD,MA14SD.dspadpcm.bfstm,5533,5533,3.082,2.923,0.764,0.948,confirmed
MA14SE,MA14SE.dspadpcm.bfstm,5534,5534,2.771,2.901,0.768,0.955,confirmed
MA14SF,MA14SF.dspadpcm.bfstm,5535,5535,2.949,2.859,0.782,0.969,confirmed
MA15CA,MA15CA.dspadpcm.bfstm,5536,5536,3.726,2.987,0.759,0.802,confirmed
MA15CB,MA15CB.dspadpcm.bfstm,5538,5537,3.617,2.837,0.785,0.784,confirmed
MA15CC,MA15CC.dspadpcm.bfstm,5539,5538,3.729,3.243,0.806,0.87,confirmed
MA15CD,MA15CD.dspadpcm.bfstm,5541,5539,3.48,3.093,0.806,0.889,confirmed
MA15SA,MA15SA.dspadpcm.bfstm,5542,5542,2.396,2.112,0.77,0.881,confirmed
MA15SB,MA15SB.dspadpcm.bfstm,5543,5543,2.136,2.176,0.77,0.982,confirmed
MA15SC,MA15SC.dspadpcm.bfstm,5544,5544,2.093,2.197,0.77,0.953,confirmed
MA15SD,MA15SD.dspadpcm.bfstm,5545,5545,2.363,2.304,0.718,0.975,confirmed
MA15SE,MA15SE.dspadpcm.bfstm,5546,5546,2.627,2.368,0.77,0.901,confirmed
MA15SF,MA15SF.dspadpcm.bfstm,5547,5547,2.126,2.389,0.77,0.89,confirmed
MA16CA,MA16CA.dspadpcm.bfstm,5548,5548,4.461,4.16,0.823,0.933,confirmed
MA16CB,MA16CB.dspadpcm.bfstm,5549,5549,3.649,3.691,0.859,0.989,confirmed
MA16CC,MA16CC.dspadpcm.bfstm,5551,5550,4.843,4.523,0.823,0.934,confirmed
MA16CD,MA16CD.dspadpcm.bfstm,5553,5551,4.602,4.16,0.823,0.904,confirmed
MA16SA,MA16SA.dspadpcm.bfstm,5554,5554,2.245,1.877,0.304,0.836,low-confidence
MA16SB,MA16SB.dspadpcm.bfstm,5555,5555,1.936,1.728,0.336,0.893,low-confidence
MA16SC,MA16SC.dspadpcm.bfstm,5556,5556,2.016,1.899,0.469,0.942,confirmed
MA16SD,MA16SD.dspadpcm.bfstm,5557,5557,1.935,2.027,0.485,0.955,confirmed
MA16SE,MA16SE.dspadpcm.bfstm,5558,5558,2.481,1.877,0.516,0.757,confirmed
MA16SF,MA16SF.dspadpcm.bfstm,5559,5559,1.958,2.069,0.464,0.946,confirmed
MA17CA,MA17CA.dspadpcm.bfstm,5560,5560,5.131,4.331,0.738,0.844,confirmed
MA17CB,MA17CB.dspadpcm.bfstm,5563,5561,5.252,4.693,0.738,0.894,confirmed
MA17CC,MA17CC.dspadpcm.bfstm,5564,5562,5.083,4.117,0.738,0.81,confirmed
MA17CD,MA17CD.dspadpcm.bfstm,5565,5563,5.048,4.117,0.738,0.816,confirmed
MA17SA,MA17SA.dspadpcm.bfstm,5566,5566,2.347,2.56,0.397,0.917,low-confidence
MA17SB,MA17SB.dspadpcm.bfstm,5567,5567,1.923,2.411,0.397,0.798,low-confidence
MA17SC,MA17SC.dspadpcm.bfstm,5568,5568,1.775,2.475,0.387,0.717,low-confidence
MA17SD,MA17SD.dspadpcm.bfstm,5569,5569,2.073,2.773,0.397,0.748,low-confidence
MA17SE,MA17SE.dspadpcm.bfstm,5570,5570,2.539,2.624,0.392,0.968,low-confidence
MA17SF,MA17SF.dspadpcm.bfstm,5571,5571,1.766,2.688,0.387,0.657,low-confidence
MA18SA,MA18SA.dspadpcm.bfstm,5572,5572,1.019,1.109,0.56,0.919,confirmed
MA18SB,MA18SB.dspadpcm.bfstm,5573,5573,0.992,1.131,0.56,0.877,confirmed
MA18SC,MA18SC.dspadpcm.bfstm,5574,5574,1.019,1.301,0.604,0.783,confirmed
MA18SD,MA18SD.dspadpcm.bfstm,5575,5575,0.934,1.216,0.604,0.768,confirmed
MA18SE,MA18SE.dspadpcm.bfstm,5576,5576,1.217,1.216,0.604,0.999,confirmed
MA18SF,MA18SF.dspadpcm.bfstm,5577,5577,1.015,1.408,0.604,0.721,confirmed
MA19SA,MA19SA.dspadpcm.bfstm,5578,5578,1.591,1.515,0.652,0.952,confirmed
MA19SB,MA19SB.dspadpcm.bfstm,5579,5579,1.417,1.365,0.678,0.963,confirmed
MA19SC,MA19SC.dspadpcm.bfstm,5580,5580,1.498,1.6,0.652,0.936,confirmed
MA19SD,MA19SD.dspadpcm.bfstm,5581,5581,1.702,1.643,0.652,0.965,confirmed
MA19SE,MA19SE.dspadpcm.bfstm,5582,5582,1.787,1.472,0.57,0.824,confirmed
MA19SF,MA19SF.dspadpcm.bfstm,5583,5583,1.397,1.728,0.693,0.808,confirmed
MA20SA,MA20SA.dspadpcm.bfstm,5584,5584,1.206,0.896,0.852,0.743,confirmed
MA20SB,MA20SB.dspadpcm.bfstm,5585,5585,1.128,1.003,0.834,0.889,confirmed
MA20SC,MA20SC.dspadpcm.bfstm,5586,5586,1.281,0.96,0.834,0.749,confirmed
MA20SD,MA20SD.dspadpcm.bfstm,5587,5587,1.228,0.96,0.849,0.782,confirmed
MA20SE,MA20SE.dspadpcm.bfstm,5588,5588,1.404,1.088,0.882,0.775,confirmed
MA20SF,MA20SF.dspadpcm.bfstm,5589,5589,1.117,1.045,0.834,0.936,confirmed
MA21SA,MA21SA.dspadpcm.bfstm,5590,5590,1.9,2.048,0.397,0.928,low-confidence
MA21SB,MA21SB.dspadpcm.bfstm,5591,5591,2.158,2.005,0.462,0.929,confirmed
MA21SC,MA21SC.dspadpcm.bfstm,5592,5592,1.745,1.877,0.514,0.93,confirmed
MA21SD,MA21SD.dspadpcm.bfstm,5593,5593,2.076,2.24,0.462,0.927,confirmed
MA21SE,MA21SE.dspadpcm.bfstm,5594,5594,1.659,2.176,0.504,0.762,confirmed
MA21SF,MA21SF.dspadpcm.bfstm,5595,5595,2.083,2.048,0.473,0.983,confirmed
MA22SA,MA22SA.dspadpcm.bfstm,5596,5596,2.483,2.091,0.695,0.842,confirmed
MA22SB,MA22SB.dspadpcm.bfstm,5597,5597,2.315,2.24,0.725,0.968,confirmed
MA22SC,MA22SC.dspadpcm.bfstm,5598,5598,2.464,2.091,0.695,0.849,confirmed
MA22SD,MA22SD.dspadpcm.bfstm,5599,5599,2.469,2.283,0.725,0.925,confirmed
MA22SE,MA22SE.dspadpcm.bfstm,5600,5600,2.321,2.432,0.725,0.954,confirmed
MA22SF,MA22SF.dspadpcm.bfstm,5601,5601,2.568,2.283,0.71,0.889,confirmed
MA23SA,MA23SA.dspadpcm.bfstm,5602,5602,1.541,1.387,0.863,0.9,confirmed
MA23SB,MA23SB.dspadpcm.bfstm,5603,5603,1.954,1.579,0.859,0.808,confirmed
MA23SC,MA23SC.dspadpcm.bfstm,5604,5604,1.629,1.237,0.84,0.759,confirmed
MA23SD,MA23SD.dspadpcm.bfstm,5605,5605,1.569,1.515,0.769,0.966,confirmed
MA23SE,MA23SE.dspadpcm.bfstm,5606,5606,1.692,1.728,0.838,0.979,confirmed
MA23SF,MA23SF.dspadpcm.bfstm,5607,5607,1.606,1.344,0.84,0.837,confirmed
MA24SA,MA24SA.dspadpcm.bfstm,5608,5608,1.392,1.067,0.877,0.767,confirmed
MA24SB,MA24SB.dspadpcm.bfstm,5609,5609,1.353,1.067,0.883,0.789,confirmed
MA24SC,MA24SC.dspadpcm.bfstm,5610,5610,1.336,1.067,0.856,0.799,confirmed
MA24SD,MA24SD.dspadpcm.bfstm,5611,5611,1.432,1.173,0.861,0.819,confirmed
MA24SE,MA24SE.dspadpcm.bfstm,5612,5612,1.564,1.152,0.883,0.737,confirmed
MA24SF,MA24SF.dspadpcm.bfstm,5613,5613,1.265,1.173,0.856,0.927,confirmed
MA25SA,MA25SA.dspadpcm.bfstm,5614,5614,1.241,0.981,0.71,0.79,confirmed
MA25SB,MA25SB.dspadpcm.bfstm,5615,5615,1.227,1.067,0.71,0.87,confirmed
MA25SC,MA25SC.dspadpcm.bfstm,5616,5616,1.474,1.173,0.785,0.796,confirmed
MA25SD,MA25SD.dspadpcm.bfstm,5617,5617,1.502,1.045,0.754,0.696,confirmed
MA25SE,MA25SE.dspadpcm.bfstm,5618,5618,1.206,1.152,0.829,0.955,confirmed
MA25SF,MA25SF.dspadpcm.bfstm,5619,5619,1.088,1.28,0.754,0.85,confirmed
MA26SA,MA26SA.dspadpcm.bfstm,5620,5620,3.894,3.136,0.584,0.805,confirmed
MA26SB,MA26SB.dspadpcm.bfstm,5621,5621,3.472,3.008,0.566,0.866,confirmed
MA26SC,MA26SC.dspadpcm.bfstm,5622,5622,3.461,2.923,0.583,0.845,confirmed
MA26SD,MA26SD.dspadpcm.bfstm,5623,5623,4.065,3.413,0.584,0.84,confirmed
MA26SE,MA26SE.dspadpcm.bfstm,5624,5624,3.992,3.285,0.584,0.823,confirmed
MA26SF,MA26SF.dspadpcm.bfstm,5625,5625,3.525,3.179,0.583,0.902,confirmed
MA27SA,MA27SA.dspadpcm.bfstm,5626,5626,1.315,1.408,0.94,0.934,confirmed
MA27SB,MA27SB.dspadpcm.bfstm,5627,5627,1.243,1.237,0.936,0.995,confirmed
MA27SC,MA27SC.dspadpcm.bfstm,5628,5628,1.494,1.493,0.926,0.999,confirmed
MA27SD,MA27SD.dspadpcm.bfstm,5629,5629,1.505,1.515,0.935,0.993,confirmed
MA27SE,MA27SE.dspadpcm.bfstm,5630,5630,1.61,1.344,0.926,0.835,confirmed
MA27SF,MA27SF.dspadpcm.bfstm,5631,5631,1.212,1.621,0.935,0.748,confirmed
MA28SA,MA28SA.dspadpcm.bfstm,5632,5632,2.55,2.133,0.87,0.836,confirmed
MA28SB,MA28SB.dspadpcm.bfstm,5633,5633,2.139,2.091,0.821,0.978,confirmed
MA28SC,MA28SC.dspadpcm.bfstm,5634,5634,2.021,2.411,0.815,0.838,confirmed
MA28SD,MA28SD.dspadpcm.bfstm,5635,5635,2.517,2.325,0.87,0.924,confirmed
MA28SE,MA28SE.dspadpcm.bfstm,5636,5636,2.545,2.261,0.9,0.888,confirmed
MA28SF,MA28SF.dspadpcm.bfstm,5637,5637,1.917,2.624,0.868,0.731,confirmed
MA29SA,MA29SA.dspadpcm.bfstm,5638,5638,0.956,1.024,0.834,0.934,confirmed
MA29SB,MA29SB.dspadpcm.bfstm,5639,5639,0.836,1.024,0.834,0.816,confirmed
MA29SC,MA29SC.dspadpcm.bfstm,5640,5640,0.892,1.088,0.805,0.82,confirmed
MA29SD,MA29SD.dspadpcm.bfstm,5641,5641,0.991,1.109,0.576,0.894,confirmed
MA29SE,MA29SE.dspadpcm.bfstm,5642,5642,1.052,1.109,0.823,0.949,confirmed
MA29SF,MA29SF.dspadpcm.bfstm,5643,5643,0.794,1.173,0.834,0.677,confirmed
MA30SA,MA30SA.dspadpcm.bfstm,5644,5644,0.898,0.789,0.872,0.879,confirmed
MA30SB,MA30SB.dspadpcm.bfstm,5645,5645,0.736,0.917,0.872,0.803,confirmed
MA30SC,MA30SC.dspadpcm.bfstm,5646,5646,0.778,0.853,0.798,0.912,confirmed
MA30SD,MA30SD.dspadpcm.bfstm,5647,5647,0.728,0.853,0.307,0.853,low-confidence
MA30SE,MA30SE.dspadpcm.bfstm,5648,5648,0.877,0.981,0.798,0.894,confirmed
MA30SF,MA30SF.dspadpcm.bfstm,5649,5649,0.701,0.917,0.798,0.764,confirmed
NA01CA,NA01CA.dspadpcm.bfstm,5650,5650,1.342,1.877,0.757,0.715,confirmed
NA01CB,NA01CB.dspadpcm.bfstm,5651,5651,1.275,1.813,0.81,0.703,confirmed
NA01CC,NA01CC.dspadpcm.bfstm,5652,5652,1.189,2.005,0.752,0.593,confirmed
NA01CD,NA01CD.dspadpcm.bfstm,5654,5653,1.488,1.963,0.752,0.758,confirmed
NA01SA,NA01SA.dspadpcm.bfstm,5656,5656,0.795,1.088,0.606,0.731,confirmed
NA01SB,NA01SB.dspadpcm.bfstm,5657,5657,0.795,1.024,,0.776,no-speech-nomatch
NA01SC,NA01SC.dspadpcm.bfstm,5658,5658,0.802,1.152,0.606,0.696,confirmed
NA01SD,NA01SD.dspadpcm.bfstm,5659,5659,0.804,1.173,,0.685,no-speech-nomatch
NA01SE,NA01SE.dspadpcm.bfstm,5660,5660,0.757,1.131,0.5,0.669,confirmed
NA01SF,NA01SF.dspadpcm.bfstm,5661,5661,0.772,1.259,0.606,0.613,confirmed
NA02CA,NA02CA.dspadpcm.bfstm,5663,5662,3.821,3.115,0.763,0.815,confirmed
NA02CB,NA02CB.dspadpcm.bfstm,5664,5663,2.939,2.965,0.704,0.991,confirmed
NA02CC,NA02CC.dspadpcm.bfstm,5665,5664,3.167,3.029,0.763,0.956,confirmed
NA02CD,NA02CD.dspadpcm.bfstm,5666,5665,3.206,3.371,0.783,0.951,confirmed
NA02SA,NA02SA.dspadpcm.bfstm,5667,5668,1.254,3.221,0.446,0.389,no-match
NA02SB,NA02SB.dspadpcm.bfstm,5669,5669,1.46,1.685,0.37,0.866,low-confidence
NA02SC,NA02SC.dspadpcm.bfstm,5670,5670,1.142,1.771,0.411,0.645,low-confidence
NA02SD,NA02SD.dspadpcm.bfstm,5671,5671,1.168,1.899,0.371,0.615,low-confidence
NA02SE,NA02SE.dspadpcm.bfstm,5672,5672,1.185,1.835,0.371,0.646,low-confidence
NA02SF,NA02SF.dspadpcm.bfstm,5673,5673,1.176,1.941,0.442,0.606,low-confidence
NA03CA,NA03CA.dspadpcm.bfstm,5674,5674,2.438,2.539,0.646,0.96,confirmed
NA03CB,NA03CB.dspadpcm.bfstm,5675,5675,2.075,2.133,0.646,0.973,confirmed
NA03CC,NA03CC.dspadpcm.bfstm,5676,5676,2.187,2.453,0.646,0.892,confirmed
NA03CD,NA03CD.dspadpcm.bfstm,5678,5677,2.389,2.325,0.646,0.973,confirmed
NA03SA,NA03SA.dspadpcm.bfstm,5680,5680,1.155,1.216,0.512,0.95,confirmed
NA03SB,NA03SB.dspadpcm.bfstm,5681,5681,0.857,1.216,,0.705,no-speech-nomatch
NA03SC,NA03SC.dspadpcm.bfstm,5682,5682,0.984,1.088,0.58,0.904,confirmed
NA03SD,NA03SD.dspadpcm.bfstm,5683,5683,0.805,1.323,0.588,0.608,confirmed
NA03SE,NA03SE.dspadpcm.bfstm,5684,5684,0.801,1.301,0.578,0.616,confirmed
NA03SF,NA03SF.dspadpcm.bfstm,5685,5685,0.911,1.173,0.457,0.777,confirmed
NA04CA,NA04CA.dspadpcm.bfstm,5687,5686,4.263,4.032,0.76,0.946,confirmed
NA04CB,NA04CB.dspadpcm.bfstm,5688,5687,3.461,3.819,0.76,0.906,confirmed
NA04CC,NA04CC.dspadpcm.bfstm,5689,5688,3.765,4.032,0.76,0.934,confirmed
NA04CD,NA04CD.dspadpcm.bfstm,5690,5689,4.327,4.373,0.747,0.989,confirmed
NA04SA,NA04SA.dspadpcm.bfstm,5692,5692,1.808,2.069,0.867,0.874,confirmed
NA04SB,NA04SB.dspadpcm.bfstm,5693,5693,1.75,2.027,0.782,0.863,confirmed
NA04SC,NA04SC.dspadpcm.bfstm,5694,5694,2.177,1.877,0.867,0.862,confirmed
NA04SD,NA04SD.dspadpcm.bfstm,5695,5695,1.741,2.261,0.867,0.77,confirmed
NA04SE,NA04SE.dspadpcm.bfstm,5696,5696,1.868,2.219,0.855,0.842,confirmed
NA04SF,NA04SF.dspadpcm.bfstm,5697,5697,1.799,2.048,0.867,0.878,confirmed
NA05CA,NA05CA.dspadpcm.bfstm,5699,5698,5.611,5.077,0.884,0.905,confirmed
NA05CB,NA05CB.dspadpcm.bfstm,5701,5699,5.027,5.077,0.888,0.99,confirmed
NA05CC,NA05CC.dspadpcm.bfstm,5702,5700,5.48,5.525,0.874,0.992,confirmed
NA05CD,NA05CD.dspadpcm.bfstm,5703,5701,4.8,4.928,0.902,0.974,confirmed
NA05SA,NA05SA.dspadpcm.bfstm,5704,5704,1.488,1.451,0.568,0.975,confirmed
NA05SB,NA05SB.dspadpcm.bfstm,5705,5705,1.493,1.515,0.563,0.985,confirmed
NA05SC,NA05SC.dspadpcm.bfstm,5706,5706,1.271,1.365,0.563,0.931,confirmed
NA05SD,NA05SD.dspadpcm.bfstm,5707,5707,1.273,1.579,0.568,0.806,confirmed
NA05SE,NA05SE.dspadpcm.bfstm,5708,5708,1.299,1.643,0.563,0.791,confirmed
NA05SF,NA05SF.dspadpcm.bfstm,5709,5709,1.532,1.493,0.568,0.975,confirmed
NA06SA,NA06SA.dspadpcm.bfstm,5710,5710,3.082,2.517,0.701,0.817,confirmed
NA06SB,NA06SB.dspadpcm.bfstm,5711,5711,3.1,2.667,0.728,0.86,confirmed
NA06SC,NA06SC.dspadpcm.bfstm,5712,5712,3.259,2.539,0.619,0.779,confirmed
NA06SD,NA06SD.dspadpcm.bfstm,5713,5713,2.934,2.731,0.714,0.931,confirmed
NA06SE,NA06SE.dspadpcm.bfstm,5714,5714,3.121,2.88,0.69,0.923,confirmed
NA06SF,NA06SF.dspadpcm.bfstm,5715,5715,3.128,2.752,0.696,0.88,confirmed
NA07SA,NA07SA.dspadpcm.bfstm,5716,5716,1.35,1.387,0.743,0.973,confirmed
NA07SB,NA07SB.dspadpcm.bfstm,5717,5717,1.211,1.323,0.41,0.915,low-confidence
NA07SC,NA07SC.dspadpcm.bfstm,5718,5718,0.954,1.259,0.401,0.758,low-confidence
NA07SD,NA07SD.dspadpcm.bfstm,5719,5719,1.036,1.493,0.741,0.694,confirmed
NA07SE,NA07SE.dspadpcm.bfstm,5720,5720,1.054,1.451,0.401,0.726,low-confidence
NA07SF,NA07SF.dspadpcm.bfstm,5721,5721,0.92,1.387,0.401,0.663,low-confidence
NA08SA,NA08SA.dspadpcm.bfstm,5722,5722,1.515,1.643,0.519,0.922,confirmed
NA08SB,NA08SB.dspadpcm.bfstm,5723,5723,1.712,1.515,0.482,0.885,confirmed
NA08SC,NA08SC.dspadpcm.bfstm,5724,5724,1.327,1.493,0.482,0.889,confirmed
NA08SD,NA08SD.dspadpcm.bfstm,5725,5725,1.292,1.792,0.43,0.721,low-confidence
NA08SE,NA08SE.dspadpcm.bfstm,5726,5726,1.488,1.643,0.512,0.906,confirmed
NA08SF,NA08SF.dspadpcm.bfstm,5727,5727,1.637,1.621,0.512,0.99,confirmed
NA09SA,NA09SA.dspadpcm.bfstm,5728,5728,1.071,1.195,0.432,0.896,low-confidence
NA09SB,NA09SB.dspadpcm.bfstm,5729,5729,1.155,1.344,0.416,0.859,low-confidence
NA09SC,NA09SC.dspadpcm.bfstm,5730,5730,1.197,1.237,0.432,0.968,low-confidence
NA09SD,NA09SD.dspadpcm.bfstm,5731,5731,1.165,1.301,0.416,0.895,low-confidence
NA09SE,NA09SE.dspadpcm.bfstm,5732,5732,1.246,1.472,0.432,0.846,low-confidence
NA09SF,NA09SF.dspadpcm.bfstm,5733,5733,1.476,1.344,0.432,0.911,low-confidence
OA01SA,OA01SA.dspadpcm.bfstm,5734,5734,1.367,1.429,,0.957,no-speech-durmatch
OA01SB,OA01SB.dspadpcm.bfstm,5735,5735,1.946,1.109,0.678,0.57,confirmed
OA01SC,OA01SC.dspadpcm.bfstm,5736,5736,1.749,1.131,,0.647,no-speech-nomatch
OA01SD,OA01SD.dspadpcm.bfstm,5737,5737,1.589,1.557,0.756,0.98,confirmed
OA01SDb,OA01SDb.dspadpcm.bfstm,5738,5738,0.867,0.875,0.723,0.991,confirmed
OA01SE,OA01SE.dspadpcm.bfstm,5739,5739,1.113,1.216,0.668,0.915,confirmed
OA01SF,OA01SF.dspadpcm.bfstm,5740,5740,1.134,1.216,,0.933,no-speech-durmatch
OA02SA,OA02SA.dspadpcm.bfstm,5741,5741,2.312,2.24,0.725,0.969,confirmed
OA02SB,OA02SB.dspadpcm.bfstm,5742,5742,2.552,2.603,0.468,0.98,confirmed
OA02SC,OA02SC.dspadpcm.bfstm,5743,5743,2.52,2.56,0.512,0.984,confirmed
OA02SD,OA02SD.dspadpcm.bfstm,5744,5744,2.159,2.432,0.574,0.888,confirmed
OA02SE,OA02SE.dspadpcm.bfstm,5745,5745,2.955,2.816,0.494,0.953,confirmed
OA02SF,OA02SF.dspadpcm.bfstm,5746,5746,2.865,2.773,,0.968,no-speech-durmatch
OA03SA,OA03SA.dspadpcm.bfstm,5747,5747,1.448,1.451,,0.998,no-speech-durmatch
OA03SB,OA03SB.dspadpcm.bfstm,5749,5748,1.467,1.493,,0.983,no-speech-durmatch
OA03SC,OA03SC.dspadpcm.bfstm,5750,5749,1.28,1.579,0.403,0.811,low-confidence
OA03SD,OA03SD.dspadpcm.bfstm,5751,5751,1.005,1.536,,0.654,no-speech-nomatch
OA03SE,OA03SE.dspadpcm.bfstm,5752,5752,2.432,1.621,,0.667,no-speech-nomatch
OA03SF,OA03SF.dspadpcm.bfstm,5753,5753,1.656,1.579,,0.954,no-speech-durmatch
OB01SA,OB01SA.dspadpcm.bfstm,5754,5754,2.475,2.027,,0.819,no-speech-durmatch
OB01SB,OB01SB.dspadpcm.bfstm,5755,5755,2.219,2.304,,0.963,no-speech-durmatch
OB01SC,OB01SC.dspadpcm.bfstm,5756,5756,1.762,1.707,0.599,0.969,confirmed
OB01SD,OB01SD.dspadpcm.bfstm,5757,5757,1.395,2.197,,0.635,no-speech-nomatch
OB01SE,OB01SE.dspadpcm.bfstm,5758,5758,2.488,2.496,,0.997,no-speech-durmatch
OB01SF,OB01SF.dspadpcm.bfstm,5759,5759,2.413,2.709,,0.891,no-speech-durmatch
OB02SA,OB02SA.dspadpcm.bfstm,5760,5761,3.067,2.752,0.486,0.897,confirmed
OB02SB,OB02SB.dspadpcm.bfstm,5762,5762,2.621,2.944,0.468,0.89,confirmed
OB02SC,OB02SC.dspadpcm.bfstm,5763,5763,2.469,2.987,0.979,0.827,confirmed
OB02SD,OB02SD.dspadpcm.bfstm,5765,5765,1.88,1.749,0.63,0.93,confirmed
OB02SE,OB02SE.dspadpcm.bfstm,5766,5766,2.105,2.091,1.0,0.993,confirmed
OB02SF,OB02SF.dspadpcm.bfstm,5768,5767,2.433,1.899,0.579,0.781,confirmed
OB03SA,OB03SA.dspadpcm.bfstm,5769,5768,2.138,2.283,,0.936,no-speech-durmatch
OB03SB,OB03SB.dspadpcm.bfstm,5770,5769,1.096,2.155,,0.509,no-speech-nomatch
OB03SC,OB03SC.dspadpcm.bfstm,5771,5770,1.925,2.027,,0.95,no-speech-durmatch
OB03SE,OB03SE.dspadpcm.bfstm,5772,5771,1.441,1.643,,0.877,no-speech-durmatch
OB03SF,OB03SF.dspadpcm.bfstm,5774,5772,1.329,2.197,0.536,0.605,confirmed
OC01CA,OC01CA.dspadpcm.bfstm,5775,5773,1.738,1.771,,0.981,no-speech-durmatch
OC01CB,OC01CB.dspadpcm.bfstm,5776,5774,2.033,2.219,,0.916,no-speech-durmatch
OC01CD,OC01CD.dspadpcm.bfstm,5777,5775,1.25,2.347,,0.533,no-speech-nomatch
OD01CA,OD01CA.dspadpcm.bfstm,5778,5778,2.123,1.813,0.461,0.854,confirmed
OD01CB,OD01CB.dspadpcm.bfstm,5779,5779,2.294,1.813,,0.79,no-speech-nomatch
OD01CC,OD01CC.dspadpcm.bfstm,5780,5780,2.701,2.56,,0.948,no-speech-durmatch
OD01CD,OD01CD.dspadpcm.bfstm,5781,5781,2.003,1.963,,0.98,no-speech-durmatch
OE01SA,OE01SA.dspadpcm.bfstm,5783,5783,0.355,0.491,0.411,0.723,low-confidence
OE01SC,OE01SC.dspadpcm.bfstm,5784,5784,0.505,0.555,0.614,0.91,confirmed
OE01SD,OE01SD.dspadpcm.bfstm,5785,5785,0.358,0.661,0.614,0.542,confirmed
OE01SE,OE01SE.dspadpcm.bfstm,5786,5786,0.499,0.533,0.614,0.936,confirmed
OE01SF,OE01SF.dspadpcm.bfstm,5787,5787,0.499,0.597,0.614,0.836,confirmed
OE02SA,OE02SA.dspadpcm.bfstm,5788,5788,0.619,0.725,0.262,0.854,no-match
OE02SB,OE02SB.dspadpcm.bfstm,5789,5789,0.454,0.683,0.513,0.665,confirmed
OE02SC,OE02SC.dspadpcm.bfstm,5790,5790,0.623,0.683,0.489,0.912,confirmed
OE02SD,OE02SD.dspadpcm.bfstm,5791,5791,0.55,0.661,0.533,0.832,confirmed
OE02SE,OE02SE.dspadpcm.bfstm,5792,5792,0.696,0.747,0.653,0.932,confirmed
OE02SF,OE02SF.dspadpcm.bfstm,5793,5793,0.577,0.747,0.489,0.772,confirmed
OE03SA,OE03SA.dspadpcm.bfstm,5794,5794,0.718,0.725,0.49,0.99,confirmed
OE03SB,OE03SB.dspadpcm.bfstm,5795,5795,0.593,0.939,0.531,0.632,confirmed
OE03SC,OE03SC.dspadpcm.bfstm,5796,5796,0.823,0.832,0.532,0.989,confirmed
OE03SD,OE03SD.dspadpcm.bfstm,5797,5797,0.748,0.981,0.532,0.762,confirmed
OE03SE,OE03SE.dspadpcm.bfstm,5798,5798,0.929,1.024,0.532,0.907,confirmed
OE03SF,OE03SF.dspadpcm.bfstm,5799,5799,0.856,0.917,0.572,0.933,confirmed
OE04SA,OE04SA.dspadpcm.bfstm,5800,5801,0.587,1.067,0.435,0.55,no-match
OE04SB,OE04SB.dspadpcm.bfstm,5801,5802,0.447,0.704,0.647,0.635,confirmed
OE04SC,OE04SC.dspadpcm.bfstm,5802,5803,0.635,0.725,0.647,0.876,confirmed
OE04SD,OE04SD.dspadpcm.bfstm,5803,5804,0.52,0.683,0.989,0.761,confirmed
OE04SE,OE04SE.dspadpcm.bfstm,5804,5805,0.65,0.747,0.647,0.87,confirmed
OE04SF,OE04SF.dspadpcm.bfstm,5805,5806,0.617,0.789,0.647,0.782,confirmed
OE05SA,OE05SA.dspadpcm.bfstm,5806,5807,0.369,0.725,0.597,0.509,confirmed
OE05SB,OE05SB.dspadpcm.bfstm,5807,5808,0.314,0.384,0.724,0.818,confirmed
OE05SC,OE05SC.dspadpcm.bfstm,5808,5809,0.494,0.32,,0.648,no-speech-nomatch
OE05SD,OE05SD.dspadpcm.bfstm,5809,5810,0.352,0.512,0.659,0.688,confirmed
OE05SE,OE05SE.dspadpcm.bfstm,5810,5811,0.405,0.363,0.726,0.896,confirmed
OE05SF,OE05SF.dspadpcm.bfstm,5811,5812,0.448,0.427,0.544,0.953,confirmed
OE06SA,OE06SA.dspadpcm.bfstm,5812,5813,0.534,0.469,0.593,0.878,confirmed
OE06SB,OE06SB.dspadpcm.bfstm,5813,5814,0.484,0.896,0.632,0.54,confirmed
OE06SC,OE06SC.dspadpcm.bfstm,5814,5815,0.719,0.875,0.731,0.822,confirmed
OE06SD,OE06SD.dspadpcm.bfstm,5815,5816,0.542,0.981,0.677,0.552,confirmed
OE06SE,OE06SE.dspadpcm.bfstm,5816,5817,0.752,0.981,0.735,0.767,confirmed
OE06SF,OE06SF.dspadpcm.bfstm,5817,5818,0.62,0.96,0.731,0.646,confirmed
OE07SA,OE07SA.dspadpcm.bfstm,5819,5819,1.161,1.088,0.609,0.937,confirmed
OE07SB,OE07SB.dspadpcm.bfstm,5820,5820,0.804,1.195,0.562,0.673,confirmed
OE07SC,OE07SC.dspadpcm.bfstm,5821,5821,1.03,1.109,0.59,0.929,confirmed
OE07SD,OE07SD.dspadpcm.bfstm,5822,5822,0.954,1.173,0.642,0.813,confirmed
OE07SE,OE07SE.dspadpcm.bfstm,5823,5823,1.281,1.301,0.647,0.985,confirmed
OE07SF,OE07SF.dspadpcm.bfstm,5824,5824,1.01,1.216,0.888,0.831,confirmed
OF01SA,OF01SA.dspadpcm.bfstm,5825,5825,0.511,0.491,0.614,0.961,confirmed
OF01SC,OF01SC.dspadpcm.bfstm,5826,5826,0.506,0.533,0.614,0.949,confirmed
OF01SD,OF01SD.dspadpcm.bfstm,5827,5827,0.537,0.555,0.614,0.968,confirmed
OF01SE,OF01SE.dspadpcm.bfstm,5828,5828,0.571,0.533,0.614,0.933,confirmed
OF01SF,OF01SF.dspadpcm.bfstm,5829,5829,0.49,0.576,0.614,0.851,confirmed
OF02SA,OF02SA.dspadpcm.bfstm,5830,5830,0.63,0.619,0.578,0.983,confirmed
OF02SB,OF02SB.dspadpcm.bfstm,5831,5831,0.779,0.725,0.653,0.931,confirmed
OF02SC,OF02SC.dspadpcm.bfstm,5832,5832,0.628,0.661,0.489,0.95,confirmed
OF02SD,OF02SD.dspadpcm.bfstm,5833,5833,0.635,0.64,0.489,0.992,confirmed
OF02SE,OF02SE.dspadpcm.bfstm,5834,5834,0.805,0.768,0.653,0.954,confirmed
OF02SF,OF02SF.dspadpcm.bfstm,5835,5835,0.643,0.725,0.653,0.887,confirmed
OF03SA,OF03SA.dspadpcm.bfstm,5836,5836,0.737,0.704,0.478,0.955,confirmed
OF03SB,OF03SB.dspadpcm.bfstm,5837,5837,0.726,0.917,0.647,0.792,confirmed
OF03SC,OF03SC.dspadpcm.bfstm,5838,5838,0.792,0.853,0.532,0.928,confirmed
OF03SD,OF03SD.dspadpcm.bfstm,5839,5839,0.893,0.896,0.532,0.997,confirmed
OF03SE,OF03SE.dspadpcm.bfstm,5840,5840,1.002,0.981,0.647,0.979,confirmed
OF03SF,OF03SF.dspadpcm.bfstm,5841,5841,0.934,0.917,0.532,0.982,confirmed
OF04SA,OF04SA.dspadpcm.bfstm,5843,5843,0.696,0.747,0.664,0.932,confirmed
OF04SB,OF04SB.dspadpcm.bfstm,5844,5844,0.663,0.853,,0.777,no-speech-nomatch
OF04SC,OF04SC.dspadpcm.bfstm,5845,5845,0.687,0.683,0.724,0.994,confirmed
OF04SD,OF04SD.dspadpcm.bfstm,5846,5846,0.627,0.811,,0.773,no-speech-nomatch
OF04SE,OF04SE.dspadpcm.bfstm,5847,5847,0.802,0.917,0.647,0.875,confirmed
OF04SF,OF04SF.dspadpcm.bfstm,5848,5848,0.656,0.725,0.647,0.905,confirmed
OF05SA,OF05SA.dspadpcm.bfstm,5849,5849,0.456,0.469,,0.972,no-speech-durmatch
OF05SB,OF05SB.dspadpcm.bfstm,5850,5850,0.468,0.491,,0.953,no-speech-durmatch
OF05SC,OF05SC.dspadpcm.bfstm,5851,5851,0.463,0.469,0.659,0.987,confirmed
OF05SD,OF05SD.dspadpcm.bfstm,5852,5852,0.542,0.555,0.896,0.977,confirmed
OF05SE,OF05SE.dspadpcm.bfstm,5853,5853,0.632,0.64,,0.988,no-speech-durmatch
OF05SF,OF05SF.dspadpcm.bfstm,5854,5854,0.419,0.427,0.553,0.981,confirmed
OF06SA,OF06SA.dspadpcm.bfstm,5855,5855,0.629,0.875,0.731,0.719,confirmed
OF06SB,OF06SB.dspadpcm.bfstm,5856,5856,0.989,0.875,0.753,0.885,confirmed
OF06SC,OF06SC.dspadpcm.bfstm,5857,5857,0.711,0.896,0.477,0.794,confirmed
OF06SD,OF06SD.dspadpcm.bfstm,5858,5858,0.604,0.939,0.731,0.643,confirmed
OF06SE,OF06SE.dspadpcm.bfstm,5859,5859,0.84,0.96,0.477,0.875,confirmed
OF06SF,OF06SF.dspadpcm.bfstm,5860,5860,0.664,0.96,0.477,0.692,confirmed
OF07SA,OF07SA.dspadpcm.bfstm,5861,5861,1.226,1.195,0.636,0.975,confirmed
OF07SB,OF07SB.dspadpcm.bfstm,5862,5862,1.181,1.237,0.702,0.955,confirmed
OF07SC,OF07SC.dspadpcm.bfstm,5863,5863,1.044,1.131,0.756,0.923,confirmed
OF07SD,OF07SD.dspadpcm.bfstm,5864,5864,1.034,1.28,0.605,0.808,confirmed
OF07SE,OF07SE.dspadpcm.bfstm,5865,5865,1.313,1.344,0.791,0.977,confirmed
OF07SF,OF07SF.dspadpcm.bfstm,5866,5866,1.155,1.216,0.732,0.95,confirmed
OG01SA,OG01SA.dspadpcm.bfstm,5867,5867,0.74,0.811,0.767,0.912,confirmed
OG01SB,OG01SB.dspadpcm.bfstm,5868,5868,0.691,0.896,0.767,0.771,confirmed
OG01SC,OG01SC.dspadpcm.bfstm,5869,5869,0.665,0.896,0.767,0.742,confirmed
OG01SD,OG01SD.dspadpcm.bfstm,5870,5870,0.585,0.875,0.767,0.669,confirmed
OG01SE,OG01SE.dspadpcm.bfstm,5871,5871,0.66,0.96,0.767,0.688,confirmed
OG01SF,OG01SF.dspadpcm.bfstm,5872,5872,0.593,0.96,0.767,0.618,confirmed
OG02SA,OG02SA.dspadpcm.bfstm,5873,5873,0.804,1.195,0.77,0.673,confirmed
OG02SB,OG02SB.dspadpcm.bfstm,5874,5874,0.87,1.131,0.77,0.769,confirmed
OG02SC,OG02SC.dspadpcm.bfstm,5875,5875,0.99,1.237,0.77,0.8,confirmed
OG02SD,OG02SD.dspadpcm.bfstm,5876,5876,0.826,1.301,0.736,0.635,confirmed
OG02SE,OG02SE.dspadpcm.bfstm,5877,5877,0.915,1.237,0.671,0.74,confirmed
OG02SF,OG02SF.dspadpcm.bfstm,5878,5878,0.971,1.344,0.671,0.722,confirmed
OG03SA,OG03SA.dspadpcm.bfstm,5879,5879,0.82,0.704,0.774,0.859,confirmed
OG03SB,OG03SB.dspadpcm.bfstm,5880,5880,0.723,0.683,0.886,0.945,confirmed
OG03SC,OG03SC.dspadpcm.bfstm,5881,5881,0.724,0.747,0.774,0.969,confirmed
OG03SD,OG03SD.dspadpcm.bfstm,5882,5882,0.774,0.768,0.774,0.992,confirmed
OG03SE,OG03SE.dspadpcm.bfstm,5883,5883,0.745,0.747,0.886,0.997,confirmed
OG03SF,OG03SF.dspadpcm.bfstm,5884,5884,0.768,0.811,0.886,0.947,confirmed
OG04SA,OG04SA.dspadpcm.bfstm,5885,5885,1.3,1.451,0.815,0.896,confirmed
OG04SB,OG04SB.dspadpcm.bfstm,5886,5886,1.309,1.28,0.815,0.978,confirmed
OG04SC,OG04SC.dspadpcm.bfstm,5887,5887,1.281,1.557,0.872,0.823,confirmed
OG04SD,OG04SD.dspadpcm.bfstm,5888,5888,1.301,1.579,0.815,0.824,confirmed
OG04SE,OG04SE.dspadpcm.bfstm,5889,5889,1.19,1.387,0.806,0.858,confirmed
OG04SF,OG04SF.dspadpcm.bfstm,5890,5890,1.454,1.707,0.815,0.852,confirmed
OG05SA,OG05SA.dspadpcm.bfstm,5891,5891,0.647,0.747,0.786,0.866,confirmed
OG05SB,OG05SB.dspadpcm.bfstm,5892,5892,0.416,0.811,0.786,0.513,confirmed
OG05SC,OG05SC.dspadpcm.bfstm,5893,5893,0.694,0.875,0.815,0.793,confirmed
OG05SD,OG05SD.dspadpcm.bfstm,5894,5894,0.837,0.811,0.815,0.969,confirmed
OG05SE,OG05SE.dspadpcm.bfstm,5895,5895,0.722,0.875,0.786,0.825,confirmed
OG05SF,OG05SF.dspadpcm.bfstm,5896,5896,0.766,0.96,0.815,0.798,confirmed
OG06SA,OG06SA.dspadpcm.bfstm,5897,5897,0.621,0.64,0.892,0.97,confirmed
OG06SB,OG06SB.dspadpcm.bfstm,5898,5898,0.586,0.533,0.884,0.91,confirmed
OG06SC,OG06SC.dspadpcm.bfstm,5899,5899,0.59,0.597,0.884,0.988,confirmed
OG06SD,OG06SD.dspadpcm.bfstm,5900,5900,0.633,0.704,0.884,0.899,confirmed
OG06SE,OG06SE.dspadpcm.bfstm,5901,5901,0.547,0.576,0.833,0.95,confirmed
OG06SF,OG06SF.dspadpcm.bfstm,5902,5902,0.634,0.64,0.892,0.991,confirmed
OG07SA,OG07SA.dspadpcm.bfstm,5903,5903,1.44,1.408,0.446,0.978,low-confidence
OG07SB,OG07SB.dspadpcm.bfstm,5906,5904,1.566,1.536,0.483,0.981,confirmed
OG07SC,OG07SC.dspadpcm.bfstm,5907,5905,1.188,1.472,0.446,0.807,low-confidence
OG07SD,OG07SD.dspadpcm.bfstm,5908,5906,1.096,1.493,0.483,0.734,confirmed
OG07SE,OG07SE.dspadpcm.bfstm,5909,5907,1.011,0.939,0.785,0.929,confirmed
OG07SF,OG07SF.dspadpcm.bfstm,5910,5908,1.417,0.939,0.904,0.663,confirmed
OG08SA,OG08SA.dspadpcm.bfstm,5911,5909,0.743,0.981,0.919,0.757,confirmed
OG08SC,OG08SC.dspadpcm.bfstm,5912,5910,0.695,1.003,0.919,0.693,confirmed
OG08SD,OG08SD.dspadpcm.bfstm,5913,5911,0.636,1.024,0.919,0.621,confirmed
OG08SF,OG08SF.dspadpcm.bfstm,5914,5912,0.659,1.067,0.919,0.618,confirmed
OG09SA,OG09SA.dspadpcm.bfstm,5915,5913,0.811,1.131,0.692,0.717,confirmed
OG09SB,OG09SB.dspadpcm.bfstm,5916,5914,0.803,0.981,0.692,0.819,confirmed
OG09SC,OG09SC.dspadpcm.bfstm,5917,5915,0.834,1.088,0.692,0.767,confirmed
OG09SD,OG09SD.dspadpcm.bfstm,5918,5916,0.749,1.216,0.692,0.616,confirmed
OG09SE,OG09SE.dspadpcm.bfstm,5919,5917,0.875,1.067,0.661,0.82,confirmed
OG09SF,OG09SF.dspadpcm.bfstm,5920,5918,1.105,1.173,0.692,0.942,confirmed
OH01SA,OH01SA.dspadpcm.bfstm,5921,5919,0.597,0.768,0.767,0.777,confirmed
OH01SB,OH01SB.dspadpcm.bfstm,5922,5920,1.397,0.747,0.688,0.535,confirmed
OH01SC,OH01SC.dspadpcm.bfstm,5923,5921,0.677,0.96,0.767,0.705,confirmed
OH01SD,OH01SD.dspadpcm.bfstm,5924,5922,0.687,0.832,0.767,0.826,confirmed
OH01SE,OH01SE.dspadpcm.bfstm,5925,5923,0.947,0.811,0.767,0.856,confirmed
OH01SF,OH01SF.dspadpcm.bfstm,5926,5924,1.19,1.024,0.767,0.861,confirmed
OH02SA,OH02SA.dspadpcm.bfstm,5927,5926,1.044,1.195,0.821,0.874,confirmed
OH02SB,OH02SB.dspadpcm.bfstm,5928,5927,1.173,1.301,0.874,0.902,confirmed
OH02SC,OH02SC.dspadpcm.bfstm,5929,5928,1.12,1.323,0.874,0.847,confirmed
OH02SD,OH02SD.dspadpcm.bfstm,5930,5929,1.073,1.301,0.874,0.825,confirmed
OH02SE,OH02SE.dspadpcm.bfstm,5931,5930,1.234,1.408,0.874,0.876,confirmed
OH02SF,OH02SF.dspadpcm.bfstm,5932,5931,1.347,1.429,0.612,0.943,confirmed
OH03SA,OH03SA.dspadpcm.bfstm,5933,5933,0.678,1.003,0.807,0.676,confirmed
OH03SB,OH03SB.dspadpcm.bfstm,5934,5934,1.104,1.003,0.902,0.909,confirmed
OH03SC,OH03SC.dspadpcm.bfstm,5935,5935,0.882,1.109,0.902,0.795,confirmed
OH03SD,OH03SD.dspadpcm.bfstm,5936,5936,0.936,1.109,0.902,0.844,confirmed
OH03SE,OH03SE.dspadpcm.bfstm,5937,5937,1.073,1.088,0.902,0.986,confirmed
OH03SF,OH03SF.dspadpcm.bfstm,5938,5938,1.105,1.195,0.834,0.925,confirmed
OH04SA,OH04SA.dspadpcm.bfstm,5939,5939,1.062,1.109,0.575,0.958,confirmed
OH04SB,OH04SB.dspadpcm.bfstm,5940,5940,1.501,0.939,0.575,0.626,confirmed
OH04SC,OH04SC.dspadpcm.bfstm,5941,5941,1.296,1.003,0.575,0.774,confirmed
OH04SD,OH04SD.dspadpcm.bfstm,5942,5942,1.276,1.195,0.575,0.937,confirmed
OH04SE,OH04SE.dspadpcm.bfstm,5943,5943,1.428,1.003,0.479,0.702,confirmed
OH04SF,OH04SF.dspadpcm.bfstm,5944,5944,1.332,1.109,0.575,0.833,confirmed
OH05SA,OH05SA.dspadpcm.bfstm,5945,5945,1.179,1.067,0.683,0.905,confirmed
OH05SB,OH05SB.dspadpcm.bfstm,5946,5946,1.371,1.152,0.788,0.84,confirmed
OH05SC,OH05SC.dspadpcm.bfstm,5947,5947,1.169,1.195,0.788,0.978,confirmed
OH05SD,OH05SD.dspadpcm.bfstm,5948,5948,1.237,1.173,0.683,0.948,confirmed
OH05SE,OH05SE.dspadpcm.bfstm,5949,5949,1.29,1.237,0.788,0.959,confirmed
OH05SF,OH05SF.dspadpcm.bfstm,5950,5950,1.237,1.301,0.698,0.951,confirmed
OH06SA,OH06SA.dspadpcm.bfstm,5951,5951,0.587,0.747,0.968,0.786,confirmed
OH06SB,OH06SB.dspadpcm.bfstm,5952,5952,0.599,0.683,0.665,0.877,confirmed
OH06SC,OH06SC.dspadpcm.bfstm,5953,5953,0.389,0.853,,0.456,no-speech-nomatch
OH06SD,OH06SD.dspadpcm.bfstm,5954,5954,0.555,0.811,0.968,0.684,confirmed
OH06SE,OH06SE.dspadpcm.bfstm,5955,5955,0.509,0.725,0.665,0.702,confirmed
OH06SF,OH06SF.dspadpcm.bfstm,5956,5956,0.838,0.939,0.941,0.892,confirmed
OH07SA,OH07SA.dspadpcm.bfstm,5957,5958,0.82,1.024,0.817,0.801,confirmed
OH07SB,OH07SB.dspadpcm.bfstm,5958,5959,1.305,0.917,0.746,0.703,confirmed
OH07SC,OH07SC.dspadpcm.bfstm,5959,5960,0.97,1.323,0.769,0.733,confirmed
OH07SD,OH07SD.dspadpcm.bfstm,5960,5961,0.954,1.109,0.769,0.86,confirmed
OH07SE,OH07SE.dspadpcm.bfstm,5961,5962,1.079,1.003,0.778,0.93,confirmed
OH07SF,OH07SF.dspadpcm.bfstm,5962,5965,1.306,1.429,0.769,0.914,confirmed
OH08SA,OH08SA.dspadpcm.bfstm,5963,5966,0.724,0.725,0.901,0.999,confirmed
OH08SB,OH08SB.dspadpcm.bfstm,5964,5967,0.536,0.789,,0.679,no-speech-nomatch
OH08SC,OH08SC.dspadpcm.bfstm,5966,5969,0.415,0.789,0.908,0.526,confirmed
OH08SD,OH08SD.dspadpcm.bfstm,5967,5970,0.39,0.853,0.842,0.457,no-match
OH08SE,OH08SE.dspadpcm.bfstm,5969,5971,0.51,0.427,,0.837,no-speech-durmatch
OH08SF,OH08SF.dspadpcm.bfstm,5970,5972,0.467,0.427,,0.914,no-speech-durmatch
OI01CC,OI01CC.dspadpcm.bfstm,5971,5973,0.496,0.384,0.792,0.774,confirmed
OI01CD,OI01CD.dspadpcm.bfstm,5972,5974,0.411,0.469,0.774,0.876,confirmed
OI02CA,OI02CA.dspadpcm.bfstm,5974,5975,0.283,0.427,,0.663,no-speech-nomatch
OI02CB,OI02CB.dspadpcm.bfstm,5975,5976,0.344,0.405,0.938,0.849,confirmed
OI02CC,OI02CC.dspadpcm.bfstm,5976,5977,0.302,0.427,0.533,0.707,confirmed
OI02CD,OI02CD.dspadpcm.bfstm,5977,5978,0.291,0.448,,0.65,no-speech-nomatch
OI03CA,OI03CA.dspadpcm.bfstm,5978,5981,0.571,0.427,0.9,0.748,confirmed
OI03CB,OI03CB.dspadpcm.bfstm,5981,5982,0.634,0.597,0.932,0.942,confirmed
OI03CC,OI03CC.dspadpcm.bfstm,5982,5983,0.388,0.576,0.665,0.674,confirmed
OI03CD,OI03CD.dspadpcm.bfstm,5983,5984,0.419,0.533,0.665,0.786,confirmed
OI04CA,OI04CA.dspadpcm.bfstm,5984,5987,0.675,0.661,0.547,0.979,confirmed
OI04CB,OI04CB.dspadpcm.bfstm,5987,5988,0.705,0.747,0.594,0.944,confirmed
OI04CC,OI04CC.dspadpcm.bfstm,5989,5989,0.686,0.875,0.589,0.784,confirmed
OI04CD,OI04CD.dspadpcm.bfstm,5990,5990,0.792,0.811,0.589,0.977,confirmed
OI05CA,OI05CA.dspadpcm.bfstm,5993,5993,0.53,0.853,0.88,0.621,confirmed
OI05CB,OI05CB.dspadpcm.bfstm,5994,5994,0.718,0.896,0.88,0.801,confirmed
OI05CC,OI05CC.dspadpcm.bfstm,5995,5995,0.581,0.981,0.822,0.592,confirmed
OI05CD,OI05CD.dspadpcm.bfstm,5996,5996,0.627,0.917,0.822,0.684,confirmed
OJ01SA,OJ01SA.dspadpcm.bfstm,5997,5999,0.496,0.96,,0.517,no-speech-nomatch
OJ01SB,OJ01SB.dspadpcm.bfstm,5998,6000,0.599,1.067,,0.561,no-speech-nomatch
OJ01SC,OJ01SC.dspadpcm.bfstm,5999,6001,0.549,0.917,0.653,0.599,confirmed
OJ01SD,OJ01SD.dspadpcm.bfstm,6000,6002,0.616,0.896,0.637,0.688,confirmed
OJ01SE,OJ01SE.dspadpcm.bfstm,6001,6003,0.556,0.981,,0.567,no-speech-nomatch
OJ01SF,OJ01SF.dspadpcm.bfstm,6002,6004,0.596,1.003,,0.594,no-speech-nomatch
OJ02SA,OJ02SA.dspadpcm.bfstm,6003,6005,0.607,0.96,0.804,0.632,confirmed
OJ02SB,OJ02SB.dspadpcm.bfstm,6004,6006,0.607,1.067,0.804,0.569,confirmed
OJ02SC,OJ02SC.dspadpcm.bfstm,6006,6007,0.596,1.067,0.833,0.559,confirmed
OJ02SD,OJ02SD.dspadpcm.bfstm,6007,6008,0.593,1.173,0.813,0.506,confirmed
OJ02SE,OJ02SE.dspadpcm.bfstm,6008,6009,0.637,1.152,0.813,0.553,confirmed
OJ02SF,OJ02SF.dspadpcm.bfstm,6009,6011,0.795,1.152,0.833,0.69,confirmed
OJ03SA,OJ03SA.dspadpcm.bfstm,6011,6012,0.87,1.024,0.566,0.85,confirmed
OJ03SB,OJ03SB.dspadpcm.bfstm,6012,6013,0.869,0.96,0.566,0.905,confirmed
OJ03SC,OJ03SC.dspadpcm.bfstm,6013,6014,0.673,1.045,0.566,0.644,confirmed
OJ03SD,OJ03SD.dspadpcm.bfstm,6014,6015,0.783,1.109,0.566,0.706,confirmed
OJ03SE,OJ03SE.dspadpcm.bfstm,6015,6016,0.793,1.045,0.981,0.759,confirmed
OJ03SF,OJ03SF.dspadpcm.bfstm,6016,6017,0.715,1.131,0.566,0.632,confirmed
OJ04SA,OJ04SA.dspadpcm.bfstm,6017,6018,0.552,0.725,,0.761,no-speech-nomatch
OJ04SC,OJ04SC.dspadpcm.bfstm,6018,6019,0.575,0.917,,0.627,no-speech-nomatch
OJ04SD,OJ04SD.dspadpcm.bfstm,6019,6020,0.67,0.896,0.613,0.748,confirmed
OJ04SE,OJ04SE.dspadpcm.bfstm,6020,6021,0.549,0.789,,0.696,no-speech-nomatch
OJ04SF,OJ04SF.dspadpcm.bfstm,6021,6022,0.559,1.003,0.613,0.557,confirmed
OJ05SA,OJ05SA.dspadpcm.bfstm,6022,6023,0.539,0.96,,0.561,no-speech-nomatch
OJ05SB,OJ05SB.dspadpcm.bfstm,6023,6024,0.847,0.875,,0.968,no-speech-durmatch
OJ05SC,OJ05SC.dspadpcm.bfstm,6025,6025,0.6,1.131,0.774,0.531,confirmed
OJ05SD,OJ05SD.dspadpcm.bfstm,6026,6026,0.853,0.96,0.774,0.889,confirmed
OJ05SE,OJ05SE.dspadpcm.bfstm,6027,6027,0.645,1.088,,0.593,no-speech-nomatch
OJ05SF,OJ05SF.dspadpcm.bfstm,6028,6028,0.721,1.216,0.618,0.593,confirmed
OK01SA,OK01SA.dspadpcm.bfstm,6029,6029,0.521,0.576,0.925,0.905,confirmed
OK01SB,OK01SB.dspadpcm.bfstm,6030,6030,0.677,0.576,0.788,0.851,confirmed
OK01SC,OK01SC.dspadpcm.bfstm,6031,6031,0.678,0.704,0.925,0.963,confirmed
OK01SD,OK01SD.dspadpcm.bfstm,6032,6032,0.487,0.64,0.925,0.761,confirmed
OK01SE,OK01SE.dspadpcm.bfstm,6033,6033,0.494,0.619,0.925,0.798,confirmed
OK01SF,OK01SF.dspadpcm.bfstm,6034,6034,0.601,0.747,0.925,0.805,confirmed
OK02SA,OK02SA.dspadpcm.bfstm,6035,6035,0.94,0.96,0.586,0.979,confirmed
OK02SB,OK02SB.dspadpcm.bfstm,6036,6036,0.98,0.96,0.586,0.98,confirmed
OK02SC,OK02SC.dspadpcm.bfstm,6037,6037,0.874,1.109,0.586,0.788,confirmed
OK02SD,OK02SD.dspadpcm.bfstm,6038,6038,0.877,1.024,0.586,0.856,confirmed
OK02SE,OK02SE.dspadpcm.bfstm,6039,6039,0.855,1.045,0.68,0.818,confirmed
OK02SF,OK02SF.dspadpcm.bfstm,6040,6040,0.856,1.216,0.568,0.704,confirmed
OK03SA,OK03SA.dspadpcm.bfstm,6041,6041,0.615,0.832,0.652,0.739,confirmed
OK03SB,OK03SB.dspadpcm.bfstm,6042,6042,0.569,0.768,0.652,0.741,confirmed
OK03SC,OK03SC.dspadpcm.bfstm,6043,6043,0.645,0.981,0.652,0.657,confirmed
OK03SD,OK03SD.dspadpcm.bfstm,6044,6044,0.608,0.896,0.652,0.679,confirmed
OK03SE,OK03SE.dspadpcm.bfstm,6045,6045,0.587,0.832,0.652,0.706,confirmed
OK03SF,OK03SF.dspadpcm.bfstm,6046,6046,0.597,1.067,0.637,0.56,confirmed
OK04SB,OK04SB.dspadpcm.bfstm,6047,6047,0.62,0.832,0.838,0.745,confirmed
OK04SC,OK04SC.dspadpcm.bfstm,6048,6048,0.61,0.981,0.838,0.622,confirmed
OK04SD,OK04SD.dspadpcm.bfstm,6049,6049,0.513,0.875,0.838,0.586,confirmed
OK04SE,OK04SE.dspadpcm.bfstm,6050,6050,0.48,0.917,0.838,0.523,confirmed
OK04SF,OK04SF.dspadpcm.bfstm,6051,6051,0.563,1.067,0.838,0.528,confirmed
OK05SA,OK05SA.dspadpcm.bfstm,6052,6052,0.918,0.939,0.574,0.978,confirmed
OK05SB,OK05SB.dspadpcm.bfstm,6053,6053,1.076,0.939,0.717,0.873,confirmed
OK05SC,OK05SC.dspadpcm.bfstm,6054,6054,0.773,0.875,0.733,0.883,confirmed
OK05SD,OK05SD.dspadpcm.bfstm,6055,6055,0.851,0.768,0.717,0.902,confirmed
OK05SE,OK05SE.dspadpcm.bfstm,6056,6056,0.801,1.024,0.834,0.782,confirmed
OK05SF,OK05SF.dspadpcm.bfstm,6057,6057,0.928,0.939,0.733,0.988,confirmed
OL01SA,OL01SA.dspadpcm.bfstm,6058,6058,0.63,0.832,0.743,0.757,confirmed
OL01SB,OL01SB.dspadpcm.bfstm,6059,6059,1.789,0.96,,0.537,no-speech-nomatch
OL01SC,OL01SC.dspadpcm.bfstm,6060,6060,0.542,0.96,0.83,0.565,confirmed
OL01SD,OL01SD.dspadpcm.bfstm,6061,6061,0.682,1.195,0.83,0.571,confirmed
OL01SE,OL01SE.dspadpcm.bfstm,6062,6062,0.598,1.045,,0.572,no-speech-nomatch
OL01SF,OL01SF.dspadpcm.bfstm,6063,6063,0.665,1.045,0.83,0.636,confirmed
OL02SA,OL02SA.dspadpcm.bfstm,6065,6064,1.188,1.429,0.692,0.831,confirmed
OL02SB,OL02SB.dspadpcm.bfstm,6066,6065,1.6,1.365,0.687,0.853,confirmed
OL02SC,OL02SC.dspadpcm.bfstm,6067,6066,1.245,1.557,0.687,0.8,confirmed
OL02SD,OL02SD.dspadpcm.bfstm,6068,6067,1.16,1.557,0.553,0.745,confirmed
OL02SE,OL02SE.dspadpcm.bfstm,6069,6068,1.405,1.472,0.687,0.954,confirmed
OL02SF,OL02SF.dspadpcm.bfstm,6070,6069,1.258,1.685,0.647,0.747,confirmed
OL03SA,OL03SA.dspadpcm.bfstm,6071,6071,0.526,0.789,0.613,0.667,confirmed
OL03SB,OL03SB.dspadpcm.bfstm,6072,6072,0.772,0.832,0.613,0.928,confirmed
OL03SC,OL03SC.dspadpcm.bfstm,6073,6073,0.569,0.811,0.613,0.702,confirmed
OL03SD,OL03SD.dspadpcm.bfstm,6074,6074,0.552,0.853,0.613,0.647,confirmed
OL03SE,OL03SE.dspadpcm.bfstm,6075,6075,0.605,0.896,,0.675,no-speech-nomatch
OL03SF,OL03SF.dspadpcm.bfstm,6076,6076,0.536,0.875,0.613,0.613,confirmed
OL04SA,OL04SA.dspadpcm.bfstm,6077,6077,1.186,1.003,0.802,0.846,confirmed
OL04SB,OL04SB.dspadpcm.bfstm,6078,6078,1.523,0.939,0.779,0.617,confirmed
OL04SC,OL04SC.dspadpcm.bfstm,6079,6079,1.369,1.109,0.777,0.81,confirmed
OL04SD,OL04SD.dspadpcm.bfstm,6080,6080,1.244,1.088,0.802,0.875,confirmed
OL04SE,OL04SE.dspadpcm.bfstm,6081,6081,1.409,1.024,0.777,0.727,confirmed
OL04SF,OL04SF.dspadpcm.bfstm,6082,6082,1.225,1.216,0.777,0.993,confirmed
OL05SA,OL05SA.dspadpcm.bfstm,6083,6083,1.024,1.28,0.79,0.8,confirmed
OL05SB,OL05SB.dspadpcm.bfstm,6084,6084,0.996,1.237,0.46,0.805,confirmed
OL05SC,OL05SC.dspadpcm.bfstm,6085,6085,0.862,1.557,0.79,0.554,confirmed
OL05SD,OL05SD.dspadpcm.bfstm,6086,6086,0.92,1.387,0.79,0.663,confirmed
OL05SE,OL05SE.dspadpcm.bfstm,6087,6087,1.136,1.344,0.79,0.845,confirmed
OL05SF,OL05SF.dspadpcm.bfstm,6088,6088,1.085,1.685,0.79,0.644,confirmed
OM01CA,OM01CA.dspadpcm.bfstm,6089,6089,0.757,0.939,0.8,0.806,confirmed
OM01CB,OM01CB.dspadpcm.bfstm,6090,6090,0.928,0.981,0.8,0.946,confirmed
OM01CC,OM01CC.dspadpcm.bfstm,6091,6091,0.826,0.939,0.8,0.88,confirmed
OM01CD,OM01CD.dspadpcm.bfstm,6092,6092,0.862,1.024,0.8,0.842,confirmed
OM02CA,OM02CA.dspadpcm.bfstm,6096,6095,1.02,1.173,0.874,0.87,confirmed
OM02CB,OM02CB.dspadpcm.bfstm,6097,6096,1.123,1.195,0.433,0.94,low-confidence
OM02CC,OM02CC.dspadpcm.bfstm,6099,6097,0.934,1.259,0.874,0.742,confirmed
OM02CD,OM02CD.dspadpcm.bfstm,6100,6098,0.836,1.301,0.874,0.643,confirmed
OM03CA,OM03CA.dspadpcm.bfstm,6101,6101,1.017,1.109,0.801,0.917,confirmed
OM03CB,OM03CB.dspadpcm.bfstm,6102,6102,0.855,1.088,0.801,0.786,confirmed
OM03CC,OM03CC.dspadpcm.bfstm,6104,6103,0.908,1.195,0.701,0.76,confirmed
OM03CD,OM03CD.dspadpcm.bfstm,6105,6104,0.968,1.173,0.701,0.825,confirmed
OM04CA,OM04CA.dspadpcm.bfstm,6107,6107,0.594,0.725,0.662,0.819,confirmed
OM04CB,OM04CB.dspadpcm.bfstm,6109,6108,0.538,0.811,0.662,0.663,confirmed
OM04CC,OM04CC.dspadpcm.bfstm,6110,6109,0.545,0.789,0.662,0.691,confirmed
OM04CD,OM04CD.dspadpcm.bfstm,6112,6110,0.647,0.875,0.662,0.739,confirmed
OM05CA,OM05CA.dspadpcm.bfstm,6113,6113,0.991,1.067,0.924,0.929,confirmed
OM05CB,OM05CB.dspadpcm.bfstm,6115,6114,1.062,1.067,0.924,0.995,confirmed
OM05CC,OM05CC.dspadpcm.bfstm,6116,6115,0.935,1.152,0.909,0.812,confirmed
OM05CD,OM05CD.dspadpcm.bfstm,6118,6116,0.947,1.152,0.924,0.822,confirmed
OM06CA,OM06CA.dspadpcm.bfstm,6119,6119,2.907,2.688,0.749,0.925,confirmed
OM06CB,OM06CB.dspadpcm.bfstm,6122,6120,2.981,2.901,0.743,0.973,confirmed
OM06CC,OM06CC.dspadpcm.bfstm,6123,6121,2.805,2.475,0.749,0.882,confirmed
OM06CD,OM06CD.dspadpcm.bfstm,6124,6122,2.843,2.731,0.776,0.961,confirmed
OM07CA,OM07CA.dspadpcm.bfstm,6125,6125,1.307,0.939,0.804,0.718,confirmed
OM07CB,OM07CB.dspadpcm.bfstm,6128,6126,0.995,1.003,0.804,0.992,confirmed
OM07CC,OM07CC.dspadpcm.bfstm,6129,6127,1.17,1.173,0.733,0.997,confirmed
OM07CD,OM07CD.dspadpcm.bfstm,6130,6128,1.26,1.323,0.733,0.952,confirmed
OM08CA,OM08CA.dspadpcm.bfstm,6131,6131,1.394,1.6,0.835,0.871,confirmed
OM08CB,OM08CB.dspadpcm.bfstm,6132,6132,1.274,1.259,0.835,0.988,confirmed
OM08CC,OM08CC.dspadpcm.bfstm,6133,6133,1.471,1.365,0.835,0.928,confirmed
OM08CD,OM08CD.dspadpcm.bfstm,6134,6134,1.666,1.728,0.835,0.964,confirmed
OM09CA,OM09CA.dspadpcm.bfstm,6137,6137,0.478,0.619,0.941,0.772,confirmed
OM09CB,OM09CB.dspadpcm.bfstm,6138,6138,0.436,0.789,0.941,0.553,confirmed
OM09CC,OM09CC.dspadpcm.bfstm,6140,6139,0.389,0.661,0.946,0.589,confirmed
OM09CD,OM09CD.dspadpcm.bfstm,6141,6140,0.501,0.853,0.946,0.587,confirmed
OM10CA,OM10CA.dspadpcm.bfstm,6144,6144,4.536,3.989,0.823,0.879,confirmed
OM10CB,OM10CB.dspadpcm.bfstm,6145,6145,4.272,4.096,0.774,0.959,confirmed
OM10CC,OM10CC.dspadpcm.bfstm,6146,6146,4.0,3.989,0.823,0.997,confirmed
OM10CD,OM10CD.dspadpcm.bfstm,6148,6147,4.767,4.437,0.823,0.931,confirmed
ON01CA,ON01CA.dspadpcm.bfstm,6149,6150,0.814,1.429,0.858,0.57,confirmed
ON01CB,ON01CB.dspadpcm.bfstm,6150,6151,0.772,1.451,0.858,0.532,confirmed
ON01CD,ON01CD.dspadpcm.bfstm,6153,6152,0.788,1.579,0.858,0.499,no-match
ON02CA,ON02CA.dspadpcm.bfstm,6155,6155,0.822,1.045,0.808,0.787,confirmed
ON02CB,ON02CB.dspadpcm.bfstm,6156,6156,0.62,0.896,0.815,0.692,confirmed
ON02CC,ON02CC.dspadpcm.bfstm,6158,6157,0.774,1.152,0.808,0.672,confirmed
ON02CD,ON02CD.dspadpcm.bfstm,6159,6158,0.826,0.96,0.815,0.86,confirmed
ON03CA,ON03CA.dspadpcm.bfstm,6162,6161,0.704,0.661,0.877,0.939,confirmed
ON03CB,ON03CB.dspadpcm.bfstm,6163,6162,0.561,0.683,0.87,0.821,confirmed
ON03CC,ON03CC.dspadpcm.bfstm,6164,6163,0.573,0.789,0.849,0.726,confirmed
ON03CD,ON03CD.dspadpcm.bfstm,6166,6164,0.754,0.747,,0.991,no-speech-durmatch
ON04CA,ON04CA.dspadpcm.bfstm,6167,6167,0.87,1.237,0.77,0.703,confirmed
ON04CB,ON04CB.dspadpcm.bfstm,6168,6168,0.938,1.131,0.77,0.829,confirmed
ON04CC,ON04CC.dspadpcm.bfstm,6169,6169,0.994,1.237,0.77,0.804,confirmed
ON04CD,ON04CD.dspadpcm.bfstm,6171,6170,0.879,1.216,0.77,0.723,confirmed
ON05CA,ON05CA.dspadpcm.bfstm,6173,6173,1.88,2.091,0.965,0.899,confirmed
ON05CB,ON05CB.dspadpcm.bfstm,6174,6174,1.719,2.069,0.965,0.831,confirmed
ON05CC,ON05CC.dspadpcm.bfstm,6177,6175,1.867,2.24,0.965,0.833,confirmed
ON05CD,ON05CD.dspadpcm.bfstm,6178,6176,2.111,2.176,0.965,0.97,confirmed
ON06CA,ON06CA.dspadpcm.bfstm,6179,6179,0.965,0.939,0.707,0.973,confirmed
ON06CB,ON06CB.dspadpcm.bfstm,6181,6180,0.73,1.024,0.707,0.713,confirmed
ON06CC,ON06CC.dspadpcm.bfstm,6182,6181,0.766,1.003,0.707,0.764,confirmed
ON06CD,ON06CD.dspadpcm.bfstm,6185,6182,0.94,1.728,0.864,0.544,confirmed
ON07CA,ON07CA.dspadpcm.bfstm,6187,6185,2.166,1.963,0.912,0.906,confirmed
ON07CB,ON07CB.dspadpcm.bfstm,6188,6186,1.824,1.877,0.912,0.972,confirmed
ON07CC,ON07CC.dspadpcm.bfstm,6189,6187,2.046,2.133,0.89,0.959,confirmed
ON07CD,ON07CD.dspadpcm.bfstm,6190,6188,1.828,2.112,0.912,0.866,confirmed
ON08CA,ON08CA.dspadpcm.bfstm,6192,6192,2.457,2.048,0.832,0.834,confirmed
ON08CB,ON08CB.dspadpcm.bfstm,6194,6193,2.397,1.877,0.832,0.783,confirmed
ON08CC,ON08CC.dspadpcm.bfstm,6195,6194,2.253,2.219,0.835,0.985,confirmed
ON08CD,ON08CD.dspadpcm.bfstm,6196,6195,2.792,2.048,0.826,0.734,confirmed
ON09CA,ON09CA.dspadpcm.bfstm,6197,6198,2.955,2.453,0.852,0.83,confirmed
ON09CB,ON09CB.dspadpcm.bfstm,6198,6199,2.928,2.56,0.844,0.874,confirmed
ON09CC,ON09CC.dspadpcm.bfstm,6200,6200,2.657,2.667,0.844,0.996,confirmed
ON09CD,ON09CD.dspadpcm.bfstm,6201,6201,3.15,2.773,0.844,0.88,confirmed
OO01CA,OO01CA.dspadpcm.bfstm,6203,6204,2.205,2.069,0.865,0.938,confirmed
OO01CB,OO01CB.dspadpcm.bfstm,6204,6205,2.046,2.112,0.865,0.969,confirmed
OO01CC,OO01CC.dspadpcm.bfstm,6205,6206,1.779,2.091,0.847,0.851,confirmed
OO01CD,OO01CD.dspadpcm.bfstm,6206,6207,2.063,2.24,0.847,0.921,confirmed
OO02CA,OO02CA.dspadpcm.bfstm,6209,6210,2.157,2.261,0.856,0.954,confirmed
OO02CB,OO02CB.dspadpcm.bfstm,6210,6211,2.112,2.304,0.801,0.917,confirmed
OO02CC,OO02CC.dspadpcm.bfstm,6211,6212,1.952,2.112,0.88,0.924,confirmed
OO02CD,OO02CD.dspadpcm.bfstm,6213,6213,2.758,2.496,0.802,0.905,confirmed
OO03CA,OO03CA.dspadpcm.bfstm,6216,6216,2.03,1.984,0.852,0.977,confirmed
OO03CB,OO03CB.dspadpcm.bfstm,6217,6217,2.102,1.92,0.188,0.913,no-match
OO03CC,OO03CC.dspadpcm.bfstm,6218,6218,1.925,2.005,0.852,0.96,confirmed
OO03CD,OO03CD.dspadpcm.bfstm,6219,6219,2.121,2.112,0.831,0.996,confirmed
OO04CA,OO04CA.dspadpcm.bfstm,6222,6222,2.715,2.731,0.86,0.994,confirmed
OO04CB,OO04CB.dspadpcm.bfstm,6223,6223,2.457,2.411,0.525,0.981,confirmed
OO04CC,OO04CC.dspadpcm.bfstm,6224,6224,2.377,2.453,0.868,0.969,confirmed
OO04CD,OO04CD.dspadpcm.bfstm,6225,6225,2.832,2.965,0.839,0.955,confirmed
OO05CA,OO05CA.dspadpcm.bfstm,6227,6227,2.69,2.24,0.822,0.833,confirmed
OO05CB,OO05CB.dspadpcm.bfstm,6229,6228,2.311,2.219,0.826,0.96,confirmed
OO05CC,OO05CC.dspadpcm.bfstm,6231,6229,2.271,2.347,0.826,0.968,confirmed
OO05CD,OO05CD.dspadpcm.bfstm,6232,6230,2.943,2.411,0.751,0.819,confirmed
OO06CA,OO06CA.dspadpcm.bfstm,6234,6233,1.749,2.176,0.725,0.804,confirmed
OO06CB,OO06CB.dspadpcm.bfstm,6235,6234,1.795,1.387,0.426,0.773,low-confidence
OO06CC,OO06CC.dspadpcm.bfstm,6237,6235,1.45,2.368,0.882,0.612,confirmed
OO06CD,OO06CD.dspadpcm.bfstm,6238,6236,2.072,1.515,0.692,0.731,confirmed
OP01SA,OP01SA.dspadpcm.bfstm,6239,6239,0.687,0.747,0.942,0.92,confirmed
OP01SB,OP01SB.dspadpcm.bfstm,6240,6240,0.932,0.725,0.942,0.778,confirmed
OP01SC,OP01SC.dspadpcm.bfstm,6241,6241,0.984,0.683,0.942,0.694,confirmed
OP01SD,OP01SD.dspadpcm.bfstm,6242,6242,0.757,0.811,0.942,0.933,confirmed
OP01SE,OP01SE.dspadpcm.bfstm,6243,6243,1.043,0.789,0.942,0.756,confirmed
OP01SF,OP01SF.dspadpcm.bfstm,6244,6244,0.962,0.747,0.848,0.777,confirmed
OP02SA,OP02SA.dspadpcm.bfstm,6245,6245,0.97,1.237,0.616,0.784,confirmed
OP02SB,OP02SB.dspadpcm.bfstm,6246,6246,0.846,0.917,0.621,0.923,confirmed
OP02SC,OP02SC.dspadpcm.bfstm,6247,6247,0.915,1.024,0.621,0.894,confirmed
OP02SD,OP02SD.dspadpcm.bfstm,6248,6249,0.945,1.344,0.616,0.703,confirmed
OP02SE,OP02SE.dspadpcm.bfstm,6249,6250,1.188,1.003,0.621,0.844,confirmed
OP02SF,OP02SF.dspadpcm.bfstm,6250,6251,0.971,1.109,0.621,0.876,confirmed
OP03SA,OP03SA.dspadpcm.bfstm,6251,6252,0.813,1.024,0.888,0.794,confirmed
OP03SB,OP03SB.dspadpcm.bfstm,6252,6253,0.872,0.853,0.888,0.978,confirmed
OP03SC,OP03SC.dspadpcm.bfstm,6253,6254,0.852,1.003,0.888,0.849,confirmed
OP03SD,OP03SD.dspadpcm.bfstm,6254,6255,0.869,1.109,0.891,0.784,confirmed
OP03SE,OP03SE.dspadpcm.bfstm,6255,6256,1.047,0.917,0.891,0.876,confirmed
OP03SF,OP03SF.dspadpcm.bfstm,6256,6257,0.815,0.853,0.802,0.955,confirmed
OP04SA,OP04SA.dspadpcm.bfstm,6257,6258,0.974,1.237,0.49,0.787,confirmed
OP04SB,OP04SB.dspadpcm.bfstm,6258,6259,1.056,0.96,0.562,0.909,confirmed
OP04SC,OP04SC.dspadpcm.bfstm,6259,6260,1.073,1.152,0.59,0.931,confirmed
OP04SD,OP04SD.dspadpcm.bfstm,6260,6261,0.947,1.344,0.59,0.705,confirmed
OP04SE,OP04SE.dspadpcm.bfstm,6261,6262,1.291,1.045,0.562,0.809,confirmed
OP04SF,OP04SF.dspadpcm.bfstm,6262,6263,0.895,1.259,0.59,0.711,confirmed
OP05SA,OP05SA.dspadpcm.bfstm,6263,6264,1.266,1.195,0.873,0.944,confirmed
OP05SB,OP05SB.dspadpcm.bfstm,6264,6265,1.475,0.96,0.869,0.651,confirmed
OP05SC,OP05SC.dspadpcm.bfstm,6265,6266,1.449,1.216,0.781,0.839,confirmed
OP05SD,OP05SD.dspadpcm.bfstm,6266,6267,1.252,1.28,0.873,0.978,confirmed
OP05SE,OP05SE.dspadpcm.bfstm,6267,6268,1.691,1.045,0.873,0.618,confirmed
OP05SF,OP05SF.dspadpcm.bfstm,6268,6269,1.612,1.323,0.781,0.821,confirmed
OP06SA,OP06SA.dspadpcm.bfstm,6269,6270,1.231,1.536,0.774,0.801,confirmed
OP06SB,OP06SB.dspadpcm.bfstm,6270,6271,1.164,1.365,0.774,0.853,confirmed
OP06SC,OP06SC.dspadpcm.bfstm,6271,6272,1.354,1.6,0.774,0.846,confirmed
OP06SD,OP06SD.dspadpcm.bfstm,6272,6273,1.424,1.664,0.774,0.856,confirmed
OP06SE,OP06SE.dspadpcm.bfstm,6273,6274,1.74,1.493,0.774,0.858,confirmed
OP06SF,OP06SF.dspadpcm.bfstm,6274,6275,1.306,1.728,0.774,0.756,confirmed
OQ01SA,OQ01SA.dspadpcm.bfstm,6275,6276,0.613,0.896,0.706,0.684,confirmed
OQ01SB,OQ01SB.dspadpcm.bfstm,6276,6277,0.762,0.768,0.587,0.992,confirmed
OQ01SC,OQ01SC.dspadpcm.bfstm,6277,6278,0.864,1.067,0.682,0.81,confirmed
OQ01SD,OQ01SD.dspadpcm.bfstm,6278,6279,0.862,0.96,0.616,0.898,confirmed
OQ01SE,OQ01SE.dspadpcm.bfstm,6279,6280,1.253,0.832,0.701,0.664,confirmed
OQ01SF,OQ01SF.dspadpcm.bfstm,6280,6281,1.127,1.152,0.682,0.978,confirmed
OQ02SA,OQ02SA.dspadpcm.bfstm,6281,6282,0.636,0.981,0.704,0.648,confirmed
OQ02SB,OQ02SB.dspadpcm.bfstm,6282,6283,0.837,0.789,0.453,0.943,confirmed
OQ02SC,OQ02SC.dspadpcm.bfstm,6283,6284,0.924,1.109,0.688,0.833,confirmed
OQ02SD,OQ02SD.dspadpcm.bfstm,6284,6285,0.873,1.067,0.528,0.818,confirmed
OQ02SE,OQ02SE.dspadpcm.bfstm,6285,6286,1.189,0.853,0.109,0.717,no-match
OQ02SF,OQ02SF.dspadpcm.bfstm,6286,6287,1.185,1.195,0.56,0.992,confirmed
OQ03SA,OQ03SA.dspadpcm.bfstm,6287,6288,0.856,1.088,0.467,0.787,confirmed
OQ03SB,OQ03SB.dspadpcm.bfstm,6288,6289,0.799,0.811,0.589,0.985,confirmed
OQ03SC,OQ03SC.dspadpcm.bfstm,6289,6290,1.093,1.152,0.521,0.949,confirmed
OQ03SD,OQ03SD.dspadpcm.bfstm,6290,6291,1.008,1.195,0.555,0.844,confirmed
OQ03SE,OQ03SE.dspadpcm.bfstm,6291,6292,1.477,0.875,0.582,0.592,confirmed
OQ03SF,OQ03SF.dspadpcm.bfstm,6292,6293,1.282,1.237,0.432,0.965,low-confidence
OQ04SA,OQ04SA.dspadpcm.bfstm,6293,6294,0.815,0.981,0.628,0.831,confirmed
OQ04SB,OQ04SB.dspadpcm.bfstm,6294,6295,0.842,0.917,0.361,0.918,low-confidence
OQ04SC,OQ04SC.dspadpcm.bfstm,6295,6296,0.691,1.067,0.69,0.648,confirmed
OQ04SD,OQ04SD.dspadpcm.bfstm,6296,6297,0.916,1.067,0.628,0.858,confirmed
OQ04SE,OQ04SE.dspadpcm.bfstm,6297,6298,1.028,0.981,0.407,0.954,low-confidence
OQ04SF,OQ04SF.dspadpcm.bfstm,6298,6299,0.903,1.152,0.713,0.784,confirmed
OQ05SA,OQ05SA.dspadpcm.bfstm,6299,6300,0.916,1.195,0.39,0.767,low-confidence
OQ05SB,OQ05SB.dspadpcm.bfstm,6300,6301,0.845,1.024,0.604,0.825,confirmed
OQ05SC,OQ05SC.dspadpcm.bfstm,6301,6302,0.667,1.173,0.571,0.569,confirmed
OQ05SD,OQ05SD.dspadpcm.bfstm,6302,6303,0.946,1.301,0.495,0.727,confirmed
OQ05SE,OQ05SE.dspadpcm.bfstm,6303,6304,1.174,1.109,0.39,0.945,low-confidence
OQ05SF,OQ05SF.dspadpcm.bfstm,6304,6305,0.805,1.28,0.562,0.629,confirmed
OQ06SA,OQ06SA.dspadpcm.bfstm,6305,6306,1.076,1.237,0.613,0.87,confirmed
OQ06SB,OQ06SB.dspadpcm.bfstm,6306,6307,1.269,1.131,0.595,0.891,confirmed
OQ06SC,OQ06SC.dspadpcm.bfstm,6307,6308,0.903,1.195,0.564,0.756,confirmed
OQ06SD,OQ06SD.dspadpcm.bfstm,6308,6309,0.968,1.323,0.613,0.732,confirmed
OQ06SE,OQ06SE.dspadpcm.bfstm,6309,6310,1.238,1.216,0.582,0.982,confirmed
OQ06SF,OQ06SF.dspadpcm.bfstm,6310,6311,1.009,1.301,0.611,0.776,confirmed
OQ07SA,OQ07SA.dspadpcm.bfstm,6311,6312,1.085,1.28,0.81,0.848,confirmed
OQ07SB,OQ07SB.dspadpcm.bfstm,6312,6313,1.264,1.109,0.709,0.877,confirmed
OQ07SC,OQ07SC.dspadpcm.bfstm,6313,6314,0.952,1.259,0.817,0.756,confirmed
OQ07SD,OQ07SD.dspadpcm.bfstm,6314,6315,0.963,1.387,0.694,0.694,confirmed
OQ07SE,OQ07SE.dspadpcm.bfstm,6315,6316,1.235,1.216,0.361,0.985,low-confidence
OQ07SF,OQ07SF.dspadpcm.bfstm,6316,6317,1.104,1.365,0.843,0.809,confirmed
OQ08SA,OQ08SA.dspadpcm.bfstm,6317,6318,1.24,1.344,0.551,0.923,confirmed
OQ08SB,OQ08SB.dspadpcm.bfstm,6318,6319,1.212,1.259,0.551,0.963,confirmed
OQ08SC,OQ08SC.dspadpcm.bfstm,6319,6320,0.852,1.515,0.599,0.562,confirmed
OQ08SD,OQ08SD.dspadpcm.bfstm,6320,6321,1.044,1.451,0.551,0.72,confirmed
OQ08SE,OQ08SE.dspadpcm.bfstm,6321,6322,1.532,1.365,0.598,0.891,confirmed
OQ08SF,OQ08SF.dspadpcm.bfstm,6322,6323,1.126,1.643,0.609,0.685,confirmed
OQ09SA,OQ09SA.dspadpcm.bfstm,6323,6324,0.805,1.323,0.896,0.608,confirmed
OQ09SB,OQ09SB.dspadpcm.bfstm,6324,6325,0.971,1.131,0.806,0.859,confirmed
OQ09SC,OQ09SC.dspadpcm.bfstm,6325,6326,0.799,1.365,0.793,0.585,confirmed
OQ09SD,OQ09SD.dspadpcm.bfstm,6326,6327,0.878,1.429,0.896,0.614,confirmed
OQ09SE,OQ09SE.dspadpcm.bfstm,6327,6328,1.029,1.216,0.813,0.846,confirmed
OQ09SF,OQ09SF.dspadpcm.bfstm,6328,6329,0.789,1.493,0.896,0.528,confirmed
OQ10SA,OQ10SA.dspadpcm.bfstm,6329,6330,0.871,1.259,0.892,0.692,confirmed
OQ10SB,OQ10SB.dspadpcm.bfstm,6330,6331,1.068,1.045,0.8,0.978,confirmed
OQ10SC,OQ10SC.dspadpcm.bfstm,6331,6332,0.883,1.408,0.892,0.627,confirmed
OQ10SD,OQ10SD.dspadpcm.bfstm,6332,6333,0.911,1.365,0.892,0.667,confirmed
OQ10SE,OQ10SE.dspadpcm.bfstm,6333,6334,1.249,1.152,0.805,0.922,confirmed
OQ10SF,OQ10SF.dspadpcm.bfstm,6334,6335,0.8,1.515,0.892,0.528,confirmed
OQ11SA,OQ11SA.dspadpcm.bfstm,6335,6336,0.967,1.365,0.884,0.708,confirmed
OQ11SB,OQ11SB.dspadpcm.bfstm,6336,6337,1.157,1.067,0.784,0.922,confirmed
OQ11SC,OQ11SC.dspadpcm.bfstm,6337,6338,0.985,1.429,0.884,0.689,confirmed
OQ11SD,OQ11SD.dspadpcm.bfstm,6338,6339,0.977,1.472,0.884,0.664,confirmed
OQ11SE,OQ11SE.dspadpcm.bfstm,6339,6340,1.209,1.173,0.794,0.97,confirmed
OQ11SF,OQ11SF.dspadpcm.bfstm,6340,6341,0.983,1.557,0.884,0.631,confirmed
OR01CA,OR01CA.dspadpcm.bfstm,6341,6342,0.806,0.917,0.836,0.879,confirmed
OR01CB,OR01CB.dspadpcm.bfstm,6342,6343,0.913,0.939,0.836,0.972,confirmed
OR01CC,OR01CC.dspadpcm.bfstm,6343,6344,0.717,0.981,0.836,0.731,confirmed
OR01CD,OR01CD.dspadpcm.bfstm,6345,6345,0.895,1.003,0.86,0.892,confirmed
OR02CA,OR02CA.dspadpcm.bfstm,6348,6348,0.604,0.747,,0.809,no-speech-durmatch
OR02CB,OR02CB.dspadpcm.bfstm,6349,6349,0.556,0.917,0.87,0.606,confirmed
OR02CD,OR02CD.dspadpcm.bfstm,6351,6350,0.838,0.811,,0.968,no-speech-durmatch
OR03CA,OR03CA.dspadpcm.bfstm,6352,6353,1.291,1.003,,0.777,no-speech-nomatch
OR03CB,OR03CB.dspadpcm.bfstm,6353,6354,1.33,1.557,0.572,0.854,confirmed
OR03CC,OR03CC.dspadpcm.bfstm,6354,6355,1.305,1.451,0.953,0.899,confirmed
OR03CD,OR03CD.dspadpcm.bfstm,6356,6356,1.178,1.707,0.66,0.69,confirmed
OR04CA,OR04CA.dspadpcm.bfstm,6359,6359,1.038,0.981,0.651,0.945,confirmed
OR04CB,OR04CB.dspadpcm.bfstm,6361,6360,1.186,1.131,0.67,0.954,confirmed
OR04CC,OR04CC.dspadpcm.bfstm,6363,6361,0.826,0.981,0.608,0.842,confirmed
OR04CD,OR04CD.dspadpcm.bfstm,6364,6362,1.117,1.216,0.646,0.919,confirmed
OR05CA,OR05CA.dspadpcm.bfstm,6366,6365,2.08,1.536,0.789,0.738,confirmed
OR05CB,OR05CB.dspadpcm.bfstm,6367,6366,1.771,1.728,0.793,0.976,confirmed
OR05CC,OR05CC.dspadpcm.bfstm,6368,6367,1.894,2.112,0.787,0.897,confirmed
OR05CD,OR05CD.dspadpcm.bfstm,6370,6368,1.883,1.877,0.793,0.997,confirmed
OR06CA,OR06CA.dspadpcm.bfstm,6371,6371,0.742,1.003,0.666,0.74,confirmed
OR06CB,OR06CB.dspadpcm.bfstm,6372,6372,0.691,1.067,,0.648,no-speech-nomatch
OR06CC,OR06CC.dspadpcm.bfstm,6373,6373,0.591,1.067,0.666,0.554,confirmed
OR06CD,OR06CD.dspadpcm.bfstm,6374,6374,0.671,1.088,,0.617,no-speech-nomatch
OS01CA,OS01CA.dspadpcm.bfstm,6377,6377,1.008,1.259,0.761,0.801,confirmed
OS01CB,OS01CB.dspadpcm.bfstm,6378,6378,1.203,1.216,0.687,0.989,confirmed
OS01CC,OS01CC.dspadpcm.bfstm,6380,6379,0.857,1.365,0.761,0.628,confirmed
OS01CD,OS01CD.dspadpcm.bfstm,6381,6380,1.036,1.323,0.687,0.783,confirmed
OS02CA,OS02CA.dspadpcm.bfstm,6383,6383,0.829,0.917,0.917,0.904,confirmed
OS02CB,OS02CB.dspadpcm.bfstm,6384,6384,0.678,0.853,0.917,0.795,confirmed
OS02CC,OS02CC.dspadpcm.bfstm,6387,6385,0.677,0.939,0.917,0.721,confirmed
OS02CD,OS02CD.dspadpcm.bfstm,6388,6386,0.87,0.832,0.913,0.956,confirmed
OS03CA,OS03CA.dspadpcm.bfstm,6393,6389,1.243,1.045,0.562,0.841,confirmed
OS03CB,OS03CB.dspadpcm.bfstm,6394,6390,1.028,1.024,0.562,0.996,confirmed
OS03CC,OS03CC.dspadpcm.bfstm,6395,6391,0.909,0.875,0.664,0.963,confirmed
OS03CD,OS03CD.dspadpcm.bfstm,6397,6392,0.963,1.045,0.502,0.922,confirmed
OS04CA,OS04CA.dspadpcm.bfstm,6398,6395,0.535,0.939,0.635,0.57,confirmed
OS04CB,OS04CB.dspadpcm.bfstm,6399,6396,0.622,0.853,0.635,0.729,confirmed
OS04CC,OS04CC.dspadpcm.bfstm,6401,6397,0.449,1.152,0.734,0.39,no-match
OS04CD,OS04CD.dspadpcm.bfstm,6402,6398,0.614,1.429,0.734,0.43,no-match
OS05CA,OS05CA.dspadpcm.bfstm,6403,6401,1.258,1.365,0.77,0.922,confirmed
OS05CB,OS05CB.dspadpcm.bfstm,6404,6402,1.219,1.237,0.77,0.985,confirmed
OS05CC,OS05CC.dspadpcm.bfstm,6405,6403,0.954,1.557,0.77,0.613,confirmed
OS05CD,OS05CD.dspadpcm.bfstm,6406,6404,1.243,1.472,0.77,0.844,confirmed
OS06CA,OS06CA.dspadpcm.bfstm,6407,6407,2.168,2.261,0.801,0.959,confirmed
OS06CB,OS06CB.dspadpcm.bfstm,6408,6408,1.955,2.048,0.801,0.955,confirmed
OS06CC,OS06CC.dspadpcm.bfstm,6409,6409,1.915,2.411,0.751,0.794,confirmed
OS06CD,OS06CD.dspadpcm.bfstm,6410,6410,2.472,2.453,0.801,0.992,confirmed
OS07CA,OS07CA.dspadpcm.bfstm,6411,6413,1.35,2.219,0.62,0.608,confirmed
OS07CB,OS07CB.dspadpcm.bfstm,6413,6414,1.274,1.195,0.637,0.938,confirmed
OS07CC,OS07CC.dspadpcm.bfstm,6414,6415,1.119,1.088,0.637,0.972,confirmed
OS07CD,OS07CD.dspadpcm.bfstm,6415,6416,1.19,1.259,0.637,0.945,confirmed
OT01SB,OT01SB.dspadpcm.bfstm,6416,6419,0.9,1.301,0.612,0.692,confirmed
OT01SC,OT01SC.dspadpcm.bfstm,6417,6420,0.895,1.173,0.71,0.763,confirmed
OT01SD,OT01SD.dspadpcm.bfstm,6418,6421,0.805,1.365,0.612,0.59,confirmed
OT01SE,OT01SE.dspadpcm.bfstm,6420,6422,0.867,0.853,0.864,0.984,confirmed
OT01SF,OT01SF.dspadpcm.bfstm,6421,6423,0.886,0.832,0.854,0.939,confirmed
OT02SA,OT02SA.dspadpcm.bfstm,6422,6424,0.853,1.28,0.513,0.666,confirmed
OT02SB,OT02SB.dspadpcm.bfstm,6423,6425,1.095,0.917,0.686,0.837,confirmed
OT02SC,OT02SC.dspadpcm.bfstm,6424,6426,1.089,0.917,0.698,0.842,confirmed
OT02SD,OT02SD.dspadpcm.bfstm,6426,6427,0.917,1.643,0.659,0.558,confirmed
OT02SE,OT02SE.dspadpcm.bfstm,6427,6428,1.156,1.387,0.667,0.833,confirmed
OT02SF,OT02SF.dspadpcm.bfstm,6429,6430,1.061,1.771,0.656,0.599,confirmed
OT03SA,OT03SA.dspadpcm.bfstm,6430,6431,0.734,1.515,0.52,0.484,no-match
OT03SB,OT03SB.dspadpcm.bfstm,6431,6432,0.796,0.917,0.534,0.868,confirmed
OT03SC,OT03SC.dspadpcm.bfstm,6432,6433,0.824,0.875,0.518,0.942,confirmed
OT03SD,OT03SD.dspadpcm.bfstm,6433,6434,0.759,0.832,0.534,0.912,confirmed
OT03SE,OT03SE.dspadpcm.bfstm,6434,6435,0.655,1.003,0.534,0.653,confirmed
OT03SF,OT03SF.dspadpcm.bfstm,6435,6436,0.585,0.939,0.534,0.623,confirmed
OT04SA,OT04SA.dspadpcm.bfstm,6436,6437,1.066,0.896,0.717,0.841,confirmed
OT04SB,OT04SB.dspadpcm.bfstm,6437,6438,0.652,0.917,0.616,0.711,confirmed
OT04SC,OT04SC.dspadpcm.bfstm,6438,6439,0.68,1.003,0.616,0.678,confirmed
OT04SD,OT04SD.dspadpcm.bfstm,6439,6440,0.664,0.96,0.616,0.692,confirmed
OT04SE,OT04SE.dspadpcm.bfstm,6440,6441,0.8,0.981,0.616,0.815,confirmed
OT04SF,OT04SF.dspadpcm.bfstm,6441,6442,0.827,1.067,0.616,0.775,confirmed
OT05SA,OT05SA.dspadpcm.bfstm,6442,6443,2.503,1.045,0.439,0.417,no-match
OT05SB,OT05SB.dspadpcm.bfstm,6443,6444,2.355,2.304,0.445,0.978,low-confidence
OT05SC,OT05SC.dspadpcm.bfstm,6444,6445,2.075,2.261,0.694,0.918,confirmed
OT05SD,OT05SD.dspadpcm.bfstm,6445,6446,1.848,2.432,0.46,0.76,confirmed
OT05SE,OT05SE.dspadpcm.bfstm,6446,6447,2.36,2.496,0.592,0.946,confirmed
OT05SF,OT05SF.dspadpcm.bfstm,6447,6448,2.302,2.453,0.46,0.938,confirmed
OT06SA,OT06SA.dspadpcm.bfstm,6448,6449,1.547,2.624,0.66,0.59,confirmed
OT06SB,OT06SB.dspadpcm.bfstm,6449,6450,1.26,1.323,,0.952,no-speech-durmatch
OT06SC,OT06SC.dspadpcm.bfstm,6450,6451,1.165,1.195,,0.975,no-speech-durmatch
OT06SD,OT06SD.dspadpcm.bfstm,6451,6452,1.242,1.131,,0.911,no-speech-durmatch
OT06SE,OT06SE.dspadpcm.bfstm,6453,6453,1.242,1.301,,0.955,no-speech-durmatch
OT06SF,OT06SF.dspadpcm.bfstm,6454,6454,1.85,1.259,,0.681,no-speech-nomatch
OT07SA,OT07SA.dspadpcm.bfstm,6455,6455,1.973,1.984,0.536,0.994,confirmed
OT07SB,OT07SB.dspadpcm.bfstm,6456,6456,1.828,1.749,0.568,0.957,confirmed
OT07SC,OT07SC.dspadpcm.bfstm,6457,6457,1.565,1.515,0.478,0.968,confirmed
OT07SD,OT07SD.dspadpcm.bfstm,6458,6458,1.684,2.155,0.478,0.781,confirmed
OT07SE,OT07SE.dspadpcm.bfstm,6459,6459,1.768,1.899,0.576,0.931,confirmed
OT07SF,OT07SF.dspadpcm.bfstm,6460,6460,1.586,1.664,0.526,0.953,confirmed
OT08SA,OT08SA.dspadpcm.bfstm,6461,6461,0.694,1.131,0.84,0.614,confirmed
OT08SB,OT08SB.dspadpcm.bfstm,6462,6462,0.734,1.003,0.819,0.732,confirmed
OT08SC,OT08SC.dspadpcm.bfstm,6463,6463,0.705,1.003,0.819,0.703,confirmed
OT08SD,OT08SD.dspadpcm.bfstm,6464,6464,0.711,1.237,0.687,0.575,confirmed
OT08SE,OT08SE.dspadpcm.bfstm,6465,6465,0.679,1.088,0.819,0.624,confirmed
OT08SF,OT08SF.dspadpcm.bfstm,6466,6466,0.696,1.109,0.832,0.628,confirmed
OU01SA,OU01SA.dspadpcm.bfstm,6467,6467,1.677,2.432,0.499,0.69,confirmed
OU01SB,OU01SB.dspadpcm.bfstm,6468,6468,2.467,2.475,0.533,0.997,confirmed
OU01SC,OU01SC.dspadpcm.bfstm,6469,6469,2.04,2.432,0.533,0.839,confirmed
OU01SD,OU01SD.dspadpcm.bfstm,6470,6470,2.091,2.624,0.571,0.797,confirmed
OU01SE,OU01SE.dspadpcm.bfstm,6471,6471,2.488,2.688,0.533,0.926,confirmed
OU01SF,OU01SF.dspadpcm.bfstm,6472,6472,1.808,2.624,0.571,0.689,confirmed
OU02SA,OU02SA.dspadpcm.bfstm,6473,6473,1.6,1.387,0.544,0.867,confirmed
OU02SB,OU02SB.dspadpcm.bfstm,6474,6474,2.157,1.173,0.634,0.544,confirmed
OU02SC,OU02SC.dspadpcm.bfstm,6475,6475,1.852,1.387,0.544,0.749,confirmed
OU02SD,OU02SD.dspadpcm.bfstm,6476,6476,1.517,1.515,0.55,0.999,confirmed
OU02SE,OU02SE.dspadpcm.bfstm,6477,6477,1.817,1.28,0.634,0.704,confirmed
OU02SF,OU02SF.dspadpcm.bfstm,6478,6478,1.63,1.515,0.581,0.929,confirmed
OU03SA,OU03SA.dspadpcm.bfstm,6479,6479,1.54,1.813,0.707,0.849,confirmed
OU03SB,OU03SB.dspadpcm.bfstm,6480,6480,1.618,1.728,0.686,0.936,confirmed
OU03SC,OU03SC.dspadpcm.bfstm,6481,6481,1.332,1.323,0.712,0.993,confirmed
OU03SD,OU03SD.dspadpcm.bfstm,6482,6482,1.273,1.963,0.686,0.648,confirmed
OU03SE,OU03SE.dspadpcm.bfstm,6483,6483,1.535,1.877,0.686,0.818,confirmed
OU03SF,OU03SF.dspadpcm.bfstm,6484,6484,1.411,1.429,0.686,0.987,confirmed
X2_01_E,X2_01_E.dspadpcm.bfstm,6485,6485,5.025,4.779,0.758,0.951,confirmed
X2_02_E,X2_02_E.dspadpcm.bfstm,6487,6487,4.711,4.843,0.649,0.973,confirmed
X2_05_E,X2_05_E.dspadpcm.bfstm,6493,6493,3.508,4.011,0.788,0.875,confirmed
X2_08_E,X2_08_E.dspadpcm.bfstm,6499,6499,3.807,3.84,0.659,0.991,confirmed
X2_09_1_E,X2_09_1_E.dspadpcm.bfstm,6501,6501,1.456,1.6,0.805,0.91,confirmed
X2_09_E,X2_09_E.dspadpcm.bfstm,6503,6503,2.6,2.432,0.754,0.935,confirmed
X2_12_E,X2_12_E.dspadpcm.bfstm,6511,6511,3.912,4.245,0.793,0.922,confirmed
X2_14_E,X2_14_E.dspadpcm.bfstm,6515,6515,3.705,3.669,0.804,0.99,confirmed
X2_16_1_E,X2_16_1_E.dspadpcm.bfstm,6519,6519,5.595,5.888,0.631,0.95,confirmed
X2_16_2_E,X2_16_2_E.dspadpcm.bfstm,6522,6521,2.634,2.624,0.445,0.996,low-confidence
X2_16_E,X2_16_E.dspadpcm.bfstm,6523,6523,8.1,8.107,0.848,0.999,confirmed
X2_16_N,X2_16_N.dspadpcm.bfstm,6524,6524,7.769,7.787,0.849,0.998,confirmed
X2_17_1_E,X2_17_1_E.dspadpcm.bfstm,6525,6525,7.5,7.509,0.869,0.999,confirmed
X2_17_1_N,X2_17_1_N.dspadpcm.bfstm,6526,6526,6.94,6.955,0.805,0.998,confirmed
X2_17_2_E,X2_17_2_E.dspadpcm.bfstm,6527,6527,6.3,6.315,,0.998,no-speech-durmatch
X2_17_2_N,X2_17_2_N.dspadpcm.bfstm,6528,6528,5.79,5.803,0.792,0.998,confirmed
X2_17_E,X2_17_E.dspadpcm.bfstm,6530,6529,13.0,12.736,0.721,0.98,confirmed
X2_18_N,X2_18_N.dspadpcm.bfstm,6532,6532,5.076,5.44,0.702,0.933,confirmed
X3_01_E,X3_01_E.dspadpcm.bfstm,6536,6535,3.585,2.837,0.602,0.791,confirmed
X3_02_N,X3_02_N.dspadpcm.bfstm,6538,6538,4.017,3.712,0.823,0.924,confirmed
X3_03_E,X3_03_E.dspadpcm.bfstm,6540,6539,3.613,2.88,0.76,0.797,confirmed
X3_04_E,X3_04_E.dspadpcm.bfstm,6542,6541,3.2,2.88,0.814,0.9,confirmed
X3_05_1_E,X3_05_1_E.dspadpcm.bfstm,6544,6543,6.9,5.611,0.559,0.813,confirmed
X3_05_E,X3_05_E.dspadpcm.bfstm,6547,6547,11.3,11.307,0.729,0.999,confirmed
X3_05_N,X3_05_N.dspadpcm.bfstm,6548,6548,11.051,11.072,0.854,0.998,confirmed
X3_06_N,X3_06_N.dspadpcm.bfstm,6549,6550,7.902,7.019,0.863,0.888,confirmed
X3_07_E,X3_07_E.dspadpcm.bfstm,6552,6551,5.54,5.376,0.834,0.97,confirmed
X3_08_E,X3_08_E.dspadpcm.bfstm,6554,6553,10.524,10.112,0.721,0.961,confirmed
X3_09_E,X3_09_E.dspadpcm.bfstm,6555,6555,3.296,3.52,0.844,0.936,confirmed
X3_10_E,X3_10_E.dspadpcm.bfstm,6557,6557,2.851,3.392,0.773,0.841,confirmed
X3_11_E,X3_11_E.dspadpcm.bfstm,6559,6559,1.822,2.219,0.644,0.821,confirmed
X3_12_1_E,X3_12_1_E.dspadpcm.bfstm,6561,6561,2.416,2.432,0.586,0.993,confirmed
X3_12_1_N,X3_12_1_N.dspadpcm.bfstm,6562,6562,2.416,2.432,0.59,0.993,confirmed
X3_12_2_E,X3_12_2_E.dspadpcm.bfstm,6563,6563,2.355,2.368,,0.995,no-speech-durmatch
X3_12_2_N,X3_12_2_N.dspadpcm.bfstm,6564,6564,2.355,2.368,0.88,0.995,confirmed
X3_12_E,X3_12_E.dspadpcm.bfstm,6565,6565,5.328,5.419,0.654,0.983,confirmed
X3_13_E,X3_13_E.dspadpcm.bfstm,6567,6567,2.229,2.624,0.673,0.849,confirmed
X3_14_E,X3_14_E.dspadpcm.bfstm,6569,6569,2.055,2.432,0.675,0.845,confirmed
X3_16_E,X3_16_E.dspadpcm.bfstm,6573,6573,8.096,8.491,0.758,0.953,confirmed
X4_02_E,X4_02_E.dspadpcm.bfstm,6577,6577,5.446,5.099,0.671,0.936,confirmed
X4_02_N,X4_02_N.dspadpcm.bfstm,6578,6578,5.446,5.099,0.732,0.936,confirmed
X4_04_E,X4_04_E.dspadpcm.bfstm,6583,6585,6.098,3.883,0.787,0.637,confirmed
X4_04_N,X4_04_N.dspadpcm.bfstm,6586,6586,6.098,6.123,0.799,0.996,confirmed
X4_06_E,X4_06_E.dspadpcm.bfstm,6603,6589,2.465,2.304,,0.935,no-speech-durmatch
X5_01_E,X5_01_E.dspadpcm.bfstm,6606,6605,6.522,6.72,0.802,0.971,confirmed
X5_02_E,X5_02_E.dspadpcm.bfstm,6608,6607,7.747,7.765,0.835,0.998,confirmed
X5_03_E,X5_03_E.dspadpcm.bfstm,6609,6609,7.051,7.296,0.784,0.966,confirmed
X5_04_E,X5_04_E.dspadpcm.bfstm,6611,6611,9.741,10.069,0.842,0.967,confirmed
X5_05_E,X5_05_E.dspadpcm.bfstm,6613,6613,10.662,8.64,0.792,0.81,confirmed
X5_06_E,X5_06_E.dspadpcm.bfstm,6616,6615,14.113,14.101,0.77,0.999,confirmed
X5_07_E,X5_07_E.dspadpcm.bfstm,6617,6617,18.728,18.752,0.92,0.999,confirmed
X5_07_N,X5_07_N.dspadpcm.bfstm,6618,6618,18.728,18.752,0.921,0.999,confirmed
X5_08_E,X5_08_E.dspadpcm.bfstm,6619,6619,10.017,7.829,0.885,0.782,confirmed
X5_09_E,X5_09_E.dspadpcm.bfstm,6621,6621,4.053,3.733,0.636,0.921,confirmed
X5_10_E,X5_10_E.dspadpcm.bfstm,6623,6623,13.19,11.861,0.823,0.899,confirmed
X5_11_E,X5_11_E.dspadpcm.bfstm,6625,6625,1.342,1.28,0.603,0.954,confirmed
X5_12_E,X5_12_E.dspadpcm.bfstm,6627,6627,6.847,5.931,0.865,0.866,confirmed
Y2_01_E_A,Y2_01_E_A.dspadpcm.bfstm,6629,6629,1.296,1.6,0.72,0.81,confirmed
Y2_01_E_B,Y2_01_E_B.dspadpcm.bfstm,6630,6630,1.224,1.536,0.742,0.797,confirmed
Y2_01_N_A,Y2_01_N_A.dspadpcm.bfstm,6632,6635,1.296,1.749,0.455,0.741,confirmed
Y2_01_N_B,Y2_01_N_B.dspadpcm.bfstm,6633,6636,1.224,1.664,0.742,0.736,confirmed
Y2_02_E_A,Y2_02_E_A.dspadpcm.bfstm,6635,6641,1.145,1.6,,0.716,no-speech-nomatch
Y2_02_E_B,Y2_02_E_B.dspadpcm.bfstm,6637,6642,1.246,1.643,,0.758,no-speech-nomatch
Y2_02_N_A,Y2_02_N_A.dspadpcm.bfstm,6641,6647,1.145,1.557,,0.735,no-speech-nomatch
Y2_02_N_B,Y2_02_N_B.dspadpcm.bfstm,6642,6648,1.246,1.216,0.8,0.976,confirmed
Y2_03_E_A,Y2_03_E_A.dspadpcm.bfstm,6643,6653,1.26,1.728,,0.729,no-speech-nomatch
Y2_03_E_B,Y2_03_E_B.dspadpcm.bfstm,6644,6654,1.222,1.707,0.775,0.716,confirmed
Y2_03_N_A,Y2_03_N_A.dspadpcm.bfstm,6645,6659,1.26,1.323,,0.952,no-speech-durmatch
Y2_03_N_B,Y2_03_N_B.dspadpcm.bfstm,6647,6660,1.222,1.557,0.748,0.785,confirmed
Y2_04_E_A,Y2_04_E_A.dspadpcm.bfstm,6648,6665,1.178,1.323,,0.89,no-speech-durmatch
Y2_04_E_B,Y2_04_E_B.dspadpcm.bfstm,6651,6666,1.394,1.429,,0.976,no-speech-durmatch
Y2_04_N_A,Y2_04_N_A.dspadpcm.bfstm,6654,6671,1.178,1.365,0.623,0.863,confirmed
Y2_04_N_B,Y2_04_N_B.dspadpcm.bfstm,6655,6672,1.394,1.707,0.782,0.817,confirmed
Y2_05_E_A,Y2_05_E_A.dspadpcm.bfstm,6657,6678,1.345,1.472,,0.914,no-speech-durmatch
Y2_05_E_B,Y2_05_E_B.dspadpcm.bfstm,6660,6679,1.488,1.472,,0.989,no-speech-durmatch
Y2_05_N_A,Y2_05_N_A.dspadpcm.bfstm,6667,6684,1.345,1.792,0.312,0.751,low-confidence
Y2_05_N_B,Y2_05_N_B.dspadpcm.bfstm,6672,6685,1.488,1.579,0.911,0.942,confirmed
Y2_06_E_A,Y2_06_E_A.dspadpcm.bfstm,6679,6690,1.357,1.493,0.767,0.909,confirmed
Y2_06_E_B,Y2_06_E_B.dspadpcm.bfstm,6690,6691,1.342,1.536,0.796,0.874,confirmed
Y2_06_N_A,Y2_06_N_A.dspadpcm.bfstm,6695,6696,1.357,1.664,0.818,0.816,confirmed
Y2_06_N_B,Y2_06_N_B.dspadpcm.bfstm,6696,6697,1.342,1.685,0.887,0.796,confirmed
Y2_07_E_A,Y2_07_E_A.dspadpcm.bfstm,6697,6702,1.337,1.493,,0.896,no-speech-durmatch
Y2_07_E_B,Y2_07_E_B.dspadpcm.bfstm,6707,6703,1.612,1.664,0.904,0.969,confirmed
Y2_07_N_A,Y2_07_N_A.dspadpcm.bfstm,6709,6709,1.337,1.664,0.557,0.803,confirmed
Y2_07_N_B,Y2_07_N_B.dspadpcm.bfstm,6710,6710,1.612,1.813,0.937,0.889,confirmed
Y2_08_E_A,Y2_08_E_A.dspadpcm.bfstm,6715,6715,1.395,1.408,,0.991,no-speech-durmatch
Y2_08_E_B,Y2_08_E_B.dspadpcm.bfstm,6716,6716,1.532,1.557,0.637,0.984,confirmed
Y2_08_N_A,Y2_08_N_A.dspadpcm.bfstm,6719,6721,1.395,1.429,,0.976,no-speech-durmatch
Y2_08_N_B,Y2_08_N_B.dspadpcm.bfstm,6720,6722,1.532,1.813,0.839,0.845,confirmed
Y2_09_E_A,Y2_09_E_A.dspadpcm.bfstm,6722,6727,1.492,1.557,,0.958,no-speech-durmatch
Y2_09_E_B,Y2_09_E_B.dspadpcm.bfstm,6723,6728,1.869,1.984,0.795,0.942,confirmed
Y2_09_N_A,Y2_09_N_A.dspadpcm.bfstm,6733,6733,1.492,1.557,0.512,0.958,confirmed
Y2_09_N_B,Y2_09_N_B.dspadpcm.bfstm,6736,6734,1.869,1.685,0.694,0.902,confirmed
Y2_10_E_A,Y2_10_E_A.dspadpcm.bfstm,6739,6739,1.4,1.493,0.824,0.938,confirmed
Y2_10_E_B,Y2_10_E_B.dspadpcm.bfstm,6742,6740,1.529,1.621,0.862,0.943,confirmed
Y2_10_N_A,Y2_10_N_A.dspadpcm.bfstm,6744,6745,1.4,1.984,0.91,0.706,confirmed
Y2_10_N_B,Y2_10_N_B.dspadpcm.bfstm,6745,6746,1.529,1.493,0.812,0.976,confirmed
Y2_11_E_A,Y2_11_E_A.dspadpcm.bfstm,6748,6750,1.592,1.621,,0.982,no-speech-durmatch
Y2_11_E_B,Y2_11_E_B.dspadpcm.bfstm,6750,6751,1.795,1.749,0.573,0.974,confirmed
Y2_11_N_A,Y2_11_N_A.dspadpcm.bfstm,6753,6756,1.592,1.899,0.717,0.838,confirmed
Y2_11_N_B,Y2_11_N_B.dspadpcm.bfstm,6761,6757,1.795,1.963,0.66,0.914,confirmed
Y2_12_E_A,Y2_12_E_A.dspadpcm.bfstm,6762,6762,1.368,1.621,,0.844,no-speech-durmatch
Y2_12_E_B,Y2_12_E_B.dspadpcm.bfstm,6763,6763,1.653,1.664,0.67,0.993,confirmed
Y2_12_N_A,Y2_12_N_A.dspadpcm.bfstm,6765,6768,1.368,1.749,0.87,0.782,confirmed
Y2_12_N_B,Y2_12_N_B.dspadpcm.bfstm,6769,6769,1.653,1.664,0.522,0.993,confirmed
Y2_13_E_A,Y2_13_E_A.dspadpcm.bfstm,6774,6774,1.427,1.749,,0.816,no-speech-durmatch
Y2_13_E_B,Y2_13_E_B.dspadpcm.bfstm,6776,6775,1.642,2.091,0.616,0.785,confirmed
Y2_13_N_A,Y2_13_N_A.dspadpcm.bfstm,6779,6780,1.427,1.941,0.634,0.735,confirmed
Y2_13_N_B,Y2_13_N_B.dspadpcm.bfstm,6780,6781,1.642,1.899,0.627,0.865,confirmed
Y2_14_E_A,Y2_14_E_A.dspadpcm.bfstm,6781,6784,1.677,1.835,,0.914,no-speech-durmatch
Y2_14_E_B,Y2_14_E_B.dspadpcm.bfstm,6784,6785,1.903,2.005,,0.949,no-speech-durmatch
Y2_14_N_A,Y2_14_N_A.dspadpcm.bfstm,6787,6790,1.677,1.728,0.519,0.97,confirmed
Y2_14_N_B,Y2_14_N_B.dspadpcm.bfstm,6797,6791,1.903,2.091,0.667,0.91,confirmed
Y2_15_E_A,Y2_15_E_A.dspadpcm.bfstm,6799,6796,2.019,1.771,0.622,0.877,confirmed
Y2_15_E_B,Y2_15_E_B.dspadpcm.bfstm,6800,6797,1.997,2.261,0.73,0.883,confirmed
Y2_15_N_A,Y2_15_N_A.dspadpcm.bfstm,6802,6802,2.019,2.133,0.666,0.947,confirmed
Y2_15_N_B,Y2_15_N_B.dspadpcm.bfstm,6803,6803,1.997,2.091,0.764,0.955,confirmed
Y2_16_E_A,Y2_16_E_A.dspadpcm.bfstm,6812,6808,2.056,2.347,0.798,0.876,confirmed
Y2_16_E_B,Y2_16_E_B.dspadpcm.bfstm,6815,6810,1.599,2.155,0.877,0.742,confirmed
Y2_16_N_A,Y2_16_N_A.dspadpcm.bfstm,6816,6815,2.056,2.219,0.798,0.927,confirmed
Y2_16_N_B,Y2_16_N_B.dspadpcm.bfstm,6817,6816,1.599,2.347,0.802,0.681,confirmed
Y2_17_E_A,Y2_17_E_A.dspadpcm.bfstm,6819,6821,1.717,2.411,0.695,0.712,confirmed
Y2_17_E_B,Y2_17_E_B.dspadpcm.bfstm,6828,6822,1.64,1.899,0.814,0.864,confirmed
Y2_17_N_A,Y2_17_N_A.dspadpcm.bfstm,6830,6827,1.717,2.219,0.678,0.774,confirmed
Y2_17_N_B,Y2_17_N_B.dspadpcm.bfstm,6831,6828,1.64,2.069,0.835,0.793,confirmed
Y2_18_E_A,Y2_18_E_A.dspadpcm.bfstm,6838,6833,1.651,1.899,0.636,0.869,confirmed
Y2_18_E_B,Y2_18_E_B.dspadpcm.bfstm,6839,6834,1.771,1.92,0.775,0.922,confirmed
Y2_18_N_A,Y2_18_N_A.dspadpcm.bfstm,6841,6839,1.651,1.749,0.632,0.944,confirmed
Y2_18_N_B,Y2_18_N_B.dspadpcm.bfstm,6844,6840,1.771,1.899,0.654,0.933,confirmed
Y2_19_E_A,Y2_19_E_A.dspadpcm.bfstm,6845,6845,1.861,1.92,0.739,0.969,confirmed
Y2_19_E_B,Y2_19_E_B.dspadpcm.bfstm,6848,6846,1.888,2.091,0.627,0.903,confirmed
Y2_19_N_A,Y2_19_N_A.dspadpcm.bfstm,6851,6851,1.861,1.92,0.617,0.969,confirmed
Y2_19_N_B,Y2_19_N_B.dspadpcm.bfstm,6853,6852,1.888,1.877,0.667,0.994,confirmed
Y2_20_E_A,Y2_20_E_A.dspadpcm.bfstm,6869,6857,1.983,1.984,0.841,0.999,confirmed
Y2_20_E_B,Y2_20_E_B.dspadpcm.bfstm,6870,6858,1.968,2.112,0.868,0.932,confirmed
Y2_20_N_A,Y2_20_N_A.dspadpcm.bfstm,6871,6863,1.983,2.197,0.834,0.903,confirmed
Y2_20_N_B,Y2_20_N_B.dspadpcm.bfstm,6872,6864,1.968,2.155,0.937,0.913,confirmed
Y2_21_E_A,Y2_21_E_A.dspadpcm.bfstm,6873,6869,1.962,2.283,0.769,0.859,confirmed
Y2_21_E_B,Y2_21_E_B.dspadpcm.bfstm,6875,6870,1.905,1.984,0.916,0.96,confirmed
Y2_21_N_A,Y2_21_N_A.dspadpcm.bfstm,6876,6875,1.962,2.283,0.797,0.859,confirmed
Y2_21_N_B,Y2_21_N_B.dspadpcm.bfstm,6877,6876,1.905,2.197,0.916,0.867,confirmed
Y2_22_E_A,Y2_22_E_A.dspadpcm.bfstm,6878,6881,1.937,2.155,0.728,0.899,confirmed
Y2_22_E_B,Y2_22_E_B.dspadpcm.bfstm,6880,6882,2.07,2.368,0.841,0.874,confirmed
Y2_22_N_A,Y2_22_N_A.dspadpcm.bfstm,6882,6887,1.937,2.304,0.862,0.841,confirmed
Y2_22_N_B,Y2_22_N_B.dspadpcm.bfstm,6887,6888,2.07,2.176,0.883,0.951,confirmed
Y3_01_E_A,Y3_01_E_A.dspadpcm.bfstm,6894,6894,1.712,1.899,0.687,0.902,confirmed
Y3_01_E_B,Y3_01_E_B.dspadpcm.bfstm,6897,6895,1.905,2.048,,0.93,no-speech-durmatch
Y3_01_N_A,Y3_01_N_A.dspadpcm.bfstm,6899,6900,1.712,2.24,0.72,0.764,confirmed
Y3_01_N_B,Y3_01_N_B.dspadpcm.bfstm,6900,6901,1.905,2.069,0.595,0.921,confirmed
Y3_02_E_A,Y3_02_E_A.dspadpcm.bfstm,6901,6906,1.702,2.197,0.705,0.775,confirmed
Y3_02_E_B,Y3_02_E_B.dspadpcm.bfstm,6903,6907,1.863,2.24,0.744,0.832,confirmed
Y3_02_N_A,Y3_02_N_A.dspadpcm.bfstm,6919,6912,1.702,1.707,0.787,0.997,confirmed
Y3_02_N_B,Y3_02_N_B.dspadpcm.bfstm,6923,6913,1.863,2.069,0.811,0.9,confirmed
Y3_03_E_A,Y3_03_E_A.dspadpcm.bfstm,6924,6918,1.503,2.048,0.909,0.734,confirmed
Y3_03_E_B,Y3_03_E_B.dspadpcm.bfstm,6925,6919,1.541,1.707,0.956,0.903,confirmed
Y3_03_N_A,Y3_03_N_A.dspadpcm.bfstm,6926,6924,1.503,2.24,0.957,0.671,confirmed
Y3_03_N_B,Y3_03_N_B.dspadpcm.bfstm,6927,6925,1.541,2.219,0.877,0.694,confirmed
Y3_04_E_A,Y3_04_E_A.dspadpcm.bfstm,6930,6930,1.962,2.112,0.724,0.929,confirmed
Y3_04_E_B,Y3_04_E_B.dspadpcm.bfstm,6931,6931,1.716,1.877,,0.914,no-speech-durmatch
Y3_04_N_A,Y3_04_N_A.dspadpcm.bfstm,6933,6936,1.962,2.283,0.774,0.859,confirmed
Y3_04_N_B,Y3_04_N_B.dspadpcm.bfstm,6935,6937,1.716,2.197,0.759,0.781,confirmed
Y3_05_E_A,Y3_05_E_A.dspadpcm.bfstm,6936,6942,1.823,2.283,0.798,0.799,confirmed
Y3_05_E_B,Y3_05_E_B.dspadpcm.bfstm,6937,6943,1.609,1.877,0.807,0.857,confirmed
Y3_05_N_A,Y3_05_N_A.dspadpcm.bfstm,6940,6948,1.823,2.048,0.786,0.89,confirmed
Y3_05_N_B,Y3_05_N_B.dspadpcm.bfstm,6942,6949,1.609,2.005,0.821,0.802,confirmed
Y3_06_E_A,Y3_06_E_A.dspadpcm.bfstm,6943,6954,1.887,1.856,0.404,0.984,low-confidence
Y3_06_E_B,Y3_06_E_B.dspadpcm.bfstm,6946,6955,1.975,2.027,0.355,0.974,low-confidence
Y3_06_N_A,Y3_06_N_A.dspadpcm.bfstm,6949,6960,1.887,1.856,0.643,0.984,confirmed
Y3_06_N_B,Y3_06_N_B.dspadpcm.bfstm,6952,6961,1.975,2.027,0.679,0.974,confirmed
Y3_07_E_A,Y3_07_E_A.dspadpcm.bfstm,6955,6966,2.0,1.963,,0.982,no-speech-durmatch
Y3_07_E_B,Y3_07_E_B.dspadpcm.bfstm,6956,6967,1.896,2.453,0.803,0.773,confirmed
Y3_07_N_A,Y3_07_N_A.dspadpcm.bfstm,6960,6972,2.0,1.941,0.688,0.97,confirmed
Y3_07_N_B,Y3_07_N_B.dspadpcm.bfstm,6961,6973,1.896,1.963,0.695,0.966,confirmed
Y3_08_E_A,Y3_08_E_A.dspadpcm.bfstm,6967,6978,2.044,2.219,0.311,0.921,low-confidence
Y3_08_E_B,Y3_08_E_B.dspadpcm.bfstm,6978,6979,1.88,2.368,0.78,0.794,confirmed
Y3_08_N_A,Y3_08_N_A.dspadpcm.bfstm,6985,6984,2.044,2.112,0.789,0.968,confirmed
Y3_08_N_B,Y3_08_N_B.dspadpcm.bfstm,6988,6985,1.88,2.283,0.789,0.823,confirmed
Y3_09_E_A,Y3_09_E_A.dspadpcm.bfstm,6991,6990,0.869,1.557,0.72,0.558,confirmed
Y3_09_E_B,Y3_09_E_B.dspadpcm.bfstm,6992,6991,0.806,1.685,0.647,0.478,no-match
Y3_09_N_A,Y3_09_N_A.dspadpcm.bfstm,6994,6996,0.869,1.685,0.755,0.516,confirmed
Y3_10_E_A,Y3_10_E_A.dspadpcm.bfstm,7001,7001,1.26,1.408,0.582,0.895,confirmed
Y3_10_E_B,Y3_10_E_B.dspadpcm.bfstm,7002,7002,1.129,1.259,0.609,0.897,confirmed
Y3_10_N_A,Y3_10_N_A.dspadpcm.bfstm,7003,7007,1.26,1.621,0.638,0.777,confirmed
Y3_10_N_B,Y3_10_N_B.dspadpcm.bfstm,7004,7008,1.129,1.515,0.582,0.745,confirmed
Y3_11_E_A,Y3_11_E_A.dspadpcm.bfstm,7013,7013,2.507,2.283,0.867,0.911,confirmed
Y3_11_E_B,Y3_11_E_B.dspadpcm.bfstm,7015,7014,2.111,2.219,0.469,0.951,confirmed
Y3_11_N_A,Y3_11_N_A.dspadpcm.bfstm,7016,7019,2.507,2.475,0.859,0.987,confirmed
Y3_11_N_B,Y3_11_N_B.dspadpcm.bfstm,7017,7021,2.111,2.261,0.774,0.934,confirmed
Y3_12_E_A,Y3_12_E_A.dspadpcm.bfstm,7028,7027,2.128,1.749,0.815,0.822,confirmed
Y3_12_E_B,Y3_12_E_B.dspadpcm.bfstm,7034,7028,1.837,1.749,0.867,0.952,confirmed
Y3_12_N_A,Y3_12_N_A.dspadpcm.bfstm,7035,7033,2.128,1.771,0.772,0.832,confirmed
Y3_12_N_B,Y3_12_N_B.dspadpcm.bfstm,7036,7034,1.837,1.877,0.867,0.979,confirmed
Y3_13_E_A,Y3_13_E_A.dspadpcm.bfstm,7038,7039,1.872,1.899,0.558,0.986,confirmed
Y3_13_E_B,Y3_13_E_B.dspadpcm.bfstm,7040,7040,1.801,2.069,0.607,0.87,confirmed
Y3_13_N_A,Y3_13_N_A.dspadpcm.bfstm,7043,7045,1.872,1.899,0.499,0.986,confirmed
Y3_13_N_B,Y3_13_N_B.dspadpcm.bfstm,7047,7046,1.801,2.24,0.536,0.804,confirmed
Y3_14_E_A,Y3_14_E_A.dspadpcm.bfstm,7055,7051,2.552,2.667,0.559,0.957,confirmed
Y3_14_E_B,Y3_14_E_B.dspadpcm.bfstm,7057,7052,2.51,2.432,0.615,0.969,confirmed
Y3_14_N_A,Y3_14_N_A.dspadpcm.bfstm,7059,7057,2.552,2.539,0.616,0.995,confirmed
Y3_14_N_B,Y3_14_N_B.dspadpcm.bfstm,7060,7059,2.51,2.645,0.651,0.949,confirmed
Y4_01_E_A,Y4_01_E_A.dspadpcm.bfstm,7061,7064,1.302,1.216,0.794,0.934,confirmed
Y4_01_E_B,Y4_01_E_B.dspadpcm.bfstm,7065,7065,1.237,1.216,0.843,0.983,confirmed
Y4_01_E_C,Y4_01_E_C.dspadpcm.bfstm,7066,7066,1.079,1.067,0.843,0.989,confirmed
Y4_01_N_A,Y4_01_N_A.dspadpcm.bfstm,7070,7070,1.302,1.323,0.722,0.984,confirmed
Y4_01_N_B,Y4_01_N_B.dspadpcm.bfstm,7071,7071,1.237,1.323,0.843,0.935,confirmed
Y4_01_N_C,Y4_01_N_C.dspadpcm.bfstm,7072,7072,1.079,1.067,0.843,0.989,confirmed
Y4_02_E_A,Y4_02_E_A.dspadpcm.bfstm,7078,7076,2.794,2.261,0.915,0.809,confirmed
Y4_02_E_B,Y4_02_E_B.dspadpcm.bfstm,7079,7077,2.56,2.56,0.938,1.0,confirmed
Y4_02_E_C,Y4_02_E_C.dspadpcm.bfstm,7080,7078,2.299,2.197,0.959,0.956,confirmed
Y4_02_N_A,Y4_02_N_A.dspadpcm.bfstm,7082,7082,2.794,2.773,0.914,0.992,confirmed
Y4_02_N_B,Y4_02_N_B.dspadpcm.bfstm,7083,7083,2.56,2.389,0.943,0.933,confirmed
Y4_02_N_C,Y4_02_N_C.dspadpcm.bfstm,7084,7084,2.299,2.261,0.941,0.983,confirmed
Y4_03_E_A,Y4_03_E_A.dspadpcm.bfstm,7088,7088,3.65,3.712,0.889,0.983,confirmed
Y4_03_E_B,Y4_03_E_B.dspadpcm.bfstm,7092,7089,3.226,3.371,0.9,0.957,confirmed
Y4_03_E_C,Y4_03_E_C.dspadpcm.bfstm,7093,7090,2.873,2.603,0.905,0.906,confirmed
Y4_03_N_A,Y4_03_N_A.dspadpcm.bfstm,7094,7094,3.65,3.712,0.894,0.983,confirmed
Y4_03_N_B,Y4_03_N_B.dspadpcm.bfstm,7095,7095,3.226,3.648,0.883,0.884,confirmed
Y4_03_N_C,Y4_03_N_C.dspadpcm.bfstm,7096,7096,2.873,2.837,0.919,0.987,confirmed
Y4_04_E_A,Y4_04_E_A.dspadpcm.bfstm,7098,7100,2.165,1.877,0.356,0.867,low-confidence
Y4_04_E_B,Y4_04_E_B.dspadpcm.bfstm,7100,7101,2.166,2.24,0.65,0.967,confirmed
Y4_04_E_C,Y4_04_E_C.dspadpcm.bfstm,7101,7102,1.856,2.027,0.554,0.916,confirmed
Y4_04_N_A,Y4_04_N_A.dspadpcm.bfstm,7102,7106,2.165,2.091,0.717,0.966,confirmed
Y4_04_N_B,Y4_04_N_B.dspadpcm.bfstm,7103,7107,2.166,2.069,0.794,0.955,confirmed
Y4_04_N_C,Y4_04_N_C.dspadpcm.bfstm,7105,7108,1.856,1.941,0.775,0.956,confirmed
Y4_05_E_A,Y4_05_E_A.dspadpcm.bfstm,7112,7112,1.738,1.749,0.85,0.994,confirmed
Y4_05_E_B,Y4_05_E_B.dspadpcm.bfstm,7113,7113,1.971,1.451,0.874,0.736,confirmed
Y4_05_E_C,Y4_05_E_C.dspadpcm.bfstm,7115,7114,1.613,1.6,0.826,0.992,confirmed
Y4_05_N_A,Y4_05_N_A.dspadpcm.bfstm,7116,7118,1.738,1.451,0.845,0.835,confirmed
Y4_05_N_B,Y4_05_N_B.dspadpcm.bfstm,7118,7119,1.971,1.749,0.874,0.887,confirmed
Y4_05_N_C,Y4_05_N_C.dspadpcm.bfstm,7119,7120,1.613,1.557,0.826,0.965,confirmed
Y4_06_E_A,Y4_06_E_A.dspadpcm.bfstm,7120,7124,1.676,1.323,0.478,0.789,confirmed
Y4_06_E_B,Y4_06_E_B.dspadpcm.bfstm,7125,7125,1.992,1.835,0.884,0.921,confirmed
Y4_06_E_C,Y4_06_E_C.dspadpcm.bfstm,7127,7126,1.528,1.536,0.503,0.995,confirmed
Y4_06_N_A,Y4_06_N_A.dspadpcm.bfstm,7130,7130,1.676,1.685,0.859,0.995,confirmed
Y4_06_N_B,Y4_06_N_B.dspadpcm.bfstm,7131,7131,1.992,1.984,0.854,0.996,confirmed
Y4_06_N_C,Y4_06_N_C.dspadpcm.bfstm,7132,7132,1.528,1.451,0.89,0.95,confirmed
Y4_07_E_A,Y4_07_E_A.dspadpcm.bfstm,7134,7136,1.924,1.408,0.794,0.732,confirmed
Y4_07_E_B,Y4_07_E_B.dspadpcm.bfstm,7135,7137,2.21,1.557,0.885,0.705,confirmed
Y4_07_E_C,Y4_07_E_C.dspadpcm.bfstm,7138,7138,1.645,1.685,0.463,0.976,confirmed
Y4_07_N_A,Y4_07_N_A.dspadpcm.bfstm,7139,7142,1.924,1.621,0.902,0.843,confirmed
Y4_07_N_B,Y4_07_N_B.dspadpcm.bfstm,7142,7143,2.21,1.749,0.912,0.791,confirmed
Y4_07_N_C,Y4_07_N_C.dspadpcm.bfstm,7143,7144,1.645,1.664,0.912,0.989,confirmed
Y4_08_E_A,Y4_08_E_A.dspadpcm.bfstm,7149,7148,2.023,1.813,0.784,0.896,confirmed
Y4_08_E_B,Y4_08_E_B.dspadpcm.bfstm,7150,7149,2.14,1.771,0.828,0.828,confirmed
Y4_08_E_C,Y4_08_E_C.dspadpcm.bfstm,7152,7150,1.914,1.813,0.568,0.947,confirmed
Y4_08_N_A,Y4_08_N_A.dspadpcm.bfstm,7154,7154,2.023,1.899,0.808,0.939,confirmed
Y4_08_N_B,Y4_08_N_B.dspadpcm.bfstm,7155,7155,2.14,1.984,0.815,0.927,confirmed
Y4_08_N_C,Y4_08_N_C.dspadpcm.bfstm,7156,7156,1.914,1.771,0.815,0.925,confirmed
Y4_09_E_A,Y4_09_E_A.dspadpcm.bfstm,7163,7160,1.287,1.237,0.717,0.961,confirmed
Y4_09_E_B,Y4_09_E_B.dspadpcm.bfstm,7164,7161,1.362,1.173,0.703,0.861,confirmed
Y4_09_E_C,Y4_09_E_C.dspadpcm.bfstm,7165,7162,1.669,1.195,0.717,0.716,confirmed
Y4_09_N_A,Y4_09_N_A.dspadpcm.bfstm,7166,7166,1.287,1.344,0.717,0.958,confirmed
Y4_09_N_B,Y4_09_N_B.dspadpcm.bfstm,7167,7167,1.362,1.259,0.717,0.924,confirmed
Y4_09_N_C,Y4_09_N_C.dspadpcm.bfstm,7168,7168,1.669,1.301,0.692,0.78,confirmed
Y4_10_E_A,Y4_10_E_A.dspadpcm.bfstm,7175,7170,1.007,1.109,0.687,0.908,confirmed
Y4_10_E_B,Y4_10_E_B.dspadpcm.bfstm,7176,7171,1.258,1.131,0.687,0.899,confirmed
Y4_10_E_C,Y4_10_E_C.dspadpcm.bfstm,7177,7172,1.178,1.387,0.687,0.849,confirmed
Y4_10_N_A,Y4_10_N_A.dspadpcm.bfstm,7178,7176,1.007,1.195,0.674,0.843,confirmed
Y4_10_N_B,Y4_10_N_B.dspadpcm.bfstm,7179,7177,1.258,1.237,0.674,0.983,confirmed
Y4_10_N_C,Y4_10_N_C.dspadpcm.bfstm,7180,7178,1.178,1.515,0.674,0.778,confirmed
Y4_11_E_A,Y4_11_E_A.dspadpcm.bfstm,7183,7182,0.828,0.939,0.83,0.882,confirmed
Y4_11_E_B,Y4_11_E_B.dspadpcm.bfstm,7186,7183,0.788,1.024,0.83,0.77,confirmed
Y4_11_E_C,Y4_11_E_C.dspadpcm.bfstm,7188,7184,0.819,0.96,,0.853,no-speech-durmatch
Y4_11_N_A,Y4_11_N_A.dspadpcm.bfstm,7189,7188,0.828,0.939,0.731,0.882,confirmed
Y4_11_N_B,Y4_11_N_B.dspadpcm.bfstm,7191,7189,0.788,1.045,0.721,0.754,confirmed
Y4_11_N_C,Y4_11_N_C.dspadpcm.bfstm,7192,7190,0.819,1.024,0.83,0.8,confirmed
Y4_12_E_A,Y4_12_E_A.dspadpcm.bfstm,7197,7194,1.98,2.048,0.713,0.967,confirmed
Y4_12_E_B,Y4_12_E_B.dspadpcm.bfstm,7198,7195,2.288,2.325,0.691,0.984,confirmed
Y4_12_E_C,Y4_12_E_C.dspadpcm.bfstm,7199,7196,2.571,2.24,0.681,0.871,confirmed
Y4_12_N_A,Y4_12_N_A.dspadpcm.bfstm,7200,7200,1.98,2.069,0.713,0.957,confirmed
Y4_12_N_B,Y4_12_N_B.dspadpcm.bfstm,7201,7201,2.288,2.155,0.713,0.942,confirmed
Y4_12_N_C,Y4_12_N_C.dspadpcm.bfstm,7202,7202,2.571,2.432,0.713,0.946,confirmed
Y4_13_E_A,Y4_13_E_A.dspadpcm.bfstm,7203,7206,1.899,2.24,0.614,0.848,confirmed
Y4_13_E_B,Y4_13_E_B.dspadpcm.bfstm,7204,7207,2.317,2.325,0.614,0.997,confirmed
Y4_13_E_C,Y4_13_E_C.dspadpcm.bfstm,7211,7208,1.849,1.771,0.633,0.958,confirmed
Y4_13_N_A,Y4_13_N_A.dspadpcm.bfstm,7214,7212,1.899,1.92,0.633,0.989,confirmed
Y4_13_N_B,Y4_13_N_B.dspadpcm.bfstm,7215,7213,2.317,1.813,0.633,0.782,confirmed
Y4_13_N_C,Y4_13_N_C.dspadpcm.bfstm,7216,7214,1.849,1.877,0.633,0.985,confirmed
Y4_14_E_A,Y4_14_E_A.dspadpcm.bfstm,7219,7217,0.953,0.917,0.83,0.962,confirmed
Y4_14_E_B,Y4_14_E_B.dspadpcm.bfstm,7222,7218,0.965,0.981,0.83,0.984,confirmed
Y4_14_E_C,Y4_14_E_C.dspadpcm.bfstm,7223,7219,0.95,1.003,0.83,0.947,confirmed
Y4_14_N_A,Y4_14_N_A.dspadpcm.bfstm,7225,7223,0.953,0.917,0.83,0.962,confirmed
Y4_14_N_B,Y4_14_N_B.dspadpcm.bfstm,7227,7224,0.965,0.981,0.83,0.984,confirmed
Y4_14_N_C,Y4_14_N_C.dspadpcm.bfstm,7228,7225,0.95,0.981,0.83,0.968,confirmed
Y4_15_E_A,Y4_15_E_A.dspadpcm.bfstm,7233,7229,1.874,1.941,0.639,0.965,confirmed
Y4_15_E_B,Y4_15_E_B.dspadpcm.bfstm,7234,7230,1.813,2.197,0.684,0.825,confirmed
Y4_15_E_C,Y4_15_E_C.dspadpcm.bfstm,7235,7231,1.956,2.005,0.517,0.976,confirmed
Y4_15_N_A,Y4_15_N_A.dspadpcm.bfstm,7236,7235,1.874,1.963,0.627,0.955,confirmed
Y4_15_N_B,Y4_15_N_B.dspadpcm.bfstm,7237,7236,1.813,2.027,0.678,0.894,confirmed
Y4_15_N_C,Y4_15_N_C.dspadpcm.bfstm,7239,7237,1.956,2.112,0.678,0.926,confirmed
Y4_16_E_A,Y4_16_E_A.dspadpcm.bfstm,7241,7241,1.029,1.685,0.719,0.611,confirmed
Y4_16_E_B,Y4_16_E_B.dspadpcm.bfstm,7247,7242,1.212,1.685,0.725,0.719,confirmed
Y4_16_E_C,Y4_16_E_C.dspadpcm.bfstm,7248,7243,1.177,1.557,0.663,0.756,confirmed
Y4_16_N_A,Y4_16_N_A.dspadpcm.bfstm,7249,7247,1.029,1.707,0.725,0.603,confirmed
Y4_16_N_B,Y4_16_N_B.dspadpcm.bfstm,7250,7248,1.212,1.813,0.725,0.669,confirmed
Y4_16_N_C,Y4_16_N_C.dspadpcm.bfstm,7251,7249,1.177,1.685,0.725,0.699,confirmed
Y4_17_E_A,Y4_17_E_A.dspadpcm.bfstm,7254,7253,0.958,0.917,0.806,0.957,confirmed
Y4_17_E_B,Y4_17_E_B.dspadpcm.bfstm,7256,7254,0.874,1.024,,0.854,no-speech-durmatch
Y4_17_E_C,Y4_17_E_C.dspadpcm.bfstm,7257,7255,0.842,0.917,,0.918,no-speech-durmatch
Y4_17_N_A,Y4_17_N_A.dspadpcm.bfstm,7259,7259,0.958,0.939,0.764,0.98,confirmed
Y4_17_N_B,Y4_17_N_B.dspadpcm.bfstm,7260,7260,0.874,0.917,0.806,0.953,confirmed
Y4_17_N_C,Y4_17_N_C.dspadpcm.bfstm,7261,7261,0.842,1.152,0.806,0.731,confirmed
Y4_18_E_A,Y4_18_E_A.dspadpcm.bfstm,7262,7265,0.889,1.024,0.543,0.868,confirmed
Y4_18_E_B,Y4_18_E_B.dspadpcm.bfstm,7263,7266,1.097,0.981,0.836,0.894,confirmed
Y4_18_E_C,Y4_18_E_C.dspadpcm.bfstm,7264,7267,1.009,1.237,0.56,0.816,confirmed
Y4_18_N_A,Y4_18_N_A.dspadpcm.bfstm,7269,7271,0.889,1.131,0.711,0.786,confirmed
Y4_18_N_B,Y4_18_N_B.dspadpcm.bfstm,7271,7272,1.097,1.152,0.75,0.952,confirmed
Y4_18_N_C,Y4_18_N_C.dspadpcm.bfstm,7272,7273,1.009,1.131,0.711,0.892,confirmed
Y4_19_E_A,Y4_19_E_A.dspadpcm.bfstm,7273,7277,0.903,1.131,,0.798,no-speech-nomatch
Y4_19_E_B,Y4_19_E_B.dspadpcm.bfstm,7279,7278,1.172,1.387,0.9,0.845,confirmed
Y4_19_E_C,Y4_19_E_C.dspadpcm.bfstm,7283,7279,1.159,1.365,0.67,0.849,confirmed
Y4_19_N_A,Y4_19_N_A.dspadpcm.bfstm,7284,7283,0.903,1.323,0.808,0.683,confirmed
Y4_19_N_B,Y4_19_N_B.dspadpcm.bfstm,7285,7284,1.172,1.387,0.808,0.845,confirmed
Y4_19_N_C,Y4_19_N_C.dspadpcm.bfstm,7286,7285,1.159,1.472,0.86,0.787,confirmed
Y5_01_E_A,Y5_01_E_A.dspadpcm.bfstm,7289,7289,2.25,2.133,0.724,0.948,confirmed
Y5_01_E_B,Y5_01_E_B.dspadpcm.bfstm,7292,7290,2.217,2.325,0.68,0.954,confirmed
Y5_01_E_C,Y5_01_E_C.dspadpcm.bfstm,7295,7291,2.135,2.133,0.742,0.999,confirmed
Y5_01_N_A,Y5_01_N_A.dspadpcm.bfstm,7298,7295,2.25,2.325,0.741,0.968,confirmed
Y5_01_N_B,Y5_01_N_B.dspadpcm.bfstm,7299,7296,2.217,2.283,0.718,0.971,confirmed
Y5_01_N_C,Y5_01_N_C.dspadpcm.bfstm,7300,7297,2.135,2.219,0.718,0.962,confirmed
Y5_02_E_A,Y5_02_E_A.dspadpcm.bfstm,7301,7301,1.46,1.28,0.898,0.877,confirmed
Y5_02_E_B,Y5_02_E_B.dspadpcm.bfstm,7302,7302,1.164,1.259,0.898,0.925,confirmed
Y5_02_E_C,Y5_02_E_C.dspadpcm.bfstm,7307,7303,1.25,1.28,0.898,0.977,confirmed
Y5_02_N_A,Y5_02_N_A.dspadpcm.bfstm,7308,7307,1.46,1.365,0.898,0.935,confirmed
Y5_02_N_B,Y5_02_N_B.dspadpcm.bfstm,7310,7308,1.164,1.408,0.898,0.827,confirmed
Y5_02_N_C,Y5_02_N_C.dspadpcm.bfstm,7311,7309,1.25,1.493,0.893,0.837,confirmed
Y5_03_E_A,Y5_03_E_A.dspadpcm.bfstm,7313,7313,3.973,3.499,0.787,0.881,confirmed
Y5_03_E_B,Y5_03_E_B.dspadpcm.bfstm,7316,7315,3.814,3.797,0.787,0.996,confirmed
Y5_03_E_C,Y5_03_E_C.dspadpcm.bfstm,7318,7316,4.1,3.563,0.786,0.869,confirmed
Y5_03_N_A,Y5_03_N_A.dspadpcm.bfstm,7322,7320,3.973,3.797,0.786,0.956,confirmed
Y5_03_N_B,Y5_03_N_B.dspadpcm.bfstm,7323,7321,3.814,3.563,0.78,0.934,confirmed
Y5_03_N_C,Y5_03_N_C.dspadpcm.bfstm,7324,7322,4.1,3.563,0.786,0.869,confirmed
Y5_04_E_A,Y5_04_E_A.dspadpcm.bfstm,7325,7326,0.671,1.152,,0.582,no-speech-nomatch
Y5_04_E_B,Y5_04_E_B.dspadpcm.bfstm,7326,7327,0.922,0.939,,0.982,no-speech-durmatch
Y5_04_E_C,Y5_04_E_C.dspadpcm.bfstm,7327,7329,0.696,1.173,0.622,0.593,confirmed
Y5_04_N_A,Y5_04_N_A.dspadpcm.bfstm,7331,7333,0.671,1.152,0.675,0.582,confirmed
Y5_04_N_B,Y5_04_N_B.dspadpcm.bfstm,7332,7334,0.922,1.024,0.672,0.9,confirmed
Y5_04_N_C,Y5_04_N_C.dspadpcm.bfstm,7333,7335,0.696,1.173,0.404,0.593,no-match
Y5_05_E_A,Y5_05_E_A.dspadpcm.bfstm,7335,7339,1.003,1.109,0.503,0.904,confirmed
Y5_05_E_B,Y5_05_E_B.dspadpcm.bfstm,7336,7340,1.345,1.28,0.595,0.952,confirmed
Y5_05_E_C,Y5_05_E_C.dspadpcm.bfstm,7337,7341,1.149,1.152,,0.997,no-speech-durmatch
Y5_05_N_A,Y5_05_N_A.dspadpcm.bfstm,7344,7345,1.003,1.045,0.667,0.96,confirmed
Y5_05_N_B,Y5_05_N_B.dspadpcm.bfstm,7345,7346,1.345,1.067,0.462,0.793,confirmed
Y5_05_N_C,Y5_05_N_C.dspadpcm.bfstm,7347,7347,1.149,1.131,0.667,0.984,confirmed
Y5_06_E_A,Y5_06_E_A.dspadpcm.bfstm,7348,7351,1.18,1.152,,0.976,no-speech-durmatch
Y5_06_E_B,Y5_06_E_B.dspadpcm.bfstm,7349,7352,1.62,1.728,,0.938,no-speech-durmatch
Y5_06_E_C,Y5_06_E_C.dspadpcm.bfstm,7350,7353,1.558,1.515,,0.972,no-speech-durmatch
Y5_06_N_A,Y5_06_N_A.dspadpcm.bfstm,7353,7357,1.18,1.643,0.62,0.718,confirmed
Y5_06_N_B,Y5_06_N_B.dspadpcm.bfstm,7355,7358,1.62,1.728,0.781,0.938,confirmed
Y5_06_N_C,Y5_06_N_C.dspadpcm.bfstm,7356,7359,1.558,1.643,,0.948,no-speech-durmatch
Y5_07_E_A,Y5_07_E_A.dspadpcm.bfstm,7366,7363,1.765,2.048,0.873,0.862,confirmed
Y5_07_E_B,Y5_07_E_B.dspadpcm.bfstm,7367,7364,2.101,2.027,0.821,0.965,confirmed
Y5_07_E_C,Y5_07_E_C.dspadpcm.bfstm,7368,7365,1.615,2.048,0.821,0.789,confirmed
Y5_07_N_A,Y5_07_N_A.dspadpcm.bfstm,7369,7369,1.765,1.877,0.834,0.94,confirmed
Y5_07_N_B,Y5_07_N_B.dspadpcm.bfstm,7370,7370,2.101,2.219,0.834,0.947,confirmed
Y5_07_N_C,Y5_07_N_C.dspadpcm.bfstm,7371,7371,1.615,2.219,0.834,0.728,confirmed
Y5_08_E_A,Y5_08_E_A.dspadpcm.bfstm,7378,7375,1.117,1.088,0.671,0.974,confirmed
Y5_08_E_B,Y5_08_E_B.dspadpcm.bfstm,7380,7376,1.249,1.195,0.671,0.957,confirmed
Y5_08_E_C,Y5_08_E_C.dspadpcm.bfstm,7383,7377,1.362,1.301,0.671,0.955,confirmed
Y5_08_N_A,Y5_08_N_A.dspadpcm.bfstm,7386,7381,1.117,0.789,0.515,0.706,confirmed
Y5_08_N_B,Y5_08_N_B.dspadpcm.bfstm,7387,7382,1.249,0.832,0.512,0.666,confirmed
Y5_08_N_C,Y5_08_N_C.dspadpcm.bfstm,7388,7383,1.362,1.003,0.542,0.736,confirmed
Y5_09_E_A,Y5_09_E_A.dspadpcm.bfstm,7390,7387,0.88,0.917,0.597,0.96,confirmed
Y5_09_E_B,Y5_09_E_B.dspadpcm.bfstm,7391,7388,1.249,0.917,0.555,0.734,confirmed
Y5_09_E_C,Y5_09_E_C.dspadpcm.bfstm,7392,7389,0.822,0.875,0.597,0.939,confirmed
Y5_09_N_A,Y5_09_N_A.dspadpcm.bfstm,7393,7393,0.88,0.832,0.597,0.945,confirmed
Y5_09_N_B,Y5_09_N_B.dspadpcm.bfstm,7394,7394,1.249,1.003,0.555,0.803,confirmed
Y5_09_N_C,Y5_09_N_C.dspadpcm.bfstm,7395,7395,0.822,0.939,0.597,0.875,confirmed
Y5_10_E_A,Y5_10_E_A.dspadpcm.bfstm,7398,7399,1.392,1.536,,0.906,no-speech-durmatch
Y5_10_E_B,Y5_10_E_B.dspadpcm.bfstm,7400,7400,2.034,2.048,0.443,0.993,low-confidence
Y5_10_E_C,Y5_10_E_C.dspadpcm.bfstm,7402,7401,1.925,1.899,,0.986,no-speech-durmatch
Y5_10_N_A,Y5_10_N_A.dspadpcm.bfstm,7404,7405,1.392,1.685,0.678,0.826,confirmed
Y5_10_N_B,Y5_10_N_B.dspadpcm.bfstm,7406,7406,2.034,2.048,0.678,0.993,confirmed
Y5_10_N_C,Y5_10_N_C.dspadpcm.bfstm,7408,7407,1.925,1.899,0.678,0.986,confirmed
Y5_11_E_A,Y5_11_E_A.dspadpcm.bfstm,7410,7411,1.289,1.771,,0.728,no-speech-nomatch
Y5_11_E_B,Y5_11_E_B.dspadpcm.bfstm,7415,7412,2.09,2.133,,0.98,no-speech-durmatch
Y5_11_E_C,Y5_11_E_C.dspadpcm.bfstm,7416,7413,1.821,1.941,,0.938,no-speech-durmatch
Y5_11_N_A,Y5_11_N_A.dspadpcm.bfstm,7417,7417,1.289,1.835,0.419,0.702,low-confidence
Y5_11_N_B,Y5_11_N_B.dspadpcm.bfstm,7419,7418,2.09,2.091,0.621,1.0,confirmed
Y5_11_N_C,Y5_11_N_C.dspadpcm.bfstm,7420,7419,1.821,1.984,0.483,0.918,confirmed
Y6_01_E_A,Y6_01_E_A.dspadpcm.bfstm,7421,7423,1.164,1.344,0.896,0.866,confirmed
Y6_01_E_B,Y6_01_E_B.dspadpcm.bfstm,7424,7424,1.798,1.451,0.877,0.807,confirmed
Y6_01_E_C,Y6_01_E_C.dspadpcm.bfstm,7425,7425,1.092,1.365,0.839,0.8,confirmed
Y6_01_N_A,Y6_01_N_A.dspadpcm.bfstm,7428,7429,1.164,1.365,0.784,0.853,confirmed
Y6_01_N_B,Y6_01_N_B.dspadpcm.bfstm,7429,7430,1.798,1.429,0.86,0.795,confirmed
Y6_01_N_C,Y6_01_N_C.dspadpcm.bfstm,7432,7431,1.092,1.557,0.784,0.701,confirmed
Y6_02_E_A,Y6_02_E_A.dspadpcm.bfstm,7439,7435,1.223,1.237,0.822,0.989,confirmed
Y6_02_E_B,Y6_02_E_B.dspadpcm.bfstm,7441,7436,2.029,1.387,0.861,0.684,confirmed
Y6_02_E_C,Y6_02_E_C.dspadpcm.bfstm,7442,7437,1.11,1.344,,0.826,no-speech-durmatch
Y6_02_N_A,Y6_02_N_A.dspadpcm.bfstm,7443,7441,1.223,1.387,0.861,0.882,confirmed
Y6_02_N_B,Y6_02_N_B.dspadpcm.bfstm,7444,7442,2.029,1.515,0.861,0.747,confirmed
Y6_02_N_C,Y6_02_N_C.dspadpcm.bfstm,7446,7443,1.11,1.067,0.597,0.961,confirmed
Y6_03_E_A,Y6_03_E_A.dspadpcm.bfstm,7447,7447,1.171,1.173,0.651,0.998,confirmed
Y6_03_E_B,Y6_03_E_B.dspadpcm.bfstm,7450,7448,2.123,1.28,0.679,0.603,confirmed
Y6_03_E_C,Y6_03_E_C.dspadpcm.bfstm,7451,7449,1.275,1.259,,0.987,no-speech-durmatch
Y6_03_N_A,Y6_03_N_A.dspadpcm.bfstm,7452,7453,1.171,1.173,0.651,0.998,confirmed
Y6_03_N_B,Y6_03_N_B.dspadpcm.bfstm,7460,7454,2.123,1.472,0.661,0.693,confirmed
Y6_03_N_C,Y6_03_N_C.dspadpcm.bfstm,7461,7455,1.275,1.344,0.644,0.949,confirmed
Y6_04_E_A,Y6_04_E_A.dspadpcm.bfstm,7462,7459,1.313,1.323,,0.992,no-speech-durmatch
Y6_04_E_B,Y6_04_E_B.dspadpcm.bfstm,7466,7460,2.189,1.472,0.663,0.672,confirmed
Y6_04_E_C,Y6_04_E_C.dspadpcm.bfstm,7469,7461,1.376,1.536,0.904,0.896,confirmed
Y6_04_N_A,Y6_04_N_A.dspadpcm.bfstm,7470,7465,1.313,1.323,0.688,0.992,confirmed
Y6_04_N_B,Y6_04_N_B.dspadpcm.bfstm,7471,7466,2.189,1.429,0.618,0.653,confirmed
Y6_04_N_C,Y6_04_N_C.dspadpcm.bfstm,7473,7467,1.376,1.429,0.722,0.963,confirmed
Y6_05_E_A,Y6_05_E_A.dspadpcm.bfstm,7476,7471,1.396,1.429,0.439,0.977,low-confidence
Y6_05_E_B,Y6_05_E_B.dspadpcm.bfstm,7478,7472,2.224,1.664,,0.748,no-speech-nomatch
Y6_05_E_C,Y6_05_E_C.dspadpcm.bfstm,7479,7473,1.473,1.557,0.283,0.946,no-match
Y6_05_N_A,Y6_05_N_A.dspadpcm.bfstm,7481,7477,1.396,1.408,0.882,0.991,confirmed
Y6_05_N_B,Y6_05_N_B.dspadpcm.bfstm,7483,7478,2.224,1.323,0.562,0.595,confirmed
Y6_05_N_C,Y6_05_N_C.dspadpcm.bfstm,7484,7479,1.473,1.536,0.866,0.959,confirmed
Y6_06_E_A,Y6_06_E_A.dspadpcm.bfstm,7485,7483,1.324,1.301,0.819,0.983,confirmed
Y6_06_E_B,Y6_06_E_B.dspadpcm.bfstm,7486,7484,2.066,1.429,0.888,0.692,confirmed
Y6_06_E_C,Y6_06_E_C.dspadpcm.bfstm,7487,7485,1.384,1.408,0.888,0.983,confirmed
Y6_06_N_A,Y6_06_N_A.dspadpcm.bfstm,7488,7489,1.324,1.323,0.888,0.999,confirmed
Y6_06_N_B,Y6_06_N_B.dspadpcm.bfstm,7490,7490,2.066,1.536,0.888,0.743,confirmed
Y6_06_N_C,Y6_06_N_C.dspadpcm.bfstm,7491,7491,1.384,1.429,0.888,0.969,confirmed
Y6_07_E_A,Y6_07_E_A.dspadpcm.bfstm,7492,7495,1.427,1.429,,0.999,no-speech-durmatch
Y6_07_E_B,Y6_07_E_B.dspadpcm.bfstm,7496,7496,1.994,1.728,0.871,0.867,confirmed
Y6_07_E_C,Y6_07_E_C.dspadpcm.bfstm,7497,7497,1.458,1.493,,0.977,no-speech-durmatch
Y6_07_N_A,Y6_07_N_A.dspadpcm.bfstm,7500,7501,1.427,1.493,0.939,0.956,confirmed
Y6_07_N_B,Y6_07_N_B.dspadpcm.bfstm,7502,7502,1.994,1.728,0.939,0.867,confirmed
Y6_07_N_C,Y6_07_N_C.dspadpcm.bfstm,7503,7503,1.458,1.621,0.928,0.899,confirmed
Y6_08_E_A,Y6_08_E_A.dspadpcm.bfstm,7505,7507,1.306,1.344,,0.972,no-speech-durmatch
Y6_08_E_B,Y6_08_E_B.dspadpcm.bfstm,7508,7508,2.261,1.472,0.66,0.651,confirmed
Y6_08_E_C,Y6_08_E_C.dspadpcm.bfstm,7509,7509,1.581,1.365,0.888,0.863,confirmed
Y6_08_N_A,Y6_08_N_A.dspadpcm.bfstm,7511,7513,1.306,1.344,0.891,0.972,confirmed
Y6_08_N_B,Y6_08_N_B.dspadpcm.bfstm,7514,7514,2.261,1.472,0.376,0.651,low-confidence
Y6_08_N_C,Y6_08_N_C.dspadpcm.bfstm,7517,7515,1.581,1.579,0.756,0.999,confirmed
Y6_09_E_A,Y6_09_E_A.dspadpcm.bfstm,7518,7519,1.415,1.451,,0.975,no-speech-durmatch
Y6_09_E_B,Y6_09_E_B.dspadpcm.bfstm,7520,7520,2.464,1.707,0.66,0.693,confirmed
Y6_09_E_C,Y6_09_E_C.dspadpcm.bfstm,7521,7521,1.727,1.557,0.705,0.902,confirmed
Y6_09_N_A,Y6_09_N_A.dspadpcm.bfstm,7522,7525,1.415,1.387,0.705,0.98,confirmed
Y6_09_N_B,Y6_09_N_B.dspadpcm.bfstm,7526,7526,2.464,1.707,0.705,0.693,confirmed
Y6_09_N_C,Y6_09_N_C.dspadpcm.bfstm,7527,7527,1.727,1.707,0.705,0.988,confirmed
Y6_10_E_A,Y6_10_E_A.dspadpcm.bfstm,7534,7531,1.222,1.259,0.454,0.971,confirmed
Y6_10_E_B,Y6_10_E_B.dspadpcm.bfstm,7535,7532,2.079,1.344,0.953,0.646,confirmed
Y6_10_E_C,Y6_10_E_C.dspadpcm.bfstm,7536,7533,1.524,1.408,0.423,0.924,low-confidence
Y6_10_N_A,Y6_10_N_A.dspadpcm.bfstm,7537,7537,1.222,1.152,0.936,0.943,confirmed
Y6_10_N_B,Y6_10_N_B.dspadpcm.bfstm,7538,7538,2.079,1.472,0.953,0.708,confirmed
Y6_10_N_C,Y6_10_N_C.dspadpcm.bfstm,7539,7539,1.524,1.536,0.953,0.992,confirmed
Y6_11_E_A,Y6_11_E_A.dspadpcm.bfstm,7542,7543,1.421,1.515,,0.938,no-speech-durmatch
Y6_11_E_B,Y6_11_E_B.dspadpcm.bfstm,7544,7544,2.186,1.792,0.602,0.82,confirmed
Y6_11_E_C,Y6_11_E_C.dspadpcm.bfstm,7545,7545,1.637,1.643,,0.996,no-speech-durmatch
Y6_11_N_A,Y6_11_N_A.dspadpcm.bfstm,7547,7549,1.421,1.643,0.586,0.865,confirmed
Y6_11_N_B,Y6_11_N_B.dspadpcm.bfstm,7550,7550,2.186,1.792,0.586,0.82,confirmed
Y6_11_N_C,Y6_11_N_C.dspadpcm.bfstm,7553,7551,1.637,1.664,0.661,0.984,confirmed
Y6_12_E_A,Y6_12_E_A.dspadpcm.bfstm,7555,7555,1.287,1.515,0.665,0.85,confirmed
Y6_12_E_B,Y6_12_E_B.dspadpcm.bfstm,7556,7556,2.191,1.792,0.702,0.818,confirmed
Y6_12_E_C,Y6_12_E_C.dspadpcm.bfstm,7560,7557,1.314,1.493,0.582,0.88,confirmed
Y6_12_N_A,Y6_12_N_A.dspadpcm.bfstm,7561,7561,1.287,1.515,0.784,0.85,confirmed
Y6_12_N_B,Y6_12_N_B.dspadpcm.bfstm,7562,7562,2.191,1.792,0.555,0.818,confirmed
Y6_12_N_C,Y6_12_N_C.dspadpcm.bfstm,7563,7563,1.314,1.621,0.921,0.811,confirmed
Y6_13_E_A,Y6_13_E_A.dspadpcm.bfstm,7566,7567,1.363,1.365,,0.999,no-speech-durmatch
Y6_13_E_B,Y6_13_E_B.dspadpcm.bfstm,7569,7568,2.266,1.493,0.598,0.659,confirmed
Y6_13_E_C,Y6_13_E_C.dspadpcm.bfstm,7571,7569,1.592,1.685,0.676,0.945,confirmed
Y6_13_N_A,Y6_13_N_A.dspadpcm.bfstm,7572,7573,1.363,1.493,0.676,0.913,confirmed
Y6_13_N_B,Y6_13_N_B.dspadpcm.bfstm,7574,7574,2.266,1.813,0.677,0.8,confirmed
Y6_13_N_C,Y6_13_N_C.dspadpcm.bfstm,7575,7575,1.592,1.621,0.676,0.982,confirmed
Y6_14_E_A,Y6_14_E_A.dspadpcm.bfstm,7578,7579,1.498,1.621,,0.924,no-speech-durmatch
Y6_14_E_B,Y6_14_E_B.dspadpcm.bfstm,7581,7580,2.31,1.749,0.611,0.757,confirmed
Y6_14_E_C,Y6_14_E_C.dspadpcm.bfstm,7584,7581,1.74,1.749,,0.995,no-speech-durmatch
Y6_14_N_A,Y6_14_N_A.dspadpcm.bfstm,7590,7585,1.498,1.557,0.719,0.962,confirmed
Y6_14_N_B,Y6_14_N_B.dspadpcm.bfstm,7592,7586,2.31,1.792,0.554,0.776,confirmed
Y6_14_N_C,Y6_14_N_C.dspadpcm.bfstm,7593,7587,1.74,1.685,0.675,0.968,confirmed
Y6_15_E_A,Y6_15_E_A.dspadpcm.bfstm,7595,7591,1.527,1.664,0.581,0.918,confirmed
Y6_15_E_B,Y6_15_E_B.dspadpcm.bfstm,7596,7592,2.578,1.685,0.572,0.654,confirmed
Y6_15_E_C,Y6_15_E_C.dspadpcm.bfstm,7597,7593,1.635,1.621,0.536,0.991,confirmed
Y6_15_N_A,Y6_15_N_A.dspadpcm.bfstm,7598,7597,1.527,1.792,0.581,0.852,confirmed
Y6_15_N_B,Y6_15_N_B.dspadpcm.bfstm,7599,7598,2.578,1.835,0.497,0.712,confirmed
Y6_15_N_C,Y6_15_N_C.dspadpcm.bfstm,7600,7599,1.635,1.749,0.581,0.935,confirmed
Y6_16_E_A,Y6_16_E_A.dspadpcm.bfstm,7601,7603,1.603,1.707,0.624,0.939,confirmed
Y6_16_E_B,Y6_16_E_B.dspadpcm.bfstm,7606,7604,2.304,1.813,0.62,0.787,confirmed
Y6_16_E_C,Y6_16_E_C.dspadpcm.bfstm,7607,7605,1.659,1.707,0.749,0.972,confirmed
Y6_16_N_A,Y6_16_N_A.dspadpcm.bfstm,7608,7609,1.603,1.6,0.749,0.998,confirmed
Y6_16_N_B,Y6_16_N_B.dspadpcm.bfstm,7610,7610,2.304,1.856,0.642,0.806,confirmed
Y6_16_N_C,Y6_16_N_C.dspadpcm.bfstm,7611,7611,1.659,1.728,0.62,0.96,confirmed
Y6_17_E_A,Y6_17_E_A.dspadpcm.bfstm,7613,7616,1.627,1.557,0.719,0.957,confirmed
Y6_17_E_B,Y6_17_E_B.dspadpcm.bfstm,7616,7618,2.475,1.685,0.592,0.681,confirmed
Y6_17_E_C,Y6_17_E_C.dspadpcm.bfstm,7617,7619,1.552,1.301,0.48,0.838,confirmed
Y6_17_N_A,Y6_17_N_A.dspadpcm.bfstm,7619,7623,1.627,1.557,0.481,0.957,confirmed
Y6_17_N_B,Y6_17_N_B.dspadpcm.bfstm,7621,7624,2.475,1.707,0.801,0.69,confirmed
Y6_17_N_C,Y6_17_N_C.dspadpcm.bfstm,7622,7625,1.552,1.685,0.795,0.921,confirmed
Y6_18_E_A,Y6_18_E_A.dspadpcm.bfstm,7627,7629,1.608,1.899,0.663,0.847,confirmed
Y6_18_E_B,Y6_18_E_B.dspadpcm.bfstm,7630,7630,2.376,2.048,0.657,0.862,confirmed
Y6_18_E_C,Y6_18_E_C.dspadpcm.bfstm,7631,7631,1.653,1.643,,0.994,no-speech-durmatch
Y6_18_N_A,Y6_18_N_A.dspadpcm.bfstm,7632,7635,1.608,1.323,0.639,0.823,confirmed
Y6_18_N_B,Y6_18_N_B.dspadpcm.bfstm,7633,7636,2.376,1.899,0.639,0.799,confirmed
Y6_18_N_C,Y6_18_N_C.dspadpcm.bfstm,7634,7637,1.653,1.771,0.603,0.933,confirmed
Y6_19_E_A,Y6_19_E_A.dspadpcm.bfstm,7639,7641,1.648,1.877,0.485,0.878,confirmed
Y6_19_E_B,Y6_19_E_B.dspadpcm.bfstm,7642,7642,2.467,2.027,0.513,0.822,confirmed
Y6_19_E_C,Y6_19_E_C.dspadpcm.bfstm,7645,7643,1.779,1.877,0.472,0.948,confirmed
Y6_19_N_A,Y6_19_N_A.dspadpcm.bfstm,7647,7647,1.648,1.664,0.707,0.99,confirmed
Y6_19_N_B,Y6_19_N_B.dspadpcm.bfstm,7648,7648,2.467,2.027,0.551,0.822,confirmed
Y6_19_N_C,Y6_19_N_C.dspadpcm.bfstm,7653,7649,1.779,1.429,0.558,0.803,confirmed
Y6_20_E_A,Y6_20_E_A.dspadpcm.bfstm,7654,7653,1.672,2.069,0.564,0.808,confirmed
Y6_20_E_B,Y6_20_E_B.dspadpcm.bfstm,7657,7654,2.606,1.899,0.842,0.729,confirmed
Y6_20_E_C,Y6_20_E_C.dspadpcm.bfstm,7658,7655,1.827,1.963,0.776,0.931,confirmed
Y6_20_N_A,Y6_20_N_A.dspadpcm.bfstm,7659,7659,1.672,1.557,0.842,0.931,confirmed
Y6_20_N_B,Y6_20_N_B.dspadpcm.bfstm,7660,7660,2.606,2.069,0.75,0.794,confirmed
Y6_20_N_C,Y6_20_N_C.dspadpcm.bfstm,7663,7661,1.827,1.835,0.748,0.996,confirmed
Y6_21_E_A,Y6_21_E_A.dspadpcm.bfstm,7665,7665,1.565,1.493,0.457,0.954,confirmed
Y6_21_E_B,Y6_21_E_B.dspadpcm.bfstm,7666,7666,2.681,1.984,0.866,0.74,confirmed
Y6_21_E_C,Y6_21_E_C.dspadpcm.bfstm,7667,7667,1.755,1.728,0.819,0.985,confirmed
Y6_21_N_A,Y6_21_N_A.dspadpcm.bfstm,7668,7671,1.565,1.493,0.853,0.954,confirmed
Y6_21_N_B,Y6_21_N_B.dspadpcm.bfstm,7670,7672,2.681,1.877,0.882,0.7,confirmed
Y6_21_N_C,Y6_21_N_C.dspadpcm.bfstm,7671,7673,1.755,1.621,0.785,0.924,confirmed
Y6_22_E_A,Y6_22_E_A.dspadpcm.bfstm,7673,7677,1.715,1.984,0.532,0.864,confirmed
Y6_22_E_B,Y6_22_E_B.dspadpcm.bfstm,7675,7678,2.576,1.92,0.898,0.745,confirmed
Y6_22_E_C,Y6_22_E_C.dspadpcm.bfstm,7676,7679,1.837,2.155,0.578,0.852,confirmed
Y6_22_N_A,Y6_22_N_A.dspadpcm.bfstm,7680,7683,1.715,1.707,0.898,0.995,confirmed
Y6_22_N_B,Y6_22_N_B.dspadpcm.bfstm,7682,7684,2.576,2.155,0.898,0.837,confirmed
Y6_22_N_C,Y6_22_N_C.dspadpcm.bfstm,7683,7685,1.837,1.856,0.845,0.99,confirmed
Y6_23_E_A,Y6_23_E_A.dspadpcm.bfstm,7685,7689,1.584,1.813,0.584,0.874,confirmed
Y6_23_E_B,Y6_23_E_B.dspadpcm.bfstm,7687,7690,2.677,1.728,0.567,0.645,confirmed
Y6_23_E_C,Y6_23_E_C.dspadpcm.bfstm,7688,7691,1.859,1.963,0.581,0.947,confirmed
Y6_23_N_A,Y6_23_N_A.dspadpcm.bfstm,7693,7695,1.584,1.728,0.567,0.917,confirmed
Y6_23_N_B,Y6_23_N_B.dspadpcm.bfstm,7694,7696,2.677,1.963,0.567,0.733,confirmed
Y6_23_N_C,Y6_23_N_C.dspadpcm.bfstm,7696,7697,1.859,1.877,0.468,0.99,confirmed
Y6_24_E_A,Y6_24_E_A.dspadpcm.bfstm,7697,7701,1.72,1.877,0.509,0.916,confirmed
Y6_24_E_B,Y6_24_E_B.dspadpcm.bfstm,7699,7702,2.86,1.899,0.554,0.664,confirmed
Y6_24_E_C,Y6_24_E_C.dspadpcm.bfstm,7705,7703,2.177,1.899,0.554,0.872,confirmed
Y6_24_N_A,Y6_24_N_A.dspadpcm.bfstm,7707,7707,1.72,1.643,0.557,0.955,confirmed
Y6_24_N_B,Y6_24_N_B.dspadpcm.bfstm,7709,7708,2.86,1.579,0.615,0.552,confirmed
Y6_24_N_C,Y6_24_N_C.dspadpcm.bfstm,7710,7709,2.177,1.301,0.681,0.598,confirmed
Y7_01_E_A,Y7_01_E_A.dspadpcm.bfstm,7711,7713,1.513,1.749,0.924,0.865,confirmed
Y7_01_E_B,Y7_01_E_B.dspadpcm.bfstm,7712,7714,2.258,1.728,0.649,0.765,confirmed
Y7_01_E_C,Y7_01_E_C.dspadpcm.bfstm,7715,7715,1.512,1.579,0.824,0.958,confirmed
Y7_01_N_A,Y7_01_N_A.dspadpcm.bfstm,7716,7719,1.513,1.408,0.901,0.931,confirmed
Y7_01_N_B,Y7_01_N_B.dspadpcm.bfstm,7717,7720,2.258,1.749,0.839,0.775,confirmed
Y7_01_N_C,Y7_01_N_C.dspadpcm.bfstm,7718,7721,1.512,1.728,0.824,0.875,confirmed
Y7_02_E_A,Y7_02_E_A.dspadpcm.bfstm,7719,7725,1.792,1.536,0.301,0.857,low-confidence
Y7_02_E_B,Y7_02_E_B.dspadpcm.bfstm,7721,7726,2.613,1.963,0.514,0.751,confirmed
Y7_02_E_C,Y7_02_E_C.dspadpcm.bfstm,7722,7727,1.856,1.536,0.478,0.828,confirmed
Y7_02_N_A,Y7_02_N_A.dspadpcm.bfstm,7725,7731,1.792,1.664,0.588,0.929,confirmed
Y7_02_N_B,Y7_02_N_B.dspadpcm.bfstm,7726,7732,2.613,2.133,0.51,0.816,confirmed
Y7_02_N_C,Y7_02_N_C.dspadpcm.bfstm,7733,7733,1.856,1.835,0.509,0.989,confirmed
Y7_03_E_A,Y7_03_E_A.dspadpcm.bfstm,7736,7737,1.611,2.005,0.89,0.803,confirmed
Y7_03_E_B,Y7_03_E_B.dspadpcm.bfstm,7738,7738,2.496,2.133,0.805,0.855,confirmed
Y7_03_E_C,Y7_03_E_C.dspadpcm.bfstm,7739,7739,1.733,1.835,0.755,0.944,confirmed
Y7_03_N_A,Y7_03_N_A.dspadpcm.bfstm,7740,7743,1.611,1.685,0.88,0.956,confirmed
Y7_03_N_B,Y7_03_N_B.dspadpcm.bfstm,7742,7744,2.496,2.005,0.89,0.803,confirmed
Y7_03_N_C,Y7_03_N_C.dspadpcm.bfstm,7743,7745,1.733,1.835,0.88,0.944,confirmed
Y7_04_E_A,Y7_04_E_A.dspadpcm.bfstm,7746,7749,1.79,1.664,0.591,0.93,confirmed
Y7_04_E_B,Y7_04_E_B.dspadpcm.bfstm,7750,7750,2.517,2.048,0.437,0.814,low-confidence
Y7_04_E_C,Y7_04_E_C.dspadpcm.bfstm,7751,7751,1.739,1.792,0.579,0.97,confirmed
Y7_04_N_A,Y7_04_N_A.dspadpcm.bfstm,7752,7755,1.79,1.813,0.556,0.987,confirmed
Y7_04_N_B,Y7_04_N_B.dspadpcm.bfstm,7755,7756,2.517,1.963,0.563,0.78,confirmed
Y7_04_N_C,Y7_04_N_C.dspadpcm.bfstm,7761,7757,1.739,1.792,0.57,0.97,confirmed
Y7_05_E_A,Y7_05_E_A.dspadpcm.bfstm,7762,7761,1.835,2.347,0.542,0.782,confirmed
Y7_05_E_B,Y7_05_E_B.dspadpcm.bfstm,7765,7762,2.811,2.155,0.514,0.767,confirmed
Y7_05_E_C,Y7_05_E_C.dspadpcm.bfstm,7767,7763,1.987,1.941,,0.977,no-speech-durmatch
Y7_05_N_A,Y7_05_N_A.dspadpcm.bfstm,7769,7767,1.835,1.984,0.702,0.925,confirmed
Y7_05_N_B,Y7_05_N_B.dspadpcm.bfstm,7772,7768,2.811,2.155,0.673,0.767,confirmed
Y7_05_N_C,Y7_05_N_C.dspadpcm.bfstm,7773,7769,1.987,1.749,0.672,0.88,confirmed
Y7_06_E_A,Y7_06_E_A.dspadpcm.bfstm,7774,7773,1.855,2.133,0.742,0.87,confirmed
Y7_06_E_B,Y7_06_E_B.dspadpcm.bfstm,7775,7774,2.954,1.984,0.385,0.672,low-confidence
Y7_06_E_C,Y7_06_E_C.dspadpcm.bfstm,7776,7775,2.009,1.749,0.385,0.871,low-confidence
Y7_06_N_A,Y7_06_N_A.dspadpcm.bfstm,7777,7779,1.855,1.963,0.709,0.945,confirmed
Y7_06_N_B,Y7_06_N_B.dspadpcm.bfstm,7778,7780,2.954,2.155,0.632,0.73,confirmed
Y7_06_N_C,Y7_06_N_C.dspadpcm.bfstm,7779,7781,2.009,1.899,0.445,0.945,low-confidence
Y7_07_E_A,Y7_07_E_A.dspadpcm.bfstm,7783,7785,1.706,1.792,0.782,0.952,confirmed
Y7_07_E_B,Y7_07_E_B.dspadpcm.bfstm,7784,7786,2.413,1.963,0.843,0.814,confirmed
Y7_07_E_C,Y7_07_E_C.dspadpcm.bfstm,7786,7787,2.055,1.941,0.853,0.945,confirmed
Y7_07_N_A,Y7_07_N_A.dspadpcm.bfstm,7788,7791,1.706,1.749,0.823,0.975,confirmed
Y7_07_N_B,Y7_07_N_B.dspadpcm.bfstm,7789,7792,2.413,1.792,0.906,0.743,confirmed
Y7_07_N_C,Y7_07_N_C.dspadpcm.bfstm,7792,7793,2.055,1.941,0.858,0.945,confirmed
Y7_08_E_A,Y7_08_E_A.dspadpcm.bfstm,7794,7797,1.707,1.28,0.819,0.75,confirmed
Y7_08_E_B,Y7_08_E_B.dspadpcm.bfstm,7796,7798,2.544,1.792,0.746,0.704,confirmed
Y7_08_E_C,Y7_08_E_C.dspadpcm.bfstm,7798,7799,2.253,1.792,0.794,0.795,confirmed
Y7_08_N_A,Y7_08_N_A.dspadpcm.bfstm,7799,7803,1.707,1.664,0.82,0.975,confirmed
Y7_08_N_B,Y7_08_N_B.dspadpcm.bfstm,7802,7804,2.544,1.792,0.82,0.704,confirmed
Y7_08_N_C,Y7_08_N_C.dspadpcm.bfstm,7804,7805,2.253,1.792,0.836,0.795,confirmed
Y7_09_E_A,Y7_09_E_A.dspadpcm.bfstm,7818,7809,1.72,1.493,0.699,0.868,confirmed
Y7_09_E_B,Y7_09_E_B.dspadpcm.bfstm,7820,7810,2.576,1.984,0.824,0.77,confirmed
Y7_09_E_C,Y7_09_E_C.dspadpcm.bfstm,7821,7811,2.261,1.621,0.841,0.717,confirmed
Y7_09_N_A,Y7_09_N_A.dspadpcm.bfstm,7825,7815,1.72,1.771,0.787,0.971,confirmed
Y7_09_N_B,Y7_09_N_B.dspadpcm.bfstm,7832,7816,2.576,2.091,0.74,0.812,confirmed
Y7_09_N_C,Y7_09_N_C.dspadpcm.bfstm,7834,7817,2.261,2.133,0.744,0.943,confirmed
Y7_10_E_A,Y7_10_E_A.dspadpcm.bfstm,7836,7821,1.731,1.579,0.699,0.912,confirmed
Y7_10_E_B,Y7_10_E_B.dspadpcm.bfstm,7837,7822,2.667,1.963,0.747,0.736,confirmed
Y7_10_E_C,Y7_10_E_C.dspadpcm.bfstm,7838,7823,2.299,2.091,0.752,0.91,confirmed
Y7_10_N_A,Y7_10_N_A.dspadpcm.bfstm,7839,7827,1.731,1.728,0.823,0.998,confirmed
Y7_10_N_B,Y7_10_N_B.dspadpcm.bfstm,7840,7828,2.667,2.133,0.726,0.8,confirmed
Y7_10_N_C,Y7_10_N_C.dspadpcm.bfstm,7841,7829,2.299,1.835,0.788,0.798,confirmed
Y7_11_E_A,Y7_11_E_A.dspadpcm.bfstm,7842,7833,1.715,1.387,0.818,0.809,confirmed
Y7_11_E_B,Y7_11_E_B.dspadpcm.bfstm,7843,7834,2.871,1.792,0.833,0.624,confirmed
Y7_11_E_C,Y7_11_E_C.dspadpcm.bfstm,7844,7835,2.301,1.984,0.892,0.862,confirmed
Y7_11_N_A,Y7_11_N_A.dspadpcm.bfstm,7845,7839,1.715,1.493,0.912,0.871,confirmed
Y7_11_N_B,Y7_11_N_B.dspadpcm.bfstm,7846,7840,2.871,1.963,0.719,0.684,confirmed
Y7_11_N_C,Y7_11_N_C.dspadpcm.bfstm,7848,7841,2.301,1.493,0.912,0.649,confirmed
Y7_12_E_A,Y7_12_E_A.dspadpcm.bfstm,7849,7845,1.75,1.792,0.87,0.977,confirmed
Y7_12_E_B,Y7_12_E_B.dspadpcm.bfstm,7850,7846,2.717,1.984,0.874,0.73,confirmed
Y7_12_E_C,Y7_12_E_C.dspadpcm.bfstm,7851,7847,2.39,1.621,0.873,0.678,confirmed
Y7_12_N_A,Y7_12_N_A.dspadpcm.bfstm,7852,7851,1.75,1.963,0.847,0.891,confirmed
Y7_12_N_B,Y7_12_N_B.dspadpcm.bfstm,7854,7852,2.717,1.6,0.853,0.589,confirmed
Y7_12_N_C,Y7_12_N_C.dspadpcm.bfstm,7856,7853,2.39,2.155,0.869,0.902,confirmed
Y7_13_E_A,Y7_13_E_A.dspadpcm.bfstm,7857,7857,1.756,1.728,0.834,0.984,confirmed
Y7_13_E_B,Y7_13_E_B.dspadpcm.bfstm,7858,7858,2.835,2.091,0.92,0.738,confirmed
Y7_13_E_C,Y7_13_E_C.dspadpcm.bfstm,7859,7859,2.392,1.984,0.661,0.829,confirmed
Y7_13_N_A,Y7_13_N_A.dspadpcm.bfstm,7860,7863,1.756,1.728,0.92,0.984,confirmed
Y7_13_N_B,Y7_13_N_B.dspadpcm.bfstm,7862,7864,2.835,2.155,0.92,0.76,confirmed
Y7_13_N_C,Y7_13_N_C.dspadpcm.bfstm,7864,7865,2.392,2.091,0.92,0.874,confirmed
Y7_14_E_A,Y7_14_E_A.dspadpcm.bfstm,7865,7869,1.747,1.707,,0.977,no-speech-durmatch
Y7_14_E_B,Y7_14_E_B.dspadpcm.bfstm,7867,7870,2.643,1.792,0.596,0.678,confirmed
Y7_14_E_C,Y7_14_E_C.dspadpcm.bfstm,7868,7871,2.267,1.856,,0.819,no-speech-durmatch
Y7_14_N_A,Y7_14_N_A.dspadpcm.bfstm,7870,7875,1.747,1.963,0.644,0.89,confirmed
Y7_14_N_B,Y7_14_N_B.dspadpcm.bfstm,7871,7876,2.643,1.707,0.67,0.646,confirmed
Y7_14_N_C,Y7_14_N_C.dspadpcm.bfstm,7873,7877,2.267,1.792,0.66,0.79,confirmed
Y7_15_E_A,Y7_15_E_A.dspadpcm.bfstm,7874,7881,1.912,1.856,0.656,0.971,confirmed
Y7_15_E_B,Y7_15_E_B.dspadpcm.bfstm,7876,7882,2.95,1.963,0.72,0.665,confirmed
Y7_15_E_C,Y7_15_E_C.dspadpcm.bfstm,7891,7883,2.418,1.643,0.629,0.679,confirmed
Y7_15_N_A,Y7_15_N_A.dspadpcm.bfstm,7892,7887,1.912,1.728,0.788,0.904,confirmed
Y7_15_N_B,Y7_15_N_B.dspadpcm.bfstm,7893,7888,2.95,1.429,0.778,0.484,no-match
Y7_15_N_C,Y7_15_N_C.dspadpcm.bfstm,7895,7889,2.418,1.6,0.763,0.662,confirmed
Y7_16_E_A,Y7_16_E_A.dspadpcm.bfstm,7896,7893,1.772,1.429,0.95,0.806,confirmed
Y7_16_E_B,Y7_16_E_B.dspadpcm.bfstm,7897,7894,2.835,1.643,0.819,0.58,confirmed
Y7_16_E_C,Y7_16_E_C.dspadpcm.bfstm,7898,7895,2.187,1.728,0.759,0.79,confirmed
Y7_16_N_A,Y7_16_N_A.dspadpcm.bfstm,7899,7899,1.772,1.557,0.95,0.879,confirmed
Y7_16_N_B,Y7_16_N_B.dspadpcm.bfstm,7900,7900,2.835,1.792,0.815,0.632,confirmed
Y7_16_N_C,Y7_16_N_C.dspadpcm.bfstm,7901,7901,2.187,1.92,0.737,0.878,confirmed
Y7_17_E_A,Y7_17_E_A.dspadpcm.bfstm,7902,7905,1.845,1.707,0.786,0.925,confirmed
Y7_17_E_B,Y7_17_E_B.dspadpcm.bfstm,7904,7906,2.424,2.091,0.755,0.863,confirmed
Y7_17_E_C,Y7_17_E_C.dspadpcm.bfstm,7912,7907,2.247,2.176,0.713,0.968,confirmed
Y7_17_N_A,Y7_17_N_A.dspadpcm.bfstm,7913,7911,1.845,2.091,0.734,0.882,confirmed
Y7_17_N_B,Y7_17_N_B.dspadpcm.bfstm,7915,7912,2.424,2.069,0.794,0.854,confirmed
Y7_17_N_C,Y7_17_N_C.dspadpcm.bfstm,7916,7913,2.247,2.283,0.739,0.984,confirmed
Y7_18_E_A,Y7_18_E_A.dspadpcm.bfstm,7917,7917,1.652,1.728,0.707,0.956,confirmed
Y7_18_E_B,Y7_18_E_B.dspadpcm.bfstm,7918,7918,2.619,2.24,0.65,0.855,confirmed
Y7_18_E_C,Y7_18_E_C.dspadpcm.bfstm,7919,7919,2.026,2.091,0.72,0.969,confirmed
Y7_18_N_A,Y7_18_N_A.dspadpcm.bfstm,7920,7923,1.652,1.749,0.91,0.945,confirmed
Y7_18_N_B,Y7_18_N_B.dspadpcm.bfstm,7921,7924,2.619,2.069,0.555,0.79,confirmed
Y7_18_N_C,Y7_18_N_C.dspadpcm.bfstm,7922,7925,2.026,2.283,0.836,0.887,confirmed
Y7_19_E_A,Y7_19_E_A.dspadpcm.bfstm,7923,7929,1.832,1.899,0.704,0.965,confirmed
Y7_19_E_B,Y7_19_E_B.dspadpcm.bfstm,7924,7930,2.759,2.24,0.736,0.812,confirmed
Y7_19_E_C,Y7_19_E_C.dspadpcm.bfstm,7925,7931,2.008,1.92,0.392,0.956,low-confidence
Y7_19_N_A,Y7_19_N_A.dspadpcm.bfstm,7927,7935,1.832,2.027,0.694,0.904,confirmed
Y7_19_N_B,Y7_19_N_B.dspadpcm.bfstm,7930,7936,2.759,2.197,0.636,0.796,confirmed
Y7_19_N_C,Y7_19_N_C.dspadpcm.bfstm,7933,7937,2.008,2.027,0.714,0.991,confirmed
Y7_20_E_A,Y7_20_E_A.dspadpcm.bfstm,7938,7941,1.922,1.835,0.736,0.955,confirmed
Y7_20_E_B,Y7_20_E_B.dspadpcm.bfstm,7942,7942,2.693,2.325,0.77,0.863,confirmed
Y7_20_E_C,Y7_20_E_C.dspadpcm.bfstm,7943,7943,2.244,2.261,0.666,0.992,confirmed
Y7_20_N_A,Y7_20_N_A.dspadpcm.bfstm,7944,7945,1.922,2.005,0.687,0.959,confirmed
Y7_20_N_B,Y7_20_N_B.dspadpcm.bfstm,7946,7946,2.693,2.453,0.695,0.911,confirmed
Y7_20_N_C,Y7_20_N_C.dspadpcm.bfstm,7948,7947,2.244,2.325,0.695,0.965,confirmed
Y7_21_E_A,Y7_21_E_A.dspadpcm.bfstm,7949,7951,1.881,2.176,0.803,0.864,confirmed
Y7_21_E_C,Y7_21_E_C.dspadpcm.bfstm,7955,7952,2.321,2.176,0.803,0.938,confirmed
Y7_21_N_A,Y7_21_N_A.dspadpcm.bfstm,7956,7956,1.881,1.877,0.803,0.998,confirmed
Y7_21_N_B,Y7_21_N_B.dspadpcm.bfstm,7957,7957,2.945,1.963,0.806,0.667,confirmed
Y7_21_N_C,Y7_21_N_C.dspadpcm.bfstm,7959,7958,2.321,2.048,0.803,0.882,confirmed
